proposalId,priority,huvCode,huvName,targetRuleType,completeness,procedureCodes,diagnosisCodes,proposedFields,officialSources,officialQuotes,existingRelation,qualityFlags,decision,decisionNotes
engine_proposal_53cc05d9fb473883e988996d,A,02.02041,"Enjeksiyon, intramusküler (IM), evde",sure,complete,02.02041,,"{""adet"":3,""islemlerGrupMu"":false,""periyotDeger"":1,""sourceSutCode"":""530140"",""surePeriyot"":""G""}",EK-2B HİZMET BAŞI İŞLEM PUAN LİSTESİ (Yür. 02.09.2023).xlsx,Günde üç adetten fazla faturalandırılmaz.,new,,pending,
engine_proposal_af7eac0898fa1da0b95443ba,A,06.11019,Bilgisayarlı dermatoskopi (tüm vücut ben haritasının çıkarılması),sure,complete,06.11019,,"{""adet"":1,""islemlerGrupMu"":false,""periyotDeger"":1,""sourceSutCode"":""700100"",""surePeriyot"":""G""}",EK-2B HİZMET BAŞI İŞLEM PUAN LİSTESİ (Yür. 02.09.2023).xlsx,Günde bir adet faturalandırılır.,new,official_source_locator_or_quote_missing,pending,
engine_proposal_b2d0a72587e2533a0bf97d1a,A,13.35846,Stres testi+Q tip test,sure,complete,13.35846,,"{""adet"":1,""islemlerGrupMu"":false,""periyotDeger"":1,""sourceSutCode"":""704530"",""surePeriyot"":""G""}",EK-2B HİZMET BAŞI İŞLEM PUAN LİSTESİ (Yür. 02.09.2023).xlsx,Günde bir adet faturalandırılır.,new,official_source_locator_or_quote_missing,pending,
engine_proposal_f463ff09327e9c1fe8d97231,A,22.15871,Ekstrapramidal sistem muayenesi,sure,complete,22.15871,,"{""adet"":7,""islemlerGrupMu"":false,""periyotDeger"":1,""sourceSutCode"":""702790"",""surePeriyot"":""G""}",EK-2B HİZMET BAŞI İŞLEM PUAN LİSTESİ (Yür. 02.09.2023).xlsx,Yedi günde bir adet faturalandırılır.,new,,pending,
engine_proposal_4989dd2cfdb08fdb09d6c028,A,23.87487,"Psikometrik ölçekler (Cümle Tamamlama, Good-Enough, CDI ve BDI gibi Özbildirim ölçekleri) (her bir test)",sure,complete,23.87487,,"{""adet"":1,""islemlerGrupMu"":false,""periyotDeger"":1,""sourceSutCode"":""702780"",""surePeriyot"":""Y""}",EK-2B HİZMET BAŞI İŞLEM PUAN LİSTESİ (Yür. 02.09.2023).xlsx,Yılda bir adet faturalandırılır.,new,official_source_locator_or_quote_missing,pending,
engine_proposal_5f967774a1c69841b2bbf83e,A,24.86366,"Multiparametrik prostat MRG, 1.5 Tesla ve üzeri cihazla, yüzeysel sarmal ile",birlikteOdenmez,complete,24.86366|24.80961|24.92001,,"{""evrakBazliMi"":true}",HUV_06052025.xlsx,"Bu işlemle (doğal olarak) birlikte yapılan 24.80961-Difüzyon MR ve 24.92001-MR Dinamik kontrastlı tetkik uygulamaları, işlemin kapsamındadır, ayrıca ücretlenmez. MANYETİK REZONANS GÖRÜNTÜLEME (MR/MRG) - 24.80271: Bir organ/eklem/bölge/alanda yapılan MR incelemesi ile birlikte aynı seansta, aynı/farklı organ/eklem/bölge/alanda MR incelemesi yapılır ise, (incelemenin tümünü kapsayan özel bir tanım yoksa), birimi en büyük olan inceleme biriminin tamamı, sonraki her bir organ, eklem, bölge, alan inceleme biriminin 2/3 ü dikkate alınarak ücretlendirilir. RADYOLOJİ - 24.00001: Radyolojik incelemelerde kullanılan kontrast ilaç ve tıbbi sarf malzeme ücretleri (aksi belirtilmemiş ise) işleme dahil değildir, ayrıca ücretlendirilir. Radyolojik incelemenin değerlendirilmesi, yorumlanması ve raporlandırılması Radyoloji Uzmanı tarafından (mutlaka) yapılmalıdır. Radyoloji uzmanı raporuna adını, diploma ve uzmanlık numarasını yazarak imzalamalıdır. Radyolojik girişimlerde, Genel İlkelerin 00.57882 kod",new,,pending,
engine_proposal_9ff043eb0d676ac7d82bf179,A,24.86423,"Multiparametrik prostat MRG, 1.5 Tesla ve üzeri cihazla, endorektal sarmal ile",birlikteOdenmez,complete,24.86423|24.80961|24.92001,,"{""evrakBazliMi"":true}",HUV_06052025.xlsx,"Bu işlemle (doğal olarak) birlikte yapılan 24.80961-Difüzyon MR ve 24.92001-MR Dinamik kontrastlı tetkik uygulamaları, işlemin kapsamındadır, ayrıca ücretlenmez. MANYETİK REZONANS GÖRÜNTÜLEME (MR/MRG) - 24.80271: Bir organ/eklem/bölge/alanda yapılan MR incelemesi ile birlikte aynı seansta, aynı/farklı organ/eklem/bölge/alanda MR incelemesi yapılır ise, (incelemenin tümünü kapsayan özel bir tanım yoksa), birimi en büyük olan inceleme biriminin tamamı, sonraki her bir organ, eklem, bölge, alan inceleme biriminin 2/3 ü dikkate alınarak ücretlendirilir. RADYOLOJİ - 24.00001: Radyolojik incelemelerde kullanılan kontrast ilaç ve tıbbi sarf malzeme ücretleri (aksi belirtilmemiş ise) işleme dahil değildir, ayrıca ücretlendirilir. Radyolojik incelemenin değerlendirilmesi, yorumlanması ve raporlandırılması Radyoloji Uzmanı tarafından (mutlaka) yapılmalıdır. Radyoloji uzmanı raporuna adını, diploma ve uzmanlık numarasını yazarak imzalamalıdır. Radyolojik girişimlerde, Genel İlkelerin 00.57882 kod",new,,pending,
engine_proposal_e038af40b2b3b6e2738d7218,A,24.86452,"Multiparametrik prostat MRG, 3.0 Tesla ve üzeri cihazla, yüzeysel sarmal ile",birlikteOdenmez,complete,24.86452|24.80961|24.92001,,"{""evrakBazliMi"":true}",HUV_06052025.xlsx,"Bu işlemle (doğal olarak) birlikte yapılan 24.80961-Difüzyon MR ve 24.92001-MR Dinamik kontrastlı tetkik uygulamaları, işlemin kapsamındadır, ayrıca ücretlenmez. MANYETİK REZONANS GÖRÜNTÜLEME (MR/MRG) - 24.80271: Bir organ/eklem/bölge/alanda yapılan MR incelemesi ile birlikte aynı seansta, aynı/farklı organ/eklem/bölge/alanda MR incelemesi yapılır ise, (incelemenin tümünü kapsayan özel bir tanım yoksa), birimi en büyük olan inceleme biriminin tamamı, sonraki her bir organ, eklem, bölge, alan inceleme biriminin 2/3 ü dikkate alınarak ücretlendirilir. RADYOLOJİ - 24.00001: Radyolojik incelemelerde kullanılan kontrast ilaç ve tıbbi sarf malzeme ücretleri (aksi belirtilmemiş ise) işleme dahil değildir, ayrıca ücretlendirilir. Radyolojik incelemenin değerlendirilmesi, yorumlanması ve raporlandırılması Radyoloji Uzmanı tarafından (mutlaka) yapılmalıdır. Radyoloji uzmanı raporuna adını, diploma ve uzmanlık numarasını yazarak imzalamalıdır. Radyolojik girişimlerde, Genel İlkelerin 00.57882 kod",new,,pending,
engine_proposal_c6b66180bcdf9517bcb4c37f,A,24.86466,"Multiparametrik prostat MRG, 3.0 Tesla ve üzeri cihazla, endorektal sarmal ile",birlikteOdenmez,complete,24.86466|24.80961|24.92001,,"{""evrakBazliMi"":true}",HUV_06052025.xlsx,"Bu işlemle (doğal olarak) birlikte yapılan 24.80961-Difüzyon MR ve 24.92001-MR Dinamik kontrastlı tetkik uygulamaları, işlemin kapsamındadır, ayrıca ücretlenmez. MANYETİK REZONANS GÖRÜNTÜLEME (MR/MRG) - 24.80271: Bir organ/eklem/bölge/alanda yapılan MR incelemesi ile birlikte aynı seansta, aynı/farklı organ/eklem/bölge/alanda MR incelemesi yapılır ise, (incelemenin tümünü kapsayan özel bir tanım yoksa), birimi en büyük olan inceleme biriminin tamamı, sonraki her bir organ, eklem, bölge, alan inceleme biriminin 2/3 ü dikkate alınarak ücretlendirilir. RADYOLOJİ - 24.00001: Radyolojik incelemelerde kullanılan kontrast ilaç ve tıbbi sarf malzeme ücretleri (aksi belirtilmemiş ise) işleme dahil değildir, ayrıca ücretlendirilir. Radyolojik incelemenin değerlendirilmesi, yorumlanması ve raporlandırılması Radyoloji Uzmanı tarafından (mutlaka) yapılmalıdır. Radyoloji uzmanı raporuna adını, diploma ve uzmanlık numarasını yazarak imzalamalıdır. Radyolojik girişimlerde, Genel İlkelerin 00.57882 kod",new,,pending,
engine_proposal_2b121ca6fe9856bbee8eda46,A,30.13575,Düşük materyali/Gonad biyopsisinden/diğer solid dokulardan kromozom analizi,sure,complete,30.13575,,"{""adet"":6,""islemlerGrupMu"":false,""periyotDeger"":1,""sourceSutCode"":""G100010"",""surePeriyot"":""M""}",EK-2B HİZMET BAŞI İŞLEM PUAN LİSTESİ (Yür. 02.09.2023).xlsx,Altı ayda bir adet faturalandırılır.,new,,pending,
engine_proposal_0deb278ee9140b549079115c,A,30.14809,Fetal kandan kromozom analizi,sure,complete,30.14809,,"{""adet"":6,""islemlerGrupMu"":false,""periyotDeger"":1,""sourceSutCode"":""G100020"",""surePeriyot"":""M""}",EK-2B HİZMET BAŞI İŞLEM PUAN LİSTESİ (Yür. 02.09.2023).xlsx,Altı ayda bir adet faturalandırılır.,new,official_source_locator_or_quote_missing,pending,
engine_proposal_4458a4edca384ab45bfb34b2,A,30.18511,Kromozomal kırık sendromları ve mutajenite çalışmaları için kromozom analizi,birlikteOdenmez,complete,30.18511|30.19745,,"{""evrakBazliMi"":true,""sourceSutCode"":""G100050"",""targetSutCodes"":[""G100060""]}",EK-2B HİZMET BAŞI İŞLEM PUAN LİSTESİ (Yür. 02.09.2023).xlsx,G100060 ile birlikte faturalandırılmaz.,new,,pending,
engine_proposal_1cc783492552e7e920a64412,A,30.18511,Kromozomal kırık sendromları ve mutajenite çalışmaları için kromozom analizi,sure,complete,30.18511,,"{""adet"":6,""islemlerGrupMu"":false,""periyotDeger"":1,""sourceSutCode"":""G100050"",""surePeriyot"":""M""}",EK-2B HİZMET BAŞI İŞLEM PUAN LİSTESİ (Yür. 02.09.2023).xlsx,Altı ayda bir adet faturalandırılır.,new,,pending,
engine_proposal_c7da93753e1d4d4d4679d15e,A,30.19745,Periferik kandan kromozom analizi,birlikteOdenmez,complete,30.19745|30.18511,,"{""evrakBazliMi"":true,""sourceSutCode"":""G100060"",""targetSutCodes"":[""G100050""]}",EK-2B HİZMET BAŞI İŞLEM PUAN LİSTESİ (Yür. 02.09.2023).xlsx,G100050 ile birlikte faturalandırılmaz.,new,,pending,
engine_proposal_de9a3ed0a025a682b8959beb,A,30.19745,Periferik kandan kromozom analizi,sure,complete,30.19745,,"{""adet"":6,""islemlerGrupMu"":false,""periyotDeger"":1,""sourceSutCode"":""G100060"",""surePeriyot"":""M""}",EK-2B HİZMET BAŞI İŞLEM PUAN LİSTESİ (Yür. 02.09.2023).xlsx,Altı ayda bir adet faturalandırılır.,new,,pending,
engine_proposal_70398dde2921c78ca77996f6,A,30.28691,"ROS1 (6q22), (FISH), (iki bölgeye kadar, translokasyon, delesyon)",sure,complete,30.28691,,"{""adet"":1,""islemlerGrupMu"":false,""periyotDeger"":1,""sourceSutCode"":""G100286"",""surePeriyot"":""M""}",EK-2B HİZMET BAŞI İŞLEM PUAN LİSTESİ (Yür. 02.09.2023).xlsx,Ayda bir adet faturalandırılır.,new,,pending,
engine_proposal_f692c208889bb5cdc6c5a4aa,A,30.29000,t(9;22) (q34;q11.2) (BCR/ ABL) (Philadelphia Kromozomu) (FISH),sure,complete,30.29000,,"{""adet"":1,""islemlerGrupMu"":false,""periyotDeger"":1,""sourceSutCode"":""G100120"",""surePeriyot"":""M""}",EK-2B HİZMET BAŞI İŞLEM PUAN LİSTESİ (Yür. 02.09.2023).xlsx,Ayda bir adet faturalandırılır.,new,,pending,
engine_proposal_4c82cde642fa0634598215e8,A,30.29308,t(9;22) (q34;q11.2) (BCR/ ABL) (Philadelphia Kromozomu) (REAL - TIME PCR),sure,complete,30.29308,,"{""adet"":1,""islemlerGrupMu"":false,""periyotDeger"":1,""sourceSutCode"":""G100120"",""surePeriyot"":""M""}",EK-2B HİZMET BAŞI İŞLEM PUAN LİSTESİ (Yür. 02.09.2023).xlsx,Ayda bir adet faturalandırılır.,new,,pending,
engine_proposal_ee78408902d03da407c5b4ff,A,30.42574,MPL W515L ve MPL W515K (MPL W515L/K) (REAL - TIME PCR),sure,complete,30.42574,,"{""adet"":1,""islemlerGrupMu"":false,""periyotDeger"":1,""sourceSutCode"":""G101730"",""surePeriyot"":""M""}",EK-2B HİZMET BAŞI İŞLEM PUAN LİSTESİ (Yür. 02.09.2023).xlsx,Ayda bir adet faturalandırılır.,new,,pending,
engine_proposal_5f063301e4aa2a619ee9b587,A,30.93799,"NRAS mutasyon analizi (kodon 12, 13, 61, 146 mutasyonları)",sure,complete,30.93799,,"{""adet"":3,""islemlerGrupMu"":false,""periyotDeger"":1,""sourceSutCode"":""G101952"",""surePeriyot"":""M""}",EK-2B HİZMET BAŞI İŞLEM PUAN LİSTESİ (Yür. 02.09.2023).xlsx,Üç ayda bir adet faturalandırılır.,new,,pending,
engine_proposal_9787d745036d9cb084173fcf,A,30.95019,PDGFRA (Ekzon 12 ve 18 mutasyonları),sure,complete,30.95019,,"{""adet"":3,""islemlerGrupMu"":false,""periyotDeger"":1,""sourceSutCode"":""G101570"",""surePeriyot"":""M""}",EK-2B HİZMET BAŞI İŞLEM PUAN LİSTESİ (Yür. 02.09.2023).xlsx,Üç ayda bir adet faturalandırılır.,new,,pending,
engine_proposal_988b9a5f3fbb5f9defeed070,A,30.96253,EGFR (Ekzon 18-19-20 ve 21 mutasyonları),sure,complete,30.96253,,"{""adet"":3,""islemlerGrupMu"":false,""periyotDeger"":1,""sourceSutCode"":""G101900"",""surePeriyot"":""M""}",EK-2B HİZMET BAŞI İŞLEM PUAN LİSTESİ (Yür. 02.09.2023).xlsx,Üç ayda bir adet faturalandırılır.,new,,pending,
engine_proposal_5c0c531dcd1ed5ae1cd352fb,A,30.98741,"BRAF (tek nokta mutasyonu), RT-PCR test",sure,complete,30.98741,,"{""adet"":3,""islemlerGrupMu"":false,""periyotDeger"":1,""sourceSutCode"":""G101890"",""surePeriyot"":""M""}",EK-2B HİZMET BAŞI İŞLEM PUAN LİSTESİ (Yür. 02.09.2023).xlsx,Üç ayda bir adet faturalandırılır.,new,,pending,
engine_proposal_4bfd8bdde2f6442c47625304,A,34.26577,D-dimer (kalitatif),birlikteOdenmez,complete,34.26577|34.26728,,"{""evrakBazliMi"":true,""sourceSutCode"":""L102080"",""targetSutCodes"":[""L102090""]}",EK-2B HİZMET BAŞI İŞLEM PUAN LİSTESİ (Yür. 02.09.2023).xlsx,L102090 ile birlikte faturalandırılmaz.,new,official_source_locator_or_quote_missing,pending,
engine_proposal_a214db1dc115c0e318aae98a,A,34.26728,D-dimer (kantitatif),birlikteOdenmez,complete,34.26728|34.26577,,"{""evrakBazliMi"":true,""sourceSutCode"":""L102090"",""targetSutCodes"":[""L102080""]}",EK-2B HİZMET BAŞI İŞLEM PUAN LİSTESİ (Yür. 02.09.2023).xlsx,L102080 ile birlikte faturalandırılmaz.,new,official_source_locator_or_quote_missing,pending,
engine_proposal_5ce493b490741ef68f335af4,A,34.52700,"Kan gazları ve elektrolit (pH, pCO2, pO2, O2 satürasyonu, HCO3, Na, K, Cl, Laktat) ölçümü ve takibi, günlük",sure,complete,34.52700,,"{""adet"":3,""islemlerGrupMu"":false,""periyotDeger"":1,""surePeriyot"":""G""}",HUV_06052025.xlsx,"İşlem, en az 5 parametrenin bulunduğu herhangi bir kombinasyonu veya tümünü kapsar ve bakıldığı bölüm veya birime bakılmaksızın bir hastada günde en fazla üç kez ücretlendirilir. Kan gazı takibi, işleme dahildir.",new,,pending,
engine_proposal_253a622ed4feec88ef108296,A,34.61609,"Kültür, parazit (leishmania, trichomonas, entamoeba histolytica), her biri",birlikteOdenmez,complete,34.61609|06.03936,,"{""evrakBazliMi"":true,""sourceSutCode"":""700290"",""targetSutCodes"":[""700060""]}",EK-2B HİZMET BAŞI İŞLEM PUAN LİSTESİ (Yür. 02.09.2023).xlsx,700060 ile birlikte faturalandırılmaz.,new,,pending,
engine_proposal_3677731bf40a4ec48c5b28dd,A,34.63874,Lenfosit alt grupları (immünfenotiplendirme),sure,complete,34.63874,,"{""adet"":1,""islemlerGrupMu"":false,""periyotDeger"":1,""sourceSutCode"":""L105010"",""surePeriyot"":""M""}",EK-2B HİZMET BAŞI İŞLEM PUAN LİSTESİ (Yür. 02.09.2023).xlsx,Ayrıntılı sonuç raporu ile bir adet faturalandırılır.,new,,pending,
engine_proposal_0082445f976c54b4270938aa,B,02.03401,"Enjeksiyon, intravenöz , evde",birlikteOdenmez,partial,02.03401,,"{""evrakBazliMi"":true,""sourceSutCode"":""530150"",""targetSutCodes"":[""530080"",""530160""]}",EK-2B HİZMET BAŞI İŞLEM PUAN LİSTESİ (Yür. 02.09.2023).xlsx,"Günde üç adetten fazla ve 530080, 530160 ile birlikte faturalandırılmaz.",new,"source_crosswalk_not_trusted|unresolved_target_sut_codes:530080,530160",pending,
engine_proposal_9d92e6f1fe7aeec537f1f821,B,02.03401,"Enjeksiyon, intravenöz , evde",sure,complete,02.03401,,"{""adet"":3,""islemlerGrupMu"":false,""periyotDeger"":1,""sourceSutCode"":""530150"",""surePeriyot"":""G""}",EK-2B HİZMET BAŞI İŞLEM PUAN LİSTESİ (Yür. 02.09.2023).xlsx,"Günde üç adetten fazla ve 530080, 530160 ile birlikte faturalandırılmaz.",new,source_crosswalk_not_trusted,pending,
engine_proposal_a0ebe017b7b286325e5b92f5,B,02.03401,"Enjeksiyon, intravenöz , evde",sure,partial,02.03401,,"{""sourceSutCode"":""530150""}",EK-2B HİZMET BAŞI İŞLEM PUAN LİSTESİ (Yür. 02.09.2023).xlsx,"Günde üç adetten fazla ve 530080, 530160 ile birlikte faturalandırılmaz.",new,frequency_period_or_limit_incomplete|source_crosswalk_not_trusted,pending,
engine_proposal_182ef00d68eb830a7033a652,B,03.98744,Peroperatif transözafageal epiaortik ultrasonografi ile aortanın değerlendirilmesi,sure,partial,03.98744,,{},HUV_06052025.xlsx,"ALGOLOJİ/AĞRI TEDAVİSİ UYGULAMALARI - 03.42608: Bilgisayarlı Tomografi (BT), Magnetik Rezonans (MRG), Ultrasonografi (USG), Skopi gibi özel görüntüleme rehberliğinde yapılan algoloji uygulamalarında, (işlemin tanımında, ilgili bölümde veya genel ilkelerde özel/farklı bir birimle tanımlı değilse) radyoloji işlemi birimi, algoloji işlemi birimine eklenir. Girişimsel Ağrı Tedavisi uygulamalarında asistanlık hizmeti için, Genel İlkeler Bölümünde tanımlı olan asistan birimleri uygulanır. Ağrı tedavisi amacı ile birden çok (çoklu) girişimsel algolojik işlem uygulanan hastalarda, aynı/farklı bölgede/alanda, aynı seansta uygulanan algolojik işlemlerin tümü (faset eklem median sinir RFT, DRG pRFT, disk dekompresyonu, eklem, faset, disk, kas, tendon, sinir, ganglion enjeksiyonu/bloğu, vb), işlemlerin cinsine/türüne ve uygulamanın aynı/farklı bölge veya alan olduğuna bakmaksızın, (işlem tanımında aksine açıklama yoksa veya yapılan tüm işlemi kapsayan paket tanım yoksa) farklı kesiden yapılan işle",new,explicit_frequency_fields_not_parsed,pending,
engine_proposal_6b8035ab33227b289cca900e,B,06.01575,"Deri ve mukoza smear`leri, direkt",sure,partial,06.01575,,{},HUV_06052025.xlsx,DERMATOLOJİ - 06.00001: Lazer uygulamalarında (listede bulunmayan işlem ve birim varsa) Plastik ve Rekonstrüktif Cerrahi listesi geçerlidir. Bu uygulamalarda alan ölçüsü belirtilmemişse Küçük: 20 cm2’ den küçük Orta: 20-50 cm2 Büyük: 50 cm2`den büyükalan olarak uygulanır.,new,explicit_frequency_fields_not_parsed,pending,
engine_proposal_2fbc436121f6014cb6d02c73,B,06.03936,"Deri ve mukoza smear`leri (giemsa, wright, gram vb)",sure,partial,06.03936,,{},HUV_06052025.xlsx,DERMATOLOJİ - 06.00001: Lazer uygulamalarında (listede bulunmayan işlem ve birim varsa) Plastik ve Rekonstrüktif Cerrahi listesi geçerlidir. Bu uygulamalarda alan ölçüsü belirtilmemişse Küçük: 20 cm2’ den küçük Orta: 20-50 cm2 Büyük: 50 cm2`den büyükalan olarak uygulanır.,new,explicit_frequency_fields_not_parsed,pending,
engine_proposal_253d8e4c6b935db67e119516,B,06.07871,Demodeks/sarkopt aranması,sure,partial,06.07871,,{},HUV_06052025.xlsx,DERMATOLOJİ - 06.00001: Lazer uygulamalarında (listede bulunmayan işlem ve birim varsa) Plastik ve Rekonstrüktif Cerrahi listesi geçerlidir. Bu uygulamalarda alan ölçüsü belirtilmemişse Küçük: 20 cm2’ den küçük Orta: 20-50 cm2 Büyük: 50 cm2`den büyükalan olarak uygulanır.,new,explicit_frequency_fields_not_parsed,pending,
engine_proposal_046dd3d76a3c4a78f8f1a906,B,06.08264,Cilde tutunmuş kene vb. böcek (arachnida) çıkarılması,sure,partial,06.08264,,{},HUV_06052025.xlsx,DERMATOLOJİ - 06.00001: Lazer uygulamalarında (listede bulunmayan işlem ve birim varsa) Plastik ve Rekonstrüktif Cerrahi listesi geçerlidir. Bu uygulamalarda alan ölçüsü belirtilmemişse Küçük: 20 cm2’ den küçük Orta: 20-50 cm2 Büyük: 50 cm2`den büyükalan olarak uygulanır.,new,explicit_frequency_fields_not_parsed,pending,
engine_proposal_6af67f4c9628af3a48435017,B,06.11019,Bilgisayarlı dermatoskopi (tüm vücut ben haritasının çıkarılması),sure,partial,06.11019,,{},HUV_06052025.xlsx,DERMATOLOJİ - 06.00001: Lazer uygulamalarında (listede bulunmayan işlem ve birim varsa) Plastik ve Rekonstrüktif Cerrahi listesi geçerlidir. Bu uygulamalarda alan ölçüsü belirtilmemişse Küçük: 20 cm2’ den küçük Orta: 20-50 cm2 Büyük: 50 cm2`den büyükalan olarak uygulanır.,new,explicit_frequency_fields_not_parsed,pending,
engine_proposal_1c6a6c16fc85f60b90f75e41,B,06.40925,"İlaç ve gıdalarla provokasyon testi, her biri",sure,partial,06.40925,,{},HUV_06052025.xlsx,DERMATOLOJİ - 06.00001: Lazer uygulamalarında (listede bulunmayan işlem ve birim varsa) Plastik ve Rekonstrüktif Cerrahi listesi geçerlidir. Bu uygulamalarda alan ölçüsü belirtilmemişse Küçük: 20 cm2’ den küçük Orta: 20-50 cm2 Büyük: 50 cm2`den büyükalan olarak uygulanır.,new,explicit_frequency_fields_not_parsed,pending,
engine_proposal_e5203381a02421e9ef8f2370,B,06.41712,Otolog serum testi,sure,partial,06.41712,,{},HUV_06052025.xlsx,DERMATOLOJİ - 06.00001: Lazer uygulamalarında (listede bulunmayan işlem ve birim varsa) Plastik ve Rekonstrüktif Cerrahi listesi geçerlidir. Bu uygulamalarda alan ölçüsü belirtilmemişse Küçük: 20 cm2’ den küçük Orta: 20-50 cm2 Büyük: 50 cm2`den büyükalan olarak uygulanır.,new,explicit_frequency_fields_not_parsed,pending,
engine_proposal_daef083d09ccb29f258c3803,B,06.44073,"Foto-deri yama testi, madde başına",sure,partial,06.44073,,{},HUV_06052025.xlsx,DERMATOLOJİ - 06.00001: Lazer uygulamalarında (listede bulunmayan işlem ve birim varsa) Plastik ve Rekonstrüktif Cerrahi listesi geçerlidir. Bu uygulamalarda alan ölçüsü belirtilmemişse Küçük: 20 cm2’ den küçük Orta: 20-50 cm2 Büyük: 50 cm2`den büyükalan olarak uygulanır.,new,explicit_frequency_fields_not_parsed,pending,
engine_proposal_534938dd5851e5c5de488527,B,07.01587,Sıcak-soğuk paket uygulaması,sure,partial,07.01587,,{},HUV_06052025.xlsx,"YÜZEYEL SOĞUK-SICAK UYGULAMALARI - 07.00794: Bu başlık kapsamında bulunan tüm işlemler, (ayaktan hastalarda) tek bölgede günde en fazla bir seans, farklı bölgelerde (endikasyonu var ise) her bir bölgede günde en fazla birer seans olarak uygulanır ve ücretlendirilir. Bu başlık kapsamında bulunan tüm işlemler, yatarak tedavi alan hastalarda tek bölgede günde en fazla iki seans, farklı bölgelerde (endikasyonu var ise) her bir bölgede günde en fazla ikişer seans olarak uygulanır ve ücretlendirilir.",new,explicit_frequency_fields_not_parsed,pending,
engine_proposal_1c36021c2d5e3defe83e29e1,B,07.02380,İnfraruj,sure,partial,07.02380,,{},HUV_06052025.xlsx,"YÜZEYEL SOĞUK-SICAK UYGULAMALARI - 07.00794: Bu başlık kapsamında bulunan tüm işlemler, (ayaktan hastalarda) tek bölgede günde en fazla bir seans, farklı bölgelerde (endikasyonu var ise) her bir bölgede günde en fazla birer seans olarak uygulanır ve ücretlendirilir. Bu başlık kapsamında bulunan tüm işlemler, yatarak tedavi alan hastalarda tek bölgede günde en fazla iki seans, farklı bölgelerde (endikasyonu var ise) her bir bölgede günde en fazla ikişer seans olarak uygulanır ve ücretlendirilir.",new,explicit_frequency_fields_not_parsed,pending,
engine_proposal_16eeb70d2b785ae6fe8f781a,B,07.08724,"Ekstrakorporeal şok dalga tedavisi (ESWT), seansı",sure,partial,07.08724,,{},HUV_06052025.xlsx,"İşlem, bir bölgede/organda yılda en fazla 6 seans uygulama ile ücretlendirilir.",new,explicit_frequency_fields_not_parsed,pending,
engine_proposal_ca6fdc59a240e81fe4ab81a6,B,07.11103,"Alçak ve orta frekanslı akımlar (galvani, faradi, tens, diadinami, interferans, vb), her biri",sure,partial,07.11103,,{},HUV_06052025.xlsx,"ELEKTROTERAPİ - 07.10310: Bu başlık kapsamında bulunan tüm işlemler, (ayaktan hastalarda) tek bölgede günde en fazla bir seans, farklı bölgelerde (endikasyonu var ise) her bir bölgede günde en fazla birer seans olarak uygulanır ve ücretlendirilir. Bu başlık kapsamında bulunan tüm işlemler, yatarak tedavi alan hastalarda tek bölgede günde en fazla iki seans, farklı bölgelerde (endikasyonu var ise) her bir bölgede günde en fazla ikişer seans olarak uygulanır ve ücretlendirilir.",new,explicit_frequency_fields_not_parsed,pending,
engine_proposal_fc142aba7cb7eb4fd74b4161,B,07.12292,"Yüksek Yoğunluklu Lazer tedavisi (HIL Terapi, vb), seansı",sure,partial,07.12292,,{},HUV_06052025.xlsx,"Bir bölge için en fazla 10 seans ücretlendirilir.ELEKTROTERAPİ - 07.10310: Bu başlık kapsamında bulunan tüm işlemler, (ayaktan hastalarda) tek bölgede günde en fazla bir seans, farklı bölgelerde (endikasyonu var ise) her bir bölgede günde en fazla birer seans olarak uygulanır ve ücretlendirilir. Bu başlık kapsamında bulunan tüm işlemler, yatarak tedavi alan hastalarda tek bölgede günde en fazla iki seans, farklı bölgelerde (endikasyonu var ise) her bir bölgede günde en fazla ikişer seans olarak uygulanır ve ücretlendirilir.",new,explicit_frequency_fields_not_parsed,pending,
engine_proposal_5b5dc6044ee0ee7b1c8c0b16,B,07.12689,Vakum ile elektroterapi,sure,partial,07.12689,,{},HUV_06052025.xlsx,"ELEKTROTERAPİ - 07.10310: Bu başlık kapsamında bulunan tüm işlemler, (ayaktan hastalarda) tek bölgede günde en fazla bir seans, farklı bölgelerde (endikasyonu var ise) her bir bölgede günde en fazla birer seans olarak uygulanır ve ücretlendirilir. Bu başlık kapsamında bulunan tüm işlemler, yatarak tedavi alan hastalarda tek bölgede günde en fazla iki seans, farklı bölgelerde (endikasyonu var ise) her bir bölgede günde en fazla ikişer seans olarak uygulanır ve ücretlendirilir.",new,explicit_frequency_fields_not_parsed,pending,
engine_proposal_68432d4cb62d291e8ebea393,B,07.19826,"Çalkantılı su banyosu (Hubard tank, whirlpool)",sure,partial,07.19826,,{},HUV_06052025.xlsx,Bu ekipmanların veya sistemlerin kurulu olduğu merkezlerde ücretlendirilir.,new,explicit_frequency_fields_not_parsed,pending,
engine_proposal_326524ca0ebeb62b918cebcc,B,07.20619,Havuz tedavisi,sure,partial,07.20619,,{},HUV_06052025.xlsx,Bu ekipmanların veya sistemlerin kurulu olduğu merkezlerde ücretlendirilir.,new,explicit_frequency_fields_not_parsed,pending,
engine_proposal_932857d312f42b958f47e00b,B,07.21412,"Balneoterapi ve Fango uygulamaları, genel",sure,partial,07.21412,,{},HUV_06052025.xlsx,Bu ekipmanların veya sistemlerin kurulu olduğu merkezlerde ücretlendirilir.,new,explicit_frequency_fields_not_parsed,pending,
engine_proposal_9ca12888b65376119fa5a84b,B,07.22998,"Özel banyolar (kükürt, inhalasyon, vb)",sure,partial,07.22998,,{},HUV_06052025.xlsx,Bu ekipmanların veya sistemlerin kurulu olduğu merkezlerde ücretlendirilir.,new,explicit_frequency_fields_not_parsed,pending,
engine_proposal_00bd8651a0b773ffbf3f9d9f,B,07.26963,"Spinal manipülasyon, seansı",sure,partial,07.26963,,{},HUV_06052025.xlsx,En fazla 3 seans uygulanabilir (bazı inatçı olgularda).,new,explicit_frequency_fields_not_parsed,pending,
engine_proposal_c48961297329f78576ce75d5,B,07.30928,"Eklem içi enjeksiyon/aspirasyon, tek eklem",sure,partial,07.30928,,"{""sourceSutCode"":""550360""}",EK-2B HİZMET BAŞI İŞLEM PUAN LİSTESİ (Yür. 02.09.2023).xlsx,Tedavi süresince bir adet faturalandırılır.,new,frequency_period_or_limit_incomplete,pending,
engine_proposal_c6a9783ed0dcc313e8971217,B,07.30928,"Eklem içi enjeksiyon/aspirasyon, tek eklem",sure,partial,07.30928,,{},HUV_06052025.xlsx,"ÖZEL ENJEKSİYONLAR - 07.30135: Bu başlık altında tanımlanan işlemler, birden çok enjeksiyon şeklinde uygulanırsa, işlemin cinsine ve uygulamanın aynı/farklı bölgede/alanda olduğuna bakmaksızın, (işlem tanımında aksine bir açıklama yoksa veya yapılan tüm işlemi kapsayan paket tanım yoksa) farklı kesiden yapılan işlemler olarak değerlendirilir ve Genel İlkelerin “aynı seansta farklı kesiler ile yapılan işlemler” için geçerli ilke, % oranı ve birimleri ile ücretlendirilir.",new,explicit_frequency_fields_not_parsed,pending,
engine_proposal_d4c77cc638737d78b8c016e3,B,07.32514,"Ağrılı nokta enjeksiyonu (tetik nokta, miyofasiyal / paravertebral adale, vb)",sure,partial,07.32514,,{},HUV_06052025.xlsx,"ÖZEL ENJEKSİYONLAR - 07.30135: Bu başlık altında tanımlanan işlemler, birden çok enjeksiyon şeklinde uygulanırsa, işlemin cinsine ve uygulamanın aynı/farklı bölgede/alanda olduğuna bakmaksızın, (işlem tanımında aksine bir açıklama yoksa veya yapılan tüm işlemi kapsayan paket tanım yoksa) farklı kesiden yapılan işlemler olarak değerlendirilir ve Genel İlkelerin “aynı seansta farklı kesiler ile yapılan işlemler” için geçerli ilke, % oranı ve birimleri ile ücretlendirilir.",new,explicit_frequency_fields_not_parsed,pending,
engine_proposal_43fb7ccd341ea9026fdd61d2,B,07.33307,Tuzak nöropati / tetik nokta / tendon kılıfı / ligament enjeksiyonu,sure,partial,07.33307,,{},HUV_06052025.xlsx,"ÖZEL ENJEKSİYONLAR - 07.30135: Bu başlık altında tanımlanan işlemler, birden çok enjeksiyon şeklinde uygulanırsa, işlemin cinsine ve uygulamanın aynı/farklı bölgede/alanda olduğuna bakmaksızın, (işlem tanımında aksine bir açıklama yoksa veya yapılan tüm işlemi kapsayan paket tanım yoksa) farklı kesiden yapılan işlemler olarak değerlendirilir ve Genel İlkelerin “aynı seansta farklı kesiler ile yapılan işlemler” için geçerli ilke, % oranı ve birimleri ile ücretlendirilir.",new,explicit_frequency_fields_not_parsed,pending,
engine_proposal_41c0781c2edf06635f51af06,B,07.34100,"Akupunktur, seansı",sure,partial,07.34100,,{},HUV_06052025.xlsx,"ÖZEL ENJEKSİYONLAR - 07.30135: Bu başlık altında tanımlanan işlemler, birden çok enjeksiyon şeklinde uygulanırsa, işlemin cinsine ve uygulamanın aynı/farklı bölgede/alanda olduğuna bakmaksızın, (işlem tanımında aksine bir açıklama yoksa veya yapılan tüm işlemi kapsayan paket tanım yoksa) farklı kesiden yapılan işlemler olarak değerlendirilir ve Genel İlkelerin “aynı seansta farklı kesiler ile yapılan işlemler” için geçerli ilke, % oranı ve birimleri ile ücretlendirilir.",new,explicit_frequency_fields_not_parsed,pending,
engine_proposal_ec7e08ca1733110d8de1c93b,B,07.34100,"Akupunktur, seansı",sure,partial,07.34100,,"{""sourceSutCode"":""550360""}",EK-2B HİZMET BAŞI İŞLEM PUAN LİSTESİ (Yür. 02.09.2023).xlsx,Tedavi süresince bir adet faturalandırılır.,new,frequency_period_or_limit_incomplete|source_crosswalk_not_trusted,pending,
engine_proposal_0d3898f0c26d59f701699e4f,B,07.34893,"Sinir blokları, periferik/dijital, tek sinir",sure,partial,07.34893,,{},HUV_06052025.xlsx,"ÖZEL ENJEKSİYONLAR - 07.30135: Bu başlık altında tanımlanan işlemler, birden çok enjeksiyon şeklinde uygulanırsa, işlemin cinsine ve uygulamanın aynı/farklı bölgede/alanda olduğuna bakmaksızın, (işlem tanımında aksine bir açıklama yoksa veya yapılan tüm işlemi kapsayan paket tanım yoksa) farklı kesiden yapılan işlemler olarak değerlendirilir ve Genel İlkelerin “aynı seansta farklı kesiler ile yapılan işlemler” için geçerli ilke, % oranı ve birimleri ile ücretlendirilir.",new,explicit_frequency_fields_not_parsed,pending,
engine_proposal_70d56709377ce7808d2c1e1f,B,07.35686,"Faset eklem enjeksiyonu (servikal/torakal/lomber), tek eklem",sure,partial,07.35686,,{},HUV_06052025.xlsx,"İşlem, aynı seansta birden çok ekleme uygulanırsa, uygulandığı eklem/alana bakmaksızın farklı kesiden yapılan işlemler olarak değerlendirilir ve toplam işlem birimi Genel İlkelerin “aynı seansta farklı kesilerle yapılan ameliyatlar” için geçerli ilke, % oranı dikkate alınarak hesaplanır. ÖZEL ENJEKSİYONLAR - 07.30135: Bu başlık altında tanımlanan işlemler, birden çok enjeksiyon şeklinde uygulanırsa, işlemin cinsine ve uygulamanın aynı/farklı bölgede/alanda olduğuna bakmaksızın, (işlem tanımında aksine bir açıklama yoksa veya yapılan tüm işlemi kapsayan paket tanım yoksa) farklı kesiden yapılan işlemler olarak değerlendirilir ve Genel İlkelerin “aynı seansta farklı kesiler ile yapılan işlemler” için geçerli ilke, % oranı ve birimleri ile ücretlendirilir.",new,explicit_frequency_fields_not_parsed,pending,
engine_proposal_a00f617785023c23deb6ccfe,B,07.35686,"Faset eklem enjeksiyonu (servikal/torakal/lomber), tek eklem",sure,partial,07.35686,,"{""sourceSutCode"":""550360""}",EK-2B HİZMET BAŞI İŞLEM PUAN LİSTESİ (Yür. 02.09.2023).xlsx,Tedavi süresince bir adet faturalandırılır.,new,frequency_period_or_limit_incomplete,pending,
engine_proposal_96239f8bcfc3e657dbc2f0bb,B,07.38065,"Botulinum toksini (botoks vb) enjeksiyonu, iki bölge, ilaç hariç",birlikteOdenmez,partial,07.38065,,"{""evrakBazliMi"":true,""sourceSutCode"":""703460"",""targetSutCodes"":[""700020""]}",EK-2B HİZMET BAŞI İŞLEM PUAN LİSTESİ (Yür. 02.09.2023).xlsx,700020 ile birlikte faturalandırılmaz.,new,source_crosswalk_not_trusted|unresolved_target_sut_codes:700020,pending,
engine_proposal_3e315a3775774bb5e526adcf,B,07.38065,"Botulinum toksini (botoks vb) enjeksiyonu, iki bölge, ilaç hariç",sure,partial,07.38065,,{},HUV_06052025.xlsx,"İşlem bir bölgede/organda, üç ayda en çok 1 seans ve aynı bölgede yılda en çok 4 seans uygulama ile ücretlendirilir. ÖZEL ENJEKSİYONLAR - 07.30135: Bu başlık altında tanımlanan işlemler, birden çok enjeksiyon şeklinde uygulanırsa, işlemin cinsine ve uygulamanın aynı/farklı bölgede/alanda olduğuna bakmaksızın, (işlem tanımında aksine bir açıklama yoksa veya yapılan tüm işlemi kapsayan paket tanım yoksa) farklı kesiden yapılan işlemler olarak değerlendirilir ve Genel İlkelerin “aynı seansta farklı kesiler ile yapılan işlemler” için geçerli ilke, % oranı ve birimleri ile ücretlendirilir.",new,explicit_frequency_fields_not_parsed,pending,
engine_proposal_904fd965d4a9fe3ffa2d3f7d,B,07.38065,"Botulinum toksini (botoks vb) enjeksiyonu, iki bölge, ilaç hariç",sure,partial,07.38065,,"{""sourceSutCode"":""703460""}",EK-2B HİZMET BAŞI İŞLEM PUAN LİSTESİ (Yür. 02.09.2023).xlsx,Tedavi süresince bir adet faturalandırılır.,new,frequency_period_or_limit_incomplete|source_crosswalk_not_trusted,pending,
engine_proposal_a7de2646aa68c7576882d2fc,B,07.42030,Kas kuvvetlendirme egzersizi,birlikteOdenmez,partial,07.42030,,{},HUV_06052025.xlsx,"TEMEL EGZERSİZLER - 07.40444: Bu başlık kapsamında bulunan tüm egzersizler, (ayaktan hastalarda) tek bölgede günde en fazla bir seans, farklı bölgelerde (endikasyonu var ise) her bir bölgede günde en fazla birer seans olarak uygulanır ve ücretlendirilir. Bu başlık kapsamında bulunan tüm egzersizler, yatarak tedavi alan hastalarda tek bölgede günde en fazla iki seans, farklı bölgelerde (endikasyonu var ise) her bir bölgede günde en fazla ikişer seans olarak uygulanır ve ücretlendirilir. Bu başlık kapsamında bulunan tüm egzersizler, özel hastalıklarda rehabilitasyon amaçlı egzersiz işlemlerinden herhangi birisi ile aynı seansta uygulanır ise, birlikte uygulandığı rehabilitasyon amaçlı egzersiz işleminin kapsamındadır, ayrı işlem olarak değerlendirilmez.",new,canonical_together_target_not_found,pending,
engine_proposal_81662c0fdc98ad62fd811e54,B,07.42030,Kas kuvvetlendirme egzersizi,sure,partial,07.42030,,{},HUV_06052025.xlsx,"TEMEL EGZERSİZLER - 07.40444: Bu başlık kapsamında bulunan tüm egzersizler, (ayaktan hastalarda) tek bölgede günde en fazla bir seans, farklı bölgelerde (endikasyonu var ise) her bir bölgede günde en fazla birer seans olarak uygulanır ve ücretlendirilir. Bu başlık kapsamında bulunan tüm egzersizler, yatarak tedavi alan hastalarda tek bölgede günde en fazla iki seans, farklı bölgelerde (endikasyonu var ise) her bir bölgede günde en fazla ikişer seans olarak uygulanır ve ücretlendirilir. Bu başlık kapsamında bulunan tüm egzersizler, özel hastalıklarda rehabilitasyon amaçlı egzersiz işlemlerinden herhangi birisi ile aynı seansta uygulanır ise, birlikte uygulandığı rehabilitasyon amaçlı egzersiz işleminin kapsamındadır, ayrı işlem olarak değerlendirilmez.",new,explicit_frequency_fields_not_parsed,pending,
engine_proposal_43622a2dbded9f0e7b50a60a,B,07.42823,Postür egzersizleri,birlikteOdenmez,partial,07.42823,,{},HUV_06052025.xlsx,"TEMEL EGZERSİZLER - 07.40444: Bu başlık kapsamında bulunan tüm egzersizler, (ayaktan hastalarda) tek bölgede günde en fazla bir seans, farklı bölgelerde (endikasyonu var ise) her bir bölgede günde en fazla birer seans olarak uygulanır ve ücretlendirilir. Bu başlık kapsamında bulunan tüm egzersizler, yatarak tedavi alan hastalarda tek bölgede günde en fazla iki seans, farklı bölgelerde (endikasyonu var ise) her bir bölgede günde en fazla ikişer seans olarak uygulanır ve ücretlendirilir. Bu başlık kapsamında bulunan tüm egzersizler, özel hastalıklarda rehabilitasyon amaçlı egzersiz işlemlerinden herhangi birisi ile aynı seansta uygulanır ise, birlikte uygulandığı rehabilitasyon amaçlı egzersiz işleminin kapsamındadır, ayrı işlem olarak değerlendirilmez.",new,canonical_together_target_not_found,pending,
engine_proposal_57c21203b8686d47fe3c7f7e,B,07.42823,Postür egzersizleri,sure,partial,07.42823,,{},HUV_06052025.xlsx,"TEMEL EGZERSİZLER - 07.40444: Bu başlık kapsamında bulunan tüm egzersizler, (ayaktan hastalarda) tek bölgede günde en fazla bir seans, farklı bölgelerde (endikasyonu var ise) her bir bölgede günde en fazla birer seans olarak uygulanır ve ücretlendirilir. Bu başlık kapsamında bulunan tüm egzersizler, yatarak tedavi alan hastalarda tek bölgede günde en fazla iki seans, farklı bölgelerde (endikasyonu var ise) her bir bölgede günde en fazla ikişer seans olarak uygulanır ve ücretlendirilir. Bu başlık kapsamında bulunan tüm egzersizler, özel hastalıklarda rehabilitasyon amaçlı egzersiz işlemlerinden herhangi birisi ile aynı seansta uygulanır ise, birlikte uygulandığı rehabilitasyon amaçlı egzersiz işleminin kapsamındadır, ayrı işlem olarak değerlendirilmez.",new,explicit_frequency_fields_not_parsed,pending,
engine_proposal_287d966266c15d082517670e,B,07.44409,Lomber stabilizasyon egzersizleri,birlikteOdenmez,partial,07.44409,,{},HUV_06052025.xlsx,"TEMEL EGZERSİZLER - 07.40444: Bu başlık kapsamında bulunan tüm egzersizler, (ayaktan hastalarda) tek bölgede günde en fazla bir seans, farklı bölgelerde (endikasyonu var ise) her bir bölgede günde en fazla birer seans olarak uygulanır ve ücretlendirilir. Bu başlık kapsamında bulunan tüm egzersizler, yatarak tedavi alan hastalarda tek bölgede günde en fazla iki seans, farklı bölgelerde (endikasyonu var ise) her bir bölgede günde en fazla ikişer seans olarak uygulanır ve ücretlendirilir. Bu başlık kapsamında bulunan tüm egzersizler, özel hastalıklarda rehabilitasyon amaçlı egzersiz işlemlerinden herhangi birisi ile aynı seansta uygulanır ise, birlikte uygulandığı rehabilitasyon amaçlı egzersiz işleminin kapsamındadır, ayrı işlem olarak değerlendirilmez.",new,canonical_together_target_not_found,pending,
engine_proposal_b16529019889b11861b8b8e2,B,07.44409,Lomber stabilizasyon egzersizleri,sure,partial,07.44409,,{},HUV_06052025.xlsx,"TEMEL EGZERSİZLER - 07.40444: Bu başlık kapsamında bulunan tüm egzersizler, (ayaktan hastalarda) tek bölgede günde en fazla bir seans, farklı bölgelerde (endikasyonu var ise) her bir bölgede günde en fazla birer seans olarak uygulanır ve ücretlendirilir. Bu başlık kapsamında bulunan tüm egzersizler, yatarak tedavi alan hastalarda tek bölgede günde en fazla iki seans, farklı bölgelerde (endikasyonu var ise) her bir bölgede günde en fazla ikişer seans olarak uygulanır ve ücretlendirilir. Bu başlık kapsamında bulunan tüm egzersizler, özel hastalıklarda rehabilitasyon amaçlı egzersiz işlemlerinden herhangi birisi ile aynı seansta uygulanır ise, birlikte uygulandığı rehabilitasyon amaçlı egzersiz işleminin kapsamındadır, ayrı işlem olarak değerlendirilmez.",new,explicit_frequency_fields_not_parsed,pending,
engine_proposal_3b9e32ef2f5a061c39dfcd0e,B,07.45202,Monitörizasyon altında aerobik egzersiz,birlikteOdenmez,partial,07.45202,,{},HUV_06052025.xlsx,"TEMEL EGZERSİZLER - 07.40444: Bu başlık kapsamında bulunan tüm egzersizler, (ayaktan hastalarda) tek bölgede günde en fazla bir seans, farklı bölgelerde (endikasyonu var ise) her bir bölgede günde en fazla birer seans olarak uygulanır ve ücretlendirilir. Bu başlık kapsamında bulunan tüm egzersizler, yatarak tedavi alan hastalarda tek bölgede günde en fazla iki seans, farklı bölgelerde (endikasyonu var ise) her bir bölgede günde en fazla ikişer seans olarak uygulanır ve ücretlendirilir. Bu başlık kapsamında bulunan tüm egzersizler, özel hastalıklarda rehabilitasyon amaçlı egzersiz işlemlerinden herhangi birisi ile aynı seansta uygulanır ise, birlikte uygulandığı rehabilitasyon amaçlı egzersiz işleminin kapsamındadır, ayrı işlem olarak değerlendirilmez.",new,canonical_together_target_not_found,pending,
engine_proposal_a4cb97aeac10c720400d7f2e,B,07.45202,Monitörizasyon altında aerobik egzersiz,sure,partial,07.45202,,{},HUV_06052025.xlsx,"TEMEL EGZERSİZLER - 07.40444: Bu başlık kapsamında bulunan tüm egzersizler, (ayaktan hastalarda) tek bölgede günde en fazla bir seans, farklı bölgelerde (endikasyonu var ise) her bir bölgede günde en fazla birer seans olarak uygulanır ve ücretlendirilir. Bu başlık kapsamında bulunan tüm egzersizler, yatarak tedavi alan hastalarda tek bölgede günde en fazla iki seans, farklı bölgelerde (endikasyonu var ise) her bir bölgede günde en fazla ikişer seans olarak uygulanır ve ücretlendirilir. Bu başlık kapsamında bulunan tüm egzersizler, özel hastalıklarda rehabilitasyon amaçlı egzersiz işlemlerinden herhangi birisi ile aynı seansta uygulanır ise, birlikte uygulandığı rehabilitasyon amaçlı egzersiz işleminin kapsamındadır, ayrı işlem olarak değerlendirilmez.",new,explicit_frequency_fields_not_parsed,pending,
engine_proposal_81ef177086a2b1fdb360ba47,B,07.47581,Skolyozda üç boyutlu egzersiz ve rehabilitasyon,sure,partial,07.47581,,{},HUV_06052025.xlsx,"ÖZEL HASTALIKLARDA REHABİLİTASYON AMAÇLI EGZERSİZLER - 07.46788: Bu başlık kapsamında bulunan bütün işlemler, (yatarak/ayaktan tedavi alan) tüm hastalarda günde en fazla bir seans olarak uygulanır ve ücretlendirilir. Bu başlık kapsamında bulunan tüm işlemlerde spesifik ekipman ve fizyoterapist bulunması zorunludur. Özel Hastalıklarda Rehabilitasyon amaçlı egzersizlerden herhangi birisinin uygulamasında, aynı seansta aynı başlık altındaki veya Temel Egzersizler başlığı altındaki başka herhangi bir egzersiz işleminin uygulaması, Özel Hastalıklarda Egzersiz işleminin kapsamında olup ayrı işlem olarak değerlendirilmez. Egzersiz işlemlerinde kullanılan (kullanılırsa) fizik tedavi amaçlı ilaçların bedeli, işlem ücretine ilave edilir.",new,explicit_frequency_fields_not_parsed,pending,
engine_proposal_0206da909651a0cea02ba481,B,07.48374,Solunum rehabilitasyonu amaçlı egzersiz (postural drenaj+manuel uyarma),sure,partial,07.48374,,{},HUV_06052025.xlsx,"ÖZEL HASTALIKLARDA REHABİLİTASYON AMAÇLI EGZERSİZLER - 07.46788: Bu başlık kapsamında bulunan bütün işlemler, (yatarak/ayaktan tedavi alan) tüm hastalarda günde en fazla bir seans olarak uygulanır ve ücretlendirilir. Bu başlık kapsamında bulunan tüm işlemlerde spesifik ekipman ve fizyoterapist bulunması zorunludur. Özel Hastalıklarda Rehabilitasyon amaçlı egzersizlerden herhangi birisinin uygulamasında, aynı seansta aynı başlık altındaki veya Temel Egzersizler başlığı altındaki başka herhangi bir egzersiz işleminin uygulaması, Özel Hastalıklarda Egzersiz işleminin kapsamında olup ayrı işlem olarak değerlendirilmez. Egzersiz işlemlerinde kullanılan (kullanılırsa) fizik tedavi amaçlı ilaçların bedeli, işlem ücretine ilave edilir.",new,explicit_frequency_fields_not_parsed,pending,
engine_proposal_718e09790cf111e73256ad9b,B,07.48770,Pulmoner Rehabilitasyon,sure,partial,07.48770,,{},HUV_06052025.xlsx,"ÖZEL HASTALIKLARDA REHABİLİTASYON AMAÇLI EGZERSİZLER - 07.46788: Bu başlık kapsamında bulunan bütün işlemler, (yatarak/ayaktan tedavi alan) tüm hastalarda günde en fazla bir seans olarak uygulanır ve ücretlendirilir. Bu başlık kapsamında bulunan tüm işlemlerde spesifik ekipman ve fizyoterapist bulunması zorunludur. Özel Hastalıklarda Rehabilitasyon amaçlı egzersizlerden herhangi birisinin uygulamasında, aynı seansta aynı başlık altındaki veya Temel Egzersizler başlığı altındaki başka herhangi bir egzersiz işleminin uygulaması, Özel Hastalıklarda Egzersiz işleminin kapsamında olup ayrı işlem olarak değerlendirilmez. Egzersiz işlemlerinde kullanılan (kullanılırsa) fizik tedavi amaçlı ilaçların bedeli, işlem ücretine ilave edilir.",new,explicit_frequency_fields_not_parsed,pending,
engine_proposal_01d6f25c31a98c05b0e31722,B,07.49167,Kardiyak rehabilitasyon amaçlı egzersiz,sure,partial,07.49167,,{},HUV_06052025.xlsx,"ÖZEL HASTALIKLARDA REHABİLİTASYON AMAÇLI EGZERSİZLER - 07.46788: Bu başlık kapsamında bulunan bütün işlemler, (yatarak/ayaktan tedavi alan) tüm hastalarda günde en fazla bir seans olarak uygulanır ve ücretlendirilir. Bu başlık kapsamında bulunan tüm işlemlerde spesifik ekipman ve fizyoterapist bulunması zorunludur. Özel Hastalıklarda Rehabilitasyon amaçlı egzersizlerden herhangi birisinin uygulamasında, aynı seansta aynı başlık altındaki veya Temel Egzersizler başlığı altındaki başka herhangi bir egzersiz işleminin uygulaması, Özel Hastalıklarda Egzersiz işleminin kapsamında olup ayrı işlem olarak değerlendirilmez. Egzersiz işlemlerinde kullanılan (kullanılırsa) fizik tedavi amaçlı ilaçların bedeli, işlem ücretine ilave edilir.",new,explicit_frequency_fields_not_parsed,pending,
engine_proposal_67d928a3cb32372e8697d973,B,07.49960,Artroplasti rehabilitasyonu amaçlı egzersiz,sure,partial,07.49960,,{},HUV_06052025.xlsx,"ÖZEL HASTALIKLARDA REHABİLİTASYON AMAÇLI EGZERSİZLER - 07.46788: Bu başlık kapsamında bulunan bütün işlemler, (yatarak/ayaktan tedavi alan) tüm hastalarda günde en fazla bir seans olarak uygulanır ve ücretlendirilir. Bu başlık kapsamında bulunan tüm işlemlerde spesifik ekipman ve fizyoterapist bulunması zorunludur. Özel Hastalıklarda Rehabilitasyon amaçlı egzersizlerden herhangi birisinin uygulamasında, aynı seansta aynı başlık altındaki veya Temel Egzersizler başlığı altındaki başka herhangi bir egzersiz işleminin uygulaması, Özel Hastalıklarda Egzersiz işleminin kapsamında olup ayrı işlem olarak değerlendirilmez. Egzersiz işlemlerinde kullanılan (kullanılırsa) fizik tedavi amaçlı ilaçların bedeli, işlem ücretine ilave edilir.",new,explicit_frequency_fields_not_parsed,pending,
engine_proposal_3f0ee0f7c86a9e225054673d,B,07.50753,"Ortopedik rehabilitasyon amaçlı egzersiz (çapraz bağ, kırık sekeli, menisektomi)",sure,partial,07.50753,,{},HUV_06052025.xlsx,"ÖZEL HASTALIKLARDA REHABİLİTASYON AMAÇLI EGZERSİZLER - 07.46788: Bu başlık kapsamında bulunan bütün işlemler, (yatarak/ayaktan tedavi alan) tüm hastalarda günde en fazla bir seans olarak uygulanır ve ücretlendirilir. Bu başlık kapsamında bulunan tüm işlemlerde spesifik ekipman ve fizyoterapist bulunması zorunludur. Özel Hastalıklarda Rehabilitasyon amaçlı egzersizlerden herhangi birisinin uygulamasında, aynı seansta aynı başlık altındaki veya Temel Egzersizler başlığı altındaki başka herhangi bir egzersiz işleminin uygulaması, Özel Hastalıklarda Egzersiz işleminin kapsamında olup ayrı işlem olarak değerlendirilmez. Egzersiz işlemlerinde kullanılan (kullanılırsa) fizik tedavi amaçlı ilaçların bedeli, işlem ücretine ilave edilir.",new,explicit_frequency_fields_not_parsed,pending,
engine_proposal_599e0d46919775efd2ff0141,B,07.51546,Multipl skleroz rehabilitasyonu ve egzersizi,sure,partial,07.51546,,{},HUV_06052025.xlsx,"ÖZEL HASTALIKLARDA REHABİLİTASYON AMAÇLI EGZERSİZLER - 07.46788: Bu başlık kapsamında bulunan bütün işlemler, (yatarak/ayaktan tedavi alan) tüm hastalarda günde en fazla bir seans olarak uygulanır ve ücretlendirilir. Bu başlık kapsamında bulunan tüm işlemlerde spesifik ekipman ve fizyoterapist bulunması zorunludur. Özel Hastalıklarda Rehabilitasyon amaçlı egzersizlerden herhangi birisinin uygulamasında, aynı seansta aynı başlık altındaki veya Temel Egzersizler başlığı altındaki başka herhangi bir egzersiz işleminin uygulaması, Özel Hastalıklarda Egzersiz işleminin kapsamında olup ayrı işlem olarak değerlendirilmez. Egzersiz işlemlerinde kullanılan (kullanılırsa) fizik tedavi amaçlı ilaçların bedeli, işlem ücretine ilave edilir.",new,explicit_frequency_fields_not_parsed,pending,
engine_proposal_80fc5f9e4747a31379b27120,B,07.52339,Parkinson rehabilitasyonu ve egzersiz,sure,partial,07.52339,,{},HUV_06052025.xlsx,"ÖZEL HASTALIKLARDA REHABİLİTASYON AMAÇLI EGZERSİZLER - 07.46788: Bu başlık kapsamında bulunan bütün işlemler, (yatarak/ayaktan tedavi alan) tüm hastalarda günde en fazla bir seans olarak uygulanır ve ücretlendirilir. Bu başlık kapsamında bulunan tüm işlemlerde spesifik ekipman ve fizyoterapist bulunması zorunludur. Özel Hastalıklarda Rehabilitasyon amaçlı egzersizlerden herhangi birisinin uygulamasında, aynı seansta aynı başlık altındaki veya Temel Egzersizler başlığı altındaki başka herhangi bir egzersiz işleminin uygulaması, Özel Hastalıklarda Egzersiz işleminin kapsamında olup ayrı işlem olarak değerlendirilmez. Egzersiz işlemlerinde kullanılan (kullanılırsa) fizik tedavi amaçlı ilaçların bedeli, işlem ücretine ilave edilir.",new,explicit_frequency_fields_not_parsed,pending,
engine_proposal_04adf8ce939e29e10de9d082,B,07.52735,"Geriatrik Rehabilitasyon (75-84 yaş / orta yaşlı), seansı",birlikteOdenmez,partial,07.52735,,{},HUV_06052025.xlsx,"Bir yılda en fazla 30 seans ücretlendirilir. Bu uygulama ile birlikte, Temel Egzersizler ve Özel Hastalıklarda Rehabilitasyon Egzersizleri (Robotik rehabilitasyon ile Lenfödem kompleks boşaltıcı tedavi ve bandajlama hariç) başlıkları altında bulunan uygulamalar aynı tedavi seansında ücretlendirilemez.ÖZEL HASTALIKLARDA REHABİLİTASYON AMAÇLI EGZERSİZLER - 07.46788: Bu başlık kapsamında bulunan bütün işlemler, (yatarak/ayaktan tedavi alan) tüm hastalarda günde en fazla bir seans olarak uygulanır ve ücretlendirilir. Bu başlık kapsamında bulunan tüm işlemlerde spesifik ekipman ve fizyoterapist bulunması zorunludur. Özel Hastalıklarda Rehabilitasyon amaçlı egzersizlerden herhangi birisinin uygulamasında, aynı seansta aynı başlık altındaki veya Temel Egzersizler başlığı altındaki başka herhangi bir egzersiz işleminin uygulaması, Özel Hastalıklarda Egzersiz işleminin kapsamında olup ayrı işlem olarak değerlendirilmez. Egzersiz işlemlerinde kullanılan (kullanılırsa) fizik tedavi amaçlı ilaçlar",new,canonical_together_target_not_found,pending,
engine_proposal_512e8300ea53a66c7d9406f0,B,07.52735,"Geriatrik Rehabilitasyon (75-84 yaş / orta yaşlı), seansı",sure,partial,07.52735,,{},HUV_06052025.xlsx,"Bir yılda en fazla 30 seans ücretlendirilir. Bu uygulama ile birlikte, Temel Egzersizler ve Özel Hastalıklarda Rehabilitasyon Egzersizleri (Robotik rehabilitasyon ile Lenfödem kompleks boşaltıcı tedavi ve bandajlama hariç) başlıkları altında bulunan uygulamalar aynı tedavi seansında ücretlendirilemez.ÖZEL HASTALIKLARDA REHABİLİTASYON AMAÇLI EGZERSİZLER - 07.46788: Bu başlık kapsamında bulunan bütün işlemler, (yatarak/ayaktan tedavi alan) tüm hastalarda günde en fazla bir seans olarak uygulanır ve ücretlendirilir. Bu başlık kapsamında bulunan tüm işlemlerde spesifik ekipman ve fizyoterapist bulunması zorunludur. Özel Hastalıklarda Rehabilitasyon amaçlı egzersizlerden herhangi birisinin uygulamasında, aynı seansta aynı başlık altındaki veya Temel Egzersizler başlığı altındaki başka herhangi bir egzersiz işleminin uygulaması, Özel Hastalıklarda Egzersiz işleminin kapsamında olup ayrı işlem olarak değerlendirilmez. Egzersiz işlemlerinde kullanılan (kullanılırsa) fizik tedavi amaçlı ilaçlar",new,explicit_frequency_fields_not_parsed,pending,
engine_proposal_4ac519304b53a396c636086f,B,07.52933,"Geriatrik Rehabilitasyon (85 ve üstü yaş / ileri yaşlı), seansı",birlikteOdenmez,partial,07.52933,,{},HUV_06052025.xlsx,"Bir yılda en fazla 30 seans ücretlendirilir. Bu uygulama ile birlikte, Temel Egzersizler ve Özel Hastalıklarda Rehabilitasyon Egzersizleri (Robotik rehabilitasyon ile Lenfödem kompleks boşaltıcı tedavi ve bandajlama hariç) başlıkları altında bulunan uygulamalar aynı tedavi seansında ücretlendirilemez.ÖZEL HASTALIKLARDA REHABİLİTASYON AMAÇLI EGZERSİZLER - 07.46788: Bu başlık kapsamında bulunan bütün işlemler, (yatarak/ayaktan tedavi alan) tüm hastalarda günde en fazla bir seans olarak uygulanır ve ücretlendirilir. Bu başlık kapsamında bulunan tüm işlemlerde spesifik ekipman ve fizyoterapist bulunması zorunludur. Özel Hastalıklarda Rehabilitasyon amaçlı egzersizlerden herhangi birisinin uygulamasında, aynı seansta aynı başlık altındaki veya Temel Egzersizler başlığı altındaki başka herhangi bir egzersiz işleminin uygulaması, Özel Hastalıklarda Egzersiz işleminin kapsamında olup ayrı işlem olarak değerlendirilmez. Egzersiz işlemlerinde kullanılan (kullanılırsa) fizik tedavi amaçlı ilaçlar",new,canonical_together_target_not_found,pending,
engine_proposal_8f2c5c72975b3123575a3492,B,07.52933,"Geriatrik Rehabilitasyon (85 ve üstü yaş / ileri yaşlı), seansı",sure,partial,07.52933,,{},HUV_06052025.xlsx,"Bir yılda en fazla 30 seans ücretlendirilir. Bu uygulama ile birlikte, Temel Egzersizler ve Özel Hastalıklarda Rehabilitasyon Egzersizleri (Robotik rehabilitasyon ile Lenfödem kompleks boşaltıcı tedavi ve bandajlama hariç) başlıkları altında bulunan uygulamalar aynı tedavi seansında ücretlendirilemez.ÖZEL HASTALIKLARDA REHABİLİTASYON AMAÇLI EGZERSİZLER - 07.46788: Bu başlık kapsamında bulunan bütün işlemler, (yatarak/ayaktan tedavi alan) tüm hastalarda günde en fazla bir seans olarak uygulanır ve ücretlendirilir. Bu başlık kapsamında bulunan tüm işlemlerde spesifik ekipman ve fizyoterapist bulunması zorunludur. Özel Hastalıklarda Rehabilitasyon amaçlı egzersizlerden herhangi birisinin uygulamasında, aynı seansta aynı başlık altındaki veya Temel Egzersizler başlığı altındaki başka herhangi bir egzersiz işleminin uygulaması, Özel Hastalıklarda Egzersiz işleminin kapsamında olup ayrı işlem olarak değerlendirilmez. Egzersiz işlemlerinde kullanılan (kullanılırsa) fizik tedavi amaçlı ilaçlar",new,explicit_frequency_fields_not_parsed,pending,
engine_proposal_b9122540166d387b81d145c5,B,07.53132,Kas hastalıklarında egzersiz,sure,partial,07.53132,,{},HUV_06052025.xlsx,"ÖZEL HASTALIKLARDA REHABİLİTASYON AMAÇLI EGZERSİZLER - 07.46788: Bu başlık kapsamında bulunan bütün işlemler, (yatarak/ayaktan tedavi alan) tüm hastalarda günde en fazla bir seans olarak uygulanır ve ücretlendirilir. Bu başlık kapsamında bulunan tüm işlemlerde spesifik ekipman ve fizyoterapist bulunması zorunludur. Özel Hastalıklarda Rehabilitasyon amaçlı egzersizlerden herhangi birisinin uygulamasında, aynı seansta aynı başlık altındaki veya Temel Egzersizler başlığı altındaki başka herhangi bir egzersiz işleminin uygulaması, Özel Hastalıklarda Egzersiz işleminin kapsamında olup ayrı işlem olarak değerlendirilmez. Egzersiz işlemlerinde kullanılan (kullanılırsa) fizik tedavi amaçlı ilaçların bedeli, işlem ücretine ilave edilir.",new,explicit_frequency_fields_not_parsed,pending,
engine_proposal_e15da29b664f5e36d15e84f7,B,07.53925,"Serebro vasküler olayda egzersiz uygulamaları (PNF, Brunstroom, Bobath, vb)",sure,partial,07.53925,,{},HUV_06052025.xlsx,"ÖZEL HASTALIKLARDA REHABİLİTASYON AMAÇLI EGZERSİZLER - 07.46788: Bu başlık kapsamında bulunan bütün işlemler, (yatarak/ayaktan tedavi alan) tüm hastalarda günde en fazla bir seans olarak uygulanır ve ücretlendirilir. Bu başlık kapsamında bulunan tüm işlemlerde spesifik ekipman ve fizyoterapist bulunması zorunludur. Özel Hastalıklarda Rehabilitasyon amaçlı egzersizlerden herhangi birisinin uygulamasında, aynı seansta aynı başlık altındaki veya Temel Egzersizler başlığı altındaki başka herhangi bir egzersiz işleminin uygulaması, Özel Hastalıklarda Egzersiz işleminin kapsamında olup ayrı işlem olarak değerlendirilmez. Egzersiz işlemlerinde kullanılan (kullanılırsa) fizik tedavi amaçlı ilaçların bedeli, işlem ücretine ilave edilir.",new,explicit_frequency_fields_not_parsed,pending,
engine_proposal_2aa69eb139176a63a6a41aca,B,07.54718,Spinal kord lezyonunda rehabilitasyon uygulamaları,sure,partial,07.54718,,{},HUV_06052025.xlsx,"ÖZEL HASTALIKLARDA REHABİLİTASYON AMAÇLI EGZERSİZLER - 07.46788: Bu başlık kapsamında bulunan bütün işlemler, (yatarak/ayaktan tedavi alan) tüm hastalarda günde en fazla bir seans olarak uygulanır ve ücretlendirilir. Bu başlık kapsamında bulunan tüm işlemlerde spesifik ekipman ve fizyoterapist bulunması zorunludur. Özel Hastalıklarda Rehabilitasyon amaçlı egzersizlerden herhangi birisinin uygulamasında, aynı seansta aynı başlık altındaki veya Temel Egzersizler başlığı altındaki başka herhangi bir egzersiz işleminin uygulaması, Özel Hastalıklarda Egzersiz işleminin kapsamında olup ayrı işlem olarak değerlendirilmez. Egzersiz işlemlerinde kullanılan (kullanılırsa) fizik tedavi amaçlı ilaçların bedeli, işlem ücretine ilave edilir.",new,explicit_frequency_fields_not_parsed,pending,
engine_proposal_aae5f8319c758aa5c2105d5e,B,07.55114,"Robotik Rehabilitasyon, seansı",sure,partial,07.55114,,{},HUV_06052025.xlsx,"Bir yılda en fazla 30 seans ücretlendirilir.ÖZEL HASTALIKLARDA REHABİLİTASYON AMAÇLI EGZERSİZLER - 07.46788: Bu başlık kapsamında bulunan bütün işlemler, (yatarak/ayaktan tedavi alan) tüm hastalarda günde en fazla bir seans olarak uygulanır ve ücretlendirilir. Bu başlık kapsamında bulunan tüm işlemlerde spesifik ekipman ve fizyoterapist bulunması zorunludur. Özel Hastalıklarda Rehabilitasyon amaçlı egzersizlerden herhangi birisinin uygulamasında, aynı seansta aynı başlık altındaki veya Temel Egzersizler başlığı altındaki başka herhangi bir egzersiz işleminin uygulaması, Özel Hastalıklarda Egzersiz işleminin kapsamında olup ayrı işlem olarak değerlendirilmez. Egzersiz işlemlerinde kullanılan (kullanılırsa) fizik tedavi amaçlı ilaçların bedeli, işlem ücretine ilave edilir.",new,explicit_frequency_fields_not_parsed,pending,
engine_proposal_8548364a7438a4f5b6235971,B,07.55511,Polio`da rehabilitasyon ve egzersiz,sure,partial,07.55511,,{},HUV_06052025.xlsx,"ÖZEL HASTALIKLARDA REHABİLİTASYON AMAÇLI EGZERSİZLER - 07.46788: Bu başlık kapsamında bulunan bütün işlemler, (yatarak/ayaktan tedavi alan) tüm hastalarda günde en fazla bir seans olarak uygulanır ve ücretlendirilir. Bu başlık kapsamında bulunan tüm işlemlerde spesifik ekipman ve fizyoterapist bulunması zorunludur. Özel Hastalıklarda Rehabilitasyon amaçlı egzersizlerden herhangi birisinin uygulamasında, aynı seansta aynı başlık altındaki veya Temel Egzersizler başlığı altındaki başka herhangi bir egzersiz işleminin uygulaması, Özel Hastalıklarda Egzersiz işleminin kapsamında olup ayrı işlem olarak değerlendirilmez. Egzersiz işlemlerinde kullanılan (kullanılırsa) fizik tedavi amaçlı ilaçların bedeli, işlem ücretine ilave edilir.",new,explicit_frequency_fields_not_parsed,pending,
engine_proposal_de06189be751c1ec7cfadbc3,B,07.55907,Yürüme rehabilitasyonu ve egzersizi,sure,partial,07.55907,,{},HUV_06052025.xlsx,"ÖZEL HASTALIKLARDA REHABİLİTASYON AMAÇLI EGZERSİZLER - 07.46788: Bu başlık kapsamında bulunan bütün işlemler, (yatarak/ayaktan tedavi alan) tüm hastalarda günde en fazla bir seans olarak uygulanır ve ücretlendirilir. Bu başlık kapsamında bulunan tüm işlemlerde spesifik ekipman ve fizyoterapist bulunması zorunludur. Özel Hastalıklarda Rehabilitasyon amaçlı egzersizlerden herhangi birisinin uygulamasında, aynı seansta aynı başlık altındaki veya Temel Egzersizler başlığı altındaki başka herhangi bir egzersiz işleminin uygulaması, Özel Hastalıklarda Egzersiz işleminin kapsamında olup ayrı işlem olarak değerlendirilmez. Egzersiz işlemlerinde kullanılan (kullanılırsa) fizik tedavi amaçlı ilaçların bedeli, işlem ücretine ilave edilir.",new,explicit_frequency_fields_not_parsed,pending,
engine_proposal_6c090e39d49f5776d712d360,B,07.56304,Brakiyal pleksus rehabilitasyonu,sure,partial,07.56304,,{},HUV_06052025.xlsx,"ÖZEL HASTALIKLARDA REHABİLİTASYON AMAÇLI EGZERSİZLER - 07.46788: Bu başlık kapsamında bulunan bütün işlemler, (yatarak/ayaktan tedavi alan) tüm hastalarda günde en fazla bir seans olarak uygulanır ve ücretlendirilir. Bu başlık kapsamında bulunan tüm işlemlerde spesifik ekipman ve fizyoterapist bulunması zorunludur. Özel Hastalıklarda Rehabilitasyon amaçlı egzersizlerden herhangi birisinin uygulamasında, aynı seansta aynı başlık altındaki veya Temel Egzersizler başlığı altındaki başka herhangi bir egzersiz işleminin uygulaması, Özel Hastalıklarda Egzersiz işleminin kapsamında olup ayrı işlem olarak değerlendirilmez. Egzersiz işlemlerinde kullanılan (kullanılırsa) fizik tedavi amaçlı ilaçların bedeli, işlem ücretine ilave edilir.",new,explicit_frequency_fields_not_parsed,pending,
engine_proposal_ef25a2dd3927505d38ebe599,B,07.57097,"Serebral palside rehabilitasyon ve egzersiz (özel egzersiz, Vojta, vb)",sure,partial,07.57097,,{},HUV_06052025.xlsx,"ÖZEL HASTALIKLARDA REHABİLİTASYON AMAÇLI EGZERSİZLER - 07.46788: Bu başlık kapsamında bulunan bütün işlemler, (yatarak/ayaktan tedavi alan) tüm hastalarda günde en fazla bir seans olarak uygulanır ve ücretlendirilir. Bu başlık kapsamında bulunan tüm işlemlerde spesifik ekipman ve fizyoterapist bulunması zorunludur. Özel Hastalıklarda Rehabilitasyon amaçlı egzersizlerden herhangi birisinin uygulamasında, aynı seansta aynı başlık altındaki veya Temel Egzersizler başlığı altındaki başka herhangi bir egzersiz işleminin uygulaması, Özel Hastalıklarda Egzersiz işleminin kapsamında olup ayrı işlem olarak değerlendirilmez. Egzersiz işlemlerinde kullanılan (kullanılırsa) fizik tedavi amaçlı ilaçların bedeli, işlem ücretine ilave edilir.",new,explicit_frequency_fields_not_parsed,pending,
engine_proposal_2cfbb1d8e8b4d75fadb2cbd9,B,07.57890,Travmatik beyin hasarında rehabilitasyon ve egzersiz,sure,partial,07.57890,,{},HUV_06052025.xlsx,"ÖZEL HASTALIKLARDA REHABİLİTASYON AMAÇLI EGZERSİZLER - 07.46788: Bu başlık kapsamında bulunan bütün işlemler, (yatarak/ayaktan tedavi alan) tüm hastalarda günde en fazla bir seans olarak uygulanır ve ücretlendirilir. Bu başlık kapsamında bulunan tüm işlemlerde spesifik ekipman ve fizyoterapist bulunması zorunludur. Özel Hastalıklarda Rehabilitasyon amaçlı egzersizlerden herhangi birisinin uygulamasında, aynı seansta aynı başlık altındaki veya Temel Egzersizler başlığı altındaki başka herhangi bir egzersiz işleminin uygulaması, Özel Hastalıklarda Egzersiz işleminin kapsamında olup ayrı işlem olarak değerlendirilmez. Egzersiz işlemlerinde kullanılan (kullanılırsa) fizik tedavi amaçlı ilaçların bedeli, işlem ücretine ilave edilir.",new,explicit_frequency_fields_not_parsed,pending,
engine_proposal_2394b6753f4ac246b26d7311,B,07.59476,El rehabilitasyonu egzersizi (RA vb),sure,partial,07.59476,,{},HUV_06052025.xlsx,"ÖZEL HASTALIKLARDA REHABİLİTASYON AMAÇLI EGZERSİZLER - 07.46788: Bu başlık kapsamında bulunan bütün işlemler, (yatarak/ayaktan tedavi alan) tüm hastalarda günde en fazla bir seans olarak uygulanır ve ücretlendirilir. Bu başlık kapsamında bulunan tüm işlemlerde spesifik ekipman ve fizyoterapist bulunması zorunludur. Özel Hastalıklarda Rehabilitasyon amaçlı egzersizlerden herhangi birisinin uygulamasında, aynı seansta aynı başlık altındaki veya Temel Egzersizler başlığı altındaki başka herhangi bir egzersiz işleminin uygulaması, Özel Hastalıklarda Egzersiz işleminin kapsamında olup ayrı işlem olarak değerlendirilmez. Egzersiz işlemlerinde kullanılan (kullanılırsa) fizik tedavi amaçlı ilaçların bedeli, işlem ücretine ilave edilir.",new,explicit_frequency_fields_not_parsed,pending,
engine_proposal_6e6f38d10a6ebb5cc09a3f34,B,07.60269,Majör eklem replantasyonu rehabilitasyonu,sure,partial,07.60269,,{},HUV_06052025.xlsx,"ÖZEL HASTALIKLARDA REHABİLİTASYON AMAÇLI EGZERSİZLER - 07.46788: Bu başlık kapsamında bulunan bütün işlemler, (yatarak/ayaktan tedavi alan) tüm hastalarda günde en fazla bir seans olarak uygulanır ve ücretlendirilir. Bu başlık kapsamında bulunan tüm işlemlerde spesifik ekipman ve fizyoterapist bulunması zorunludur. Özel Hastalıklarda Rehabilitasyon amaçlı egzersizlerden herhangi birisinin uygulamasında, aynı seansta aynı başlık altındaki veya Temel Egzersizler başlığı altındaki başka herhangi bir egzersiz işleminin uygulaması, Özel Hastalıklarda Egzersiz işleminin kapsamında olup ayrı işlem olarak değerlendirilmez. Egzersiz işlemlerinde kullanılan (kullanılırsa) fizik tedavi amaçlı ilaçların bedeli, işlem ücretine ilave edilir.",new,explicit_frequency_fields_not_parsed,pending,
engine_proposal_702e38c0451fd24747565b88,B,07.61062,Parmak replantasyonu rehabilitasyonu,sure,partial,07.61062,,{},HUV_06052025.xlsx,"ÖZEL HASTALIKLARDA REHABİLİTASYON AMAÇLI EGZERSİZLER - 07.46788: Bu başlık kapsamında bulunan bütün işlemler, (yatarak/ayaktan tedavi alan) tüm hastalarda günde en fazla bir seans olarak uygulanır ve ücretlendirilir. Bu başlık kapsamında bulunan tüm işlemlerde spesifik ekipman ve fizyoterapist bulunması zorunludur. Özel Hastalıklarda Rehabilitasyon amaçlı egzersizlerden herhangi birisinin uygulamasında, aynı seansta aynı başlık altındaki veya Temel Egzersizler başlığı altındaki başka herhangi bir egzersiz işleminin uygulaması, Özel Hastalıklarda Egzersiz işleminin kapsamında olup ayrı işlem olarak değerlendirilmez. Egzersiz işlemlerinde kullanılan (kullanılırsa) fizik tedavi amaçlı ilaçların bedeli, işlem ücretine ilave edilir.",new,explicit_frequency_fields_not_parsed,pending,
engine_proposal_6a7fab6514b77357c21e3d74,B,07.61855,Tek tendon sinir rehabilitasyonu,sure,partial,07.61855,,{},HUV_06052025.xlsx,"ÖZEL HASTALIKLARDA REHABİLİTASYON AMAÇLI EGZERSİZLER - 07.46788: Bu başlık kapsamında bulunan bütün işlemler, (yatarak/ayaktan tedavi alan) tüm hastalarda günde en fazla bir seans olarak uygulanır ve ücretlendirilir. Bu başlık kapsamında bulunan tüm işlemlerde spesifik ekipman ve fizyoterapist bulunması zorunludur. Özel Hastalıklarda Rehabilitasyon amaçlı egzersizlerden herhangi birisinin uygulamasında, aynı seansta aynı başlık altındaki veya Temel Egzersizler başlığı altındaki başka herhangi bir egzersiz işleminin uygulaması, Özel Hastalıklarda Egzersiz işleminin kapsamında olup ayrı işlem olarak değerlendirilmez. Egzersiz işlemlerinde kullanılan (kullanılırsa) fizik tedavi amaçlı ilaçların bedeli, işlem ücretine ilave edilir.",new,explicit_frequency_fields_not_parsed,pending,
engine_proposal_9954541917658e9fee6aea0a,B,07.62648,Multipl tendon/multipl sinir rehabilitasyonu,sure,partial,07.62648,,{},HUV_06052025.xlsx,"ÖZEL HASTALIKLARDA REHABİLİTASYON AMAÇLI EGZERSİZLER - 07.46788: Bu başlık kapsamında bulunan bütün işlemler, (yatarak/ayaktan tedavi alan) tüm hastalarda günde en fazla bir seans olarak uygulanır ve ücretlendirilir. Bu başlık kapsamında bulunan tüm işlemlerde spesifik ekipman ve fizyoterapist bulunması zorunludur. Özel Hastalıklarda Rehabilitasyon amaçlı egzersizlerden herhangi birisinin uygulamasında, aynı seansta aynı başlık altındaki veya Temel Egzersizler başlığı altındaki başka herhangi bir egzersiz işleminin uygulaması, Özel Hastalıklarda Egzersiz işleminin kapsamında olup ayrı işlem olarak değerlendirilmez. Egzersiz işlemlerinde kullanılan (kullanılırsa) fizik tedavi amaçlı ilaçların bedeli, işlem ücretine ilave edilir.",new,explicit_frequency_fields_not_parsed,pending,
engine_proposal_21280e6d94742f45263827ae,B,07.63441,Lenfödem kompleks boşaltıcı tedavi ve bandajlama,sure,partial,07.63441,,{},HUV_06052025.xlsx,"ÖZEL HASTALIKLARDA REHABİLİTASYON AMAÇLI EGZERSİZLER - 07.46788: Bu başlık kapsamında bulunan bütün işlemler, (yatarak/ayaktan tedavi alan) tüm hastalarda günde en fazla bir seans olarak uygulanır ve ücretlendirilir. Bu başlık kapsamında bulunan tüm işlemlerde spesifik ekipman ve fizyoterapist bulunması zorunludur. Özel Hastalıklarda Rehabilitasyon amaçlı egzersizlerden herhangi birisinin uygulamasında, aynı seansta aynı başlık altındaki veya Temel Egzersizler başlığı altındaki başka herhangi bir egzersiz işleminin uygulaması, Özel Hastalıklarda Egzersiz işleminin kapsamında olup ayrı işlem olarak değerlendirilmez. Egzersiz işlemlerinde kullanılan (kullanılırsa) fizik tedavi amaçlı ilaçların bedeli, işlem ücretine ilave edilir.",new,explicit_frequency_fields_not_parsed,pending,
engine_proposal_aaf5b777bf94073bcb2299ce,B,07.67406,İzokinetik egzersiz,sure,partial,07.67406,,{},HUV_06052025.xlsx,DİĞER - 07.65820: Bu işlemlerin uygulanmasında ergoterapist veya fizyoterapist bulunması zorunludur. Bu uygulamalarda fizik tedavi amaçlı ilaçlar kullanılırsa bedeli uygulamaya ilave edilir.,new,explicit_frequency_fields_not_parsed,pending,
engine_proposal_d70868f36314ef20db042dd6,B,07.68199,"Rehabilitasyon amacı ile kullanılan yardımcı cihaz eğitimi (özel donanımlı, tekerlekli sandalye, adaptif teknoloji kullanımı)",sure,partial,07.68199,,{},HUV_06052025.xlsx,DİĞER - 07.65820: Bu işlemlerin uygulanmasında ergoterapist veya fizyoterapist bulunması zorunludur. Bu uygulamalarda fizik tedavi amaçlı ilaçlar kullanılırsa bedeli uygulamaya ilave edilir.,new,explicit_frequency_fields_not_parsed,pending,
engine_proposal_e2e3c2fa0898a24477115325,B,07.68992,Mesleki rehabilitasyon,sure,partial,07.68992,,{},HUV_06052025.xlsx,DİĞER - 07.65820: Bu işlemlerin uygulanmasında ergoterapist veya fizyoterapist bulunması zorunludur. Bu uygulamalarda fizik tedavi amaçlı ilaçlar kullanılırsa bedeli uygulamaya ilave edilir.,new,explicit_frequency_fields_not_parsed,pending,
engine_proposal_eaf21715cfaf74c8ea11af8b,B,07.72164,Ayak taban basıncı değerlendirilmesi,sure,partial,07.72164,,{},HUV_06052025.xlsx,DİĞER - 07.65820: Bu işlemlerin uygulanmasında ergoterapist veya fizyoterapist bulunması zorunludur. Bu uygulamalarda fizik tedavi amaçlı ilaçlar kullanılırsa bedeli uygulamaya ilave edilir.,new,explicit_frequency_fields_not_parsed,pending,
engine_proposal_9c47e80ceb33f5be869b41f3,B,07.72560,İzokinetik dinamometrik ölçüm,sure,partial,07.72560,,{},HUV_06052025.xlsx,DİĞER - 07.65820: Bu işlemlerin uygulanmasında ergoterapist veya fizyoterapist bulunması zorunludur. Bu uygulamalarda fizik tedavi amaçlı ilaçlar kullanılırsa bedeli uygulamaya ilave edilir.,new,explicit_frequency_fields_not_parsed,pending,
engine_proposal_9a1748375956a071aa640770,B,07.84852,Larengeal EMG,birlikteOdenmez,partial,07.84852,,"{""evrakBazliMi"":true,""sourceSutCode"":""704440"",""targetSutCodes"":[""704430"",""704450""]}",EK-2B HİZMET BAŞI İŞLEM PUAN LİSTESİ (Yür. 02.09.2023).xlsx,"704430, 704450 ile birlikte faturalandırılmaz.",new,"unresolved_target_sut_codes:704430,704450",pending,
engine_proposal_060b1d57c12d30b27cbe40de,B,10.04615,"Akım volüm halkası (inspiratuvar, ekspiratuar akım)",birlikteOdenmez,partial,10.04615,,"{""evrakBazliMi"":true,""sourceSutCode"":""701220"",""targetSutCodes"":[""701210"",""701230""]}",EK-2B HİZMET BAŞI İŞLEM PUAN LİSTESİ (Yür. 02.09.2023).xlsx,"701210, 701230 ile birlikte faturalandırılmaz.",new,"source_crosswalk_not_trusted|unresolved_target_sut_codes:701210,701230",pending,
engine_proposal_6f0bb6a37a934fd92692f77e,B,10.07691,Astım tanısı ve izleminde PEF takibi,birlikteOdenmez,partial,10.07691,,"{""evrakBazliMi"":true,""sourceSutCode"":""701220"",""targetSutCodes"":[""701210"",""701230""]}",EK-2B HİZMET BAŞI İŞLEM PUAN LİSTESİ (Yür. 02.09.2023).xlsx,"701210, 701230 ile birlikte faturalandırılmaz.",new,"source_crosswalk_not_trusted|unresolved_target_sut_codes:701210,701230",pending,
engine_proposal_095206cdabc733116488b40b,B,10.12305,Helyum gazıyla difüzyon ölçümü,birlikteOdenmez,partial,10.12305,,"{""evrakBazliMi"":true,""sourceSutCode"":""701220"",""targetSutCodes"":[""701210"",""701230""]}",EK-2B HİZMET BAŞI İŞLEM PUAN LİSTESİ (Yür. 02.09.2023).xlsx,"701210, 701230 ile birlikte faturalandırılmaz.",new,"unresolved_target_sut_codes:701210,701230",pending,
engine_proposal_25f8e2d2006a8b56c46c9c27,B,10.13843,Kapanış volümü (nitrojen yıkama testi),birlikteOdenmez,partial,10.13843,,"{""evrakBazliMi"":true,""sourceSutCode"":""701220"",""targetSutCodes"":[""701210"",""701230""]}",EK-2B HİZMET BAŞI İŞLEM PUAN LİSTESİ (Yür. 02.09.2023).xlsx,"701210, 701230 ile birlikte faturalandırılmaz.",new,"unresolved_target_sut_codes:701210,701230",pending,
engine_proposal_a31ce847d67f19bd5631674e,B,10.15381,"Rezidüel volüm, fonksiyonel rezidüel kapasite, total akciğer kapasitesi ölçümü",birlikteOdenmez,partial,10.15381,,"{""evrakBazliMi"":true,""sourceSutCode"":""701220"",""targetSutCodes"":[""701210"",""701230""]}",EK-2B HİZMET BAŞI İŞLEM PUAN LİSTESİ (Yür. 02.09.2023).xlsx,"701210, 701230 ile birlikte faturalandırılmaz.",new,"source_crosswalk_not_trusted|unresolved_target_sut_codes:701210,701230",pending,
engine_proposal_0ed5ee76b1387bb8c1b3ef43,B,10.16919,Pletismografik metodla havayolu direncinin ölçümü,birlikteOdenmez,partial,10.16919,,"{""evrakBazliMi"":true,""sourceSutCode"":""701220"",""targetSutCodes"":[""701210"",""701230""]}",EK-2B HİZMET BAŞI İŞLEM PUAN LİSTESİ (Yür. 02.09.2023).xlsx,"701210, 701230 ile birlikte faturalandırılmaz.",new,"unresolved_target_sut_codes:701210,701230",pending,
engine_proposal_d8d32d8c36df809bf48a9841,B,10.18457,Kompliyans ölçümü (statik-dinamik),birlikteOdenmez,partial,10.18457,,"{""evrakBazliMi"":true,""sourceSutCode"":""701220"",""targetSutCodes"":[""701210"",""701230""]}",EK-2B HİZMET BAŞI İŞLEM PUAN LİSTESİ (Yür. 02.09.2023).xlsx,"701210, 701230 ile birlikte faturalandırılmaz.",new,"unresolved_target_sut_codes:701210,701230",pending,
engine_proposal_91df1ff578fac886ddfe3546,B,10.19995,"MIP, MEP (Pİ max, PE max)",birlikteOdenmez,partial,10.19995,,"{""evrakBazliMi"":true,""sourceSutCode"":""703390"",""targetSutCodes"":[""703400""]}",EK-2B HİZMET BAŞI İŞLEM PUAN LİSTESİ (Yür. 02.09.2023).xlsx,703400 ile birlikte faturalandırılmaz.,new,unresolved_target_sut_codes:703400,pending,
engine_proposal_90c91c0095697512ae2349a3,B,10.21533,Kardiyopulmoner egzersiz testleri,sure,partial,10.21533,,"{""sourceSutCode"":""701130""}",EK-2B HİZMET BAŞI İŞLEM PUAN LİSTESİ (Yür. 02.09.2023).xlsx,Tedavi süresince en fazla iki adet faturalandırılır.,new,frequency_period_or_limit_incomplete,pending,
engine_proposal_9472527732080a740dfc75cf,B,10.23071,Maksimum oksijen tüketimi,birlikteOdenmez,partial,10.23071,,"{""evrakBazliMi"":true,""sourceSutCode"":""701220"",""targetSutCodes"":[""701210"",""701230""]}",EK-2B HİZMET BAŞI İŞLEM PUAN LİSTESİ (Yür. 02.09.2023).xlsx,"701210, 701230 ile birlikte faturalandırılmaz.",new,"source_crosswalk_not_trusted|unresolved_target_sut_codes:701210,701230",pending,
engine_proposal_32a76807e98090d3b8120e19,B,10.26147,Ekspirasyon havasında CO ölçümü,birlikteOdenmez,partial,10.26147,,"{""evrakBazliMi"":true,""sourceSutCode"":""701220"",""targetSutCodes"":[""701210"",""701230""]}",EK-2B HİZMET BAŞI İŞLEM PUAN LİSTESİ (Yür. 02.09.2023).xlsx,"701210, 701230 ile birlikte faturalandırılmaz.",new,"source_crosswalk_not_trusted|unresolved_target_sut_codes:701210,701230",pending,
engine_proposal_33931911b07ea744677cf405,B,11.00817,3 yaş ve altı oftalmik muayene (Skiaskopi ve retina muayenesi dahil),sure,partial,11.00817,,{},HUV_06052025.xlsx,İşlem birimi iki göz içindir ve 48 ayı tamamlamamış tüm çocukları kapsar.,new,explicit_frequency_fields_not_parsed,pending,
engine_proposal_54e998fc60723d378cdd26cc,B,11.01225,"Tam oftalmik muayene, genel anestezi altında (anestezi hariç)",sure,partial,11.01225,,{},HUV_06052025.xlsx,"İşlem birimi iki göz içindir. Anestezi işlemi muayenenin kapsamında değildir, ayrı işlem olarak değerlendirilir. Uygulanan anestezinin birimi, cerrahi anestezi uygulama ilkeleri, ASA skoru ve/veya özel durumlarda anestezi birim farkları gibi, bölümün kendine ait hesap ilkeleri ile değerlendirilir.",new,explicit_frequency_fields_not_parsed,pending,
engine_proposal_c303e7ede8a6372251dea50e,B,11.02041,Ultrasonik ve/veya optik korneal pakimetri,sure,partial,11.02041,,{},HUV_06052025.xlsx,İşlem birimi tek göz içindir. Aynı işlem ikinci göze yapılırsa biriminin % 50’si oranında ilave yapılır.,new,explicit_frequency_fields_not_parsed,pending,
engine_proposal_afd8e51b9546940f5d79531f,B,11.02449,Korneanın biyomekanik değerlendirilmesi,sure,partial,11.02449,,{},HUV_06052025.xlsx,İşlem birimi tek göz içindir. Aynı işlem ikinci göze yapılırsa biriminin % 50’si oranında ilave yapılır.,new,explicit_frequency_fields_not_parsed,pending,
engine_proposal_f8fa55a76e6398ff1f8f661c,B,11.03265,Konfokal kornea mikroskopisi,sure,partial,11.03265,,{},HUV_06052025.xlsx,İşlem birimi tek göz içindir. Aynı işlem ikinci göze yapılırsa biriminin % 50’si oranında ilave yapılır.,new,explicit_frequency_fields_not_parsed,pending,
engine_proposal_66ac22dc1a919d230cc92215,B,11.04081,"Gözün wavefront analizi, aberrometri",sure,partial,11.04081,,{},HUV_06052025.xlsx,İşlem birimi tek göz içindir. Aynı işlem ikinci göze yapılırsa biriminin % 50’si oranında ilave yapılır.,new,explicit_frequency_fields_not_parsed,pending,
engine_proposal_da060387c41b18793d5d9c55,B,11.04489,"Kornea topografisi, wave front analizi (Korneal aberrometri) ile birlikte",sure,partial,11.04489,,{},HUV_06052025.xlsx,İşlem birimi tek göz içindir. Aynı işlem ikinci göze yapılırsa biriminin % 50’si oranında ilave yapılır.,new,explicit_frequency_fields_not_parsed,pending,
engine_proposal_f20a3d3ab237756f584e5519,B,11.05305,"Ön segment tomografisi, yarık ışıklı kornea ve ön segment analiz sistemleri ile",sure,partial,11.05305,,{},HUV_06052025.xlsx,İşlem birimi tek göz içindir. Aynı işlem ikinci göze yapılırsa biriminin % 50’si oranında ilave yapılır.,new,explicit_frequency_fields_not_parsed,pending,
engine_proposal_873abd02328c1b08e57b8c0c,B,11.05713,Ultrasonik biyomikroskopi (UBM),sure,partial,11.05713,,{},HUV_06052025.xlsx,İşlem birimi tek göz içindir. Aynı işlem ikinci göze yapılırsa biriminin % 50’si oranında ilave yapılır.,new,explicit_frequency_fields_not_parsed,pending,
engine_proposal_26f91394700ae3478f6163d0,B,11.06121,Ultrasonik kontakt biyometri,sure,partial,11.06121,,{},HUV_06052025.xlsx,İşlem birimi tek göz içindir. Aynı işlem ikinci göze yapılırsa biriminin % 50’si oranında ilave yapılır.,new,explicit_frequency_fields_not_parsed,pending,
engine_proposal_1d24ba077fa356a36ede33a4,B,11.06529,Ultrasonik immersiyon biyometrisi,sure,partial,11.06529,,{},HUV_06052025.xlsx,İşlem birimi tek göz içindir. Aynı işlem ikinci göze yapılırsa biriminin % 50’si oranında ilave yapılır.,new,explicit_frequency_fields_not_parsed,pending,
engine_proposal_5a27e42ca4a0dfa69b712cb8,B,11.06937,Optik biyometri,sure,partial,11.06937,,{},HUV_06052025.xlsx,İşlem birimi tek göz içindir. Aynı işlem ikinci göze yapılırsa biriminin % 50’si oranında ilave yapılır.,new,explicit_frequency_fields_not_parsed,pending,
engine_proposal_3fdb9eb6f3739d6f13d4ae0f,B,11.07753,"OCT, SLO, NFA ve/veya diğer optik analiz sistemleri ile optik disk, makula, retinal sinir lifleri tabakası (biri veya birden fazlası)* incelemesi",sure,partial,11.07753,,{},HUV_06052025.xlsx,İşlem birimi tek göz içindir. Aynı işlem ikinci göze yapılırsa biriminin % 50’si oranında ilave yapılır.,new,explicit_frequency_fields_not_parsed,pending,
engine_proposal_9287274759316a54f976b15e,B,11.07957,OCT Anjiyografi (OCTA),sure,partial,11.07957,,{},HUV_06052025.xlsx,İşlem birimi tek göz içindir. Aynı işlem ikinci göze yapılırsa biriminin % 50’si oranında ilave yapılır.,new,explicit_frequency_fields_not_parsed,pending,
engine_proposal_b65d7ebf04f0f6523eee2cf2,B,11.08569,Mikroperimetri,birlikteOdenmez,partial,11.08569,,"{""evrakBazliMi"":true,""sourceSutCode"":""703570"",""targetSutCodes"":[""703690""]}",EK-2B HİZMET BAŞI İŞLEM PUAN LİSTESİ (Yür. 02.09.2023).xlsx,703690 ile birlikte faturalandırılmaz.,new,source_crosswalk_not_trusted|unresolved_target_sut_codes:703690,pending,
engine_proposal_17138e29a0191b9a70dfd7b3,B,11.08569,Mikroperimetri,sure,partial,11.08569,,{},HUV_06052025.xlsx,İşlem birimi tek göz içindir. Aynı işlem ikinci göze yapılırsa biriminin % 50’si oranında ilave yapılır.,new,explicit_frequency_fields_not_parsed,pending,
engine_proposal_48e658ef82b65deec796f694,B,11.09793,Göz küresinin A ve B taramalı kombine ultrasonografisi,sure,partial,11.09793,,{},HUV_06052025.xlsx,İşlem birimi tek göz içindir. Aynı işlem ikinci göze yapılırsa biriminin % 50’si oranında ilave yapılır.,new,explicit_frequency_fields_not_parsed,pending,
engine_proposal_ed1840cf097ff62a70a4188a,B,11.10201,Ön kamara sıvısında kantitatif ışık yayılması ve hücre tayini,sure,partial,11.10201,,{},HUV_06052025.xlsx,İşlem birimi tek göz içindir. Aynı işlem ikinci göze yapılırsa biriminin % 50’si oranında ilave yapılır.,new,explicit_frequency_fields_not_parsed,pending,
engine_proposal_a8fdffd2b383953e7bcefa28,B,11.10813,ERG (Elektroretinografi),birlikteOdenmez,partial,11.10813,,"{""evrakBazliMi"":true,""sourceSutCode"":""703620"",""targetSutCodes"":[""703630"",""703640""]}",EK-2B HİZMET BAŞI İŞLEM PUAN LİSTESİ (Yür. 02.09.2023).xlsx,"703630, 703640 ile birlikte faturalandırılmaz.",new,"unresolved_target_sut_codes:703630,703640",pending,
engine_proposal_d5352b5475a87c0118dd7eb9,B,11.10813,ERG (Elektroretinografi),sure,partial,11.10813,,{},HUV_06052025.xlsx,"Bu elektrofizyolojik test, tek veya iki göz incelemesini de kapsar. Bu test, pattern ERG, flaş ERG (karanlık safha, aydınlık safha, Flicker) renkli ERG, on-off ERG, s-cone ERG, L-cone ERG testlerinin tümünü kapsar. Testte kullanılan rutin ve/veya çok kullanımlık tıbbi sarf malzemeleri işlemin kapsamındadır, ayrı ücretlendirilmez. Testte kullanılan bu işleme özgü tek kullanımlık tıbbi sarf malzemeleri (erg jet/dtl plus vb elektrotlar) işlemin kapsamında değildir, rayiç ücretleri ile ek olarak ücretlendirilir. Ancak bu ücretin geçerli olması için işlem öncesinde hastadan aydınlatılmış onam veya (varsa) ödeyici kurumundan provizyon alınması gereklidir.",new,explicit_frequency_fields_not_parsed,pending,
engine_proposal_6fb86afc4b9972c1de102abb,B,11.10915,Mültifokal ERG (Elektroretinografi),birlikteOdenmez,partial,11.10915,,"{""evrakBazliMi"":true,""sourceSutCode"":""703620"",""targetSutCodes"":[""703630"",""703640""]}",EK-2B HİZMET BAŞI İŞLEM PUAN LİSTESİ (Yür. 02.09.2023).xlsx,"703630, 703640 ile birlikte faturalandırılmaz.",new,"unresolved_target_sut_codes:703630,703640",pending,
engine_proposal_7c0d73bd1e20cf27476a6dbf,B,11.10915,Mültifokal ERG (Elektroretinografi),sure,partial,11.10915,,{},HUV_06052025.xlsx,"Bu elektrofizyolojik test, tek veya iki göz incelemesini de kapsar. Bu test, iki farklı uyaranlı pattern ERG ve flaş ERG testlerini kapsar. Testte kullanılan rutin ve/veya çok kullanımlık tıbbi sarf malzemeleri işlemin kapsamındadır, ayrı ücretlendirilmez. Testte kullanılan bu işleme özgü tek kullanımlık tıbbi sarf malzemeleri (erg jet/dtl plus vb elektrotlar) işlemin kapsamında değildir, rayiç ücretleri ile ek olarak ücretlendirilir. Ancak bu ücretin geçerli olması için işlem öncesinde hastadan aydınlatılmış onam veya (varsa) ödeyici kurumundan provizyon alınması gereklidir.",new,explicit_frequency_fields_not_parsed,pending,
engine_proposal_47c745c979aeacdbb207e714,B,11.13057,Ameliyat öncesi potansiyel görmenin ölçülmesi (PAM),birlikteOdenmez,partial,11.13057,,"{""evrakBazliMi"":true,""sourceSutCode"":""703570"",""targetSutCodes"":[""703690""]}",EK-2B HİZMET BAŞI İŞLEM PUAN LİSTESİ (Yür. 02.09.2023).xlsx,703690 ile birlikte faturalandırılmaz.,new,source_crosswalk_not_trusted|unresolved_target_sut_codes:703690,pending,
engine_proposal_e1c65c562f04582bc41e3e28,B,11.13057,Ameliyat öncesi potansiyel görmenin ölçülmesi (PAM),sure,partial,11.13057,,{},HUV_06052025.xlsx,İşlem birimi tek göz içindir. Aynı işlem ikinci göze yapılırsa biriminin % 50’si oranında ilave yapılır.,new,explicit_frequency_fields_not_parsed,pending,
engine_proposal_36bf2af9c9c8104a08d6368f,B,11.13465,Ön segment fotografisi,sure,partial,11.13465,,{},HUV_06052025.xlsx,İşlem birimi tek göz içindir. Aynı işlem ikinci göze yapılırsa biriminin % 50’si oranında ilave yapılır.,new,explicit_frequency_fields_not_parsed,pending,
engine_proposal_a60766b9ce91728074e8ae06,B,11.13873,Arka segment fundus fotografisi,sure,partial,11.13873,,{},HUV_06052025.xlsx,İşlem birimi tek göz içindir. Aynı işlem ikinci göze yapılırsa biriminin % 50’si oranında ilave yapılır.,new,explicit_frequency_fields_not_parsed,pending,
engine_proposal_9577529a625a34ac719de7d1,B,11.14281,Optik disk stereo fotografisi,sure,partial,11.14281,,{},HUV_06052025.xlsx,İşlem birimi tek göz içindir. Aynı işlem ikinci göze yapılırsa biriminin % 50’si oranında ilave yapılır.,new,explicit_frequency_fields_not_parsed,pending,
engine_proposal_061de61c925c115c2d685a5e,B,11.14689,Fundus otofloresan fotoğraf,sure,partial,11.14689,,{},HUV_06052025.xlsx,İşlem birimi tek göz içindir. Aynı işlem ikinci göze yapılırsa biriminin % 50’si oranında ilave yapılır.,new,explicit_frequency_fields_not_parsed,pending,
engine_proposal_8f75f9bee7d0450318fa5d2e,B,11.16933,"IPL/YDI (intense pulsed light/yoğun darbeli ışık) Tedavisi, seansı",sure,partial,11.16933,,{},HUV_06052025.xlsx,"İşlem birimi, bir veya iki gözde uygulama için aynıdır, değişmez. Meibomian (gözyaşı yağı) bez bozukluğu (MGD/MBD), şelazyon ve bilefarit tedavisinde uygulanan işlem, bir aylık kür boyunca en fazla 4 seans ile ücretlendirilir.",new,explicit_frequency_fields_not_parsed,pending,
engine_proposal_bcdb4c52eb1841d6c1d4e6e6,B,11.17035,"Düşük Isı Maske Tedavisi, seansı",sure,partial,11.17035,,{},HUV_06052025.xlsx,"İşlem birimi, bir veya iki gözde uygulama için aynıdır, değişmez. Meibomian (gözyaşı yağı) bez bozukluğu (MGD/MBD) ile şelazyon ve demodex bilefariti (DFF) tedavisinde uygulanan işlem, bir aylık kür boyunca en fazla 4 seans ile ücretlendirilir.",new,explicit_frequency_fields_not_parsed,pending,
engine_proposal_0b02decb6c9233f7c526d32e,B,11.17086,"IPL/YDI + Düşük Isı Maske Tedavisi, seansı",sure,partial,11.17086,,{},HUV_06052025.xlsx,"İşlem birimi, bir veya iki gözde uygulama için aynıdır, değişmez. Meibomian (gözyaşı yağı) bez bozukluğu (MGD/MBD), şelazyon ve bilefarit tedavisinde uygulanan işlem, bir aylık kür boyunca en fazla 4 seans ile ücretlendirilir.",new,explicit_frequency_fields_not_parsed,pending,
engine_proposal_673834762d8659012355f708,B,11.17137,Gözyaşı osmolaritesi tayini,sure,partial,11.17137,,{},HUV_06052025.xlsx,İşlem birimi tek göz içindir. Aynı işlem ikinci göze yapılırsa biriminin % 50’si oranında ilave yapılır.,new,explicit_frequency_fields_not_parsed,pending,
engine_proposal_2e45eeb44892779d09cc0203,B,11.17953,Jones boya testleri,sure,partial,11.17953,,{},HUV_06052025.xlsx,İşlem birimi tek göz içindir. Aynı işlem ikinci göze yapılırsa biriminin % 50’si oranında ilave yapılır.,new,explicit_frequency_fields_not_parsed,pending,
engine_proposal_d17d83489b900a5d57373d46,B,11.18361,Kontakt lens muayene ve uygulaması; sferik optik ve kozmetik yumuşak lens,sure,partial,11.18361,,{},HUV_06052025.xlsx,İşlem birimi tek göz içindir. Aynı işlem ikinci göze yapılırsa biriminin % 50’si oranında ilave yapılır.,new,explicit_frequency_fields_not_parsed,pending,
engine_proposal_abf0c57a90b6074723369888,B,12.12101,HOMA IR İndeksi,sure,partial,12.12101,,{},HUV_06052025.xlsx,"Kanda 1 açlık kan şekeri (glukoz) ve 1 açlık insülin değeri ile aritmetik olarak hesaplanan bu değeri saptamak için yapılan kan şekeri ve insülin ölçümleri bu işlemin kapsamındadır, ayrı işlem olarak değerlendirilmez.",new,explicit_frequency_fields_not_parsed,pending,
engine_proposal_5077987a8866e5b901b8ebb6,B,12.16457,İntravenöz glukoz tolerans testi (IVGTT),sure,partial,12.16457,,{},HUV_06052025.xlsx,"İşlem, yatan ve/veya oral alamayan hastalarda iv glukoz ile 3/4 saatlik zaman diliminde, (belirli aralıklarla) alınan kan örneklerinde bakılan 6/7 glukoz ölçümünü (tümünü) tanımlar.",new,explicit_frequency_fields_not_parsed,pending,
engine_proposal_76c7c03d2bcf26c55fdcc343,B,12.33155,Helikobakter pilori üreaz testi (biyopsiden),sure,partial,12.33155,,{},HUV_06052025.xlsx,"İşlemde kullanılan indikatör test kapsamındadır, ayrı ücretlendirilmez. TANISAL ENDOSKOPİYİ TAKİBEN YAPILAN TERAPÖTİK İŞLEMLER - 12.27589: Alt ve üst gastrointestinal sistemin terapötik işlem birimleri aynıdır. Bu işlemler, tanısal endoskopik işlemi takiben aynı seansta uyguladığında, (tanımda aksine bir not yoksa, kesi ve seans kuralından bağımsız olarak) listede tanımlı birimleri (tamamı) tanısal endoskopik işlem birimine eklenerek değerlendirilir.",new,explicit_frequency_fields_not_parsed,pending,
engine_proposal_295d40797f0db6ce5c5c870b,B,12.90993,İdrar dilüsyon testi,birlikteOdenmez,complete,12.90993|34.48774,,"{""evrakBazliMi"":true,""sourceSutCode"":""L120000"",""targetSutCodes"":[""L103560"",""L103570"",""L104790"",""L104800"",""L107010""]}",EK-2B HİZMET BAŞI İŞLEM PUAN LİSTESİ (Yür. 02.09.2023).xlsx,"Bu parametrelerin yer aldığı L103560, L103570, L104790, L104800, L107010 ile birlikte faturalandırılmaz.",new,"source_crosswalk_not_trusted|unresolved_target_sut_codes:L103570,L104790,L104800,L107010",pending,
engine_proposal_a95d6baf485602bab3346e94,B,13.11056,"Jinekolojik muayene, US eşliğinde",sure,partial,13.11056,,{},HUV_06052025.xlsx,"Ayrıca muayene ücreti alınmaz, rapor yazılmaz.",new,explicit_frequency_fields_not_parsed,pending,
engine_proposal_b41b4c1e614a28555e793d68,B,13.11391,"Jinekolojik muayene, Doppler US eşliğinde",birlikteOdenmez,partial,13.11391,,"{""evrakBazliMi"":true,""sourceSutCode"":""803730"",""targetSutCodes"":[""803560""]}",EK-2B HİZMET BAŞI İŞLEM PUAN LİSTESİ (Yür. 02.09.2023).xlsx,803560 ile birlikte faturalandırılmaz.,new,unresolved_target_sut_codes:803560,pending,
engine_proposal_6978ca4d477124249e930dcf,B,13.11391,"Jinekolojik muayene, Doppler US eşliğinde",sure,partial,13.11391,,{},HUV_06052025.xlsx,"Ayrıca muayene ücreti alınmaz, rapor yazılmaz.",new,explicit_frequency_fields_not_parsed,pending,
engine_proposal_f4cf6da6696a27b8fc3e79dd,B,13.11726,"Obstetrik muayene, US eşliğinde",birlikteOdenmez,partial,13.11726,,"{""evrakBazliMi"":true,""sourceSutCode"":""803450"",""targetSutCodes"":[""803710""]}",EK-2B HİZMET BAŞI İŞLEM PUAN LİSTESİ (Yür. 02.09.2023).xlsx,803710 ile birlikte faturalandırılmaz.,new,official_source_locator_or_quote_missing|source_crosswalk_not_trusted|unresolved_target_sut_codes:803710,pending,
engine_proposal_ccac51f021794f3b1397e8ba,B,13.11726,"Obstetrik muayene, US eşliğinde",sure,partial,13.11726,,{},HUV_06052025.xlsx,"Ayrıca muayene ücreti alınmaz, rapor yazılmaz.",new,explicit_frequency_fields_not_parsed,pending,
engine_proposal_830cbe3eaf31f3e1526a2688,B,13.72361,"Obstetrik US (12 hafta üzeri, çoğul gebelik, her fetus için)",birlikteOdenmez,partial,13.72361,,"{""evrakBazliMi"":true,""sourceSutCode"":""803450"",""targetSutCodes"":[""803710""]}",EK-2B HİZMET BAŞI İŞLEM PUAN LİSTESİ (Yür. 02.09.2023).xlsx,803710 ile birlikte faturalandırılmaz.,new,official_source_locator_or_quote_missing|unresolved_target_sut_codes:803710,pending,
engine_proposal_feb42fa26d4a3628a8161c5a,B,13.72696,"Obstetrik US+Doppler inceleme (12 hafta üzeri, tek gebelik)",birlikteOdenmez,partial,13.72696,,"{""evrakBazliMi"":true,""sourceSutCode"":""803450"",""targetSutCodes"":[""803710""]}",EK-2B HİZMET BAŞI İŞLEM PUAN LİSTESİ (Yür. 02.09.2023).xlsx,803710 ile birlikte faturalandırılmaz.,new,official_source_locator_or_quote_missing|unresolved_target_sut_codes:803710,pending,
engine_proposal_d1908bf52bbc279dca400635,B,13.73031,"Obstetrik US+Doppler inceleme (12 hafta üzeri çoğul gebelik, her fetus için)",birlikteOdenmez,partial,13.73031,,"{""evrakBazliMi"":true,""sourceSutCode"":""803450"",""targetSutCodes"":[""803710""]}",EK-2B HİZMET BAŞI İŞLEM PUAN LİSTESİ (Yür. 02.09.2023).xlsx,803710 ile birlikte faturalandırılmaz.,new,official_source_locator_or_quote_missing|unresolved_target_sut_codes:803710,pending,
engine_proposal_859303e4d866f131ffac3abd,B,13.73366,"Obstetrik US ile detaylı anomali taraması (12 hafta üzeri, tek gebelik, vajinal ve/veya abdominal)",birlikteOdenmez,partial,13.73366,,"{""evrakBazliMi"":true,""sourceSutCode"":""803450"",""targetSutCodes"":[""803710""]}",EK-2B HİZMET BAŞI İŞLEM PUAN LİSTESİ (Yür. 02.09.2023).xlsx,803710 ile birlikte faturalandırılmaz.,new,official_source_locator_or_quote_missing|unresolved_target_sut_codes:803710,pending,
engine_proposal_2ba78a0443f280a853b4692a,B,13.73701,"Obstetrik US ile detaylı anomali taraması (12 hafta üzeri, çoğul gebelik, vajinal ve/veya abdominal), her fetus için",birlikteOdenmez,partial,13.73701,O80|Z37|Z37.0|Z37.1|Z37.2|Z37.3|Z37.4|Z37.5|Z37.6|Z37.7|Z37.9,"{""evrakBazliMi"":true,""sourceSutCode"":""803450"",""targetSutCodes"":[""803710""]}",EK-2B HİZMET BAŞI İŞLEM PUAN LİSTESİ (Yür. 02.09.2023).xlsx,803710 ile birlikte faturalandırılmaz.,new,official_source_locator_or_quote_missing|unresolved_target_sut_codes:803710,pending,
engine_proposal_a8e6eb8ef71f6e9466ae0951,B,15.20082,"Vektör Kardiyografi (VKG), yapay zeka denetimli",sure,partial,15.20082,,{},HUV_06052025.xlsx,"İşlem, yapay zeka, machine-learning ve Cardisio algoritma tekniklerini kullanarak, VKG ve konvansiyonel EKG parametrelerini analiz eden Cardisiography vb uygulamaları kapsar.",new,explicit_frequency_fields_not_parsed,pending,
engine_proposal_790b0d18847b72b480652457,B,16.05934,Dinamik posturografi,birlikteOdenmez,partial,16.05934,,"{""evrakBazliMi"":true,""sourceSutCode"":""704150"",""targetSutCodes"":[""703930""]}",EK-2B HİZMET BAŞI İŞLEM PUAN LİSTESİ (Yür. 02.09.2023).xlsx,703930 ile birlikte faturalandırılmaz.,new,source_crosswalk_not_trusted|unresolved_target_sut_codes:703930,pending,
engine_proposal_daf7e024175e91d53824daa0,B,16.06283,VNG (Videonistagmografi),sure,partial,16.06283,,{},HUV_06052025.xlsx,"Bu işlem, baş dönmesi olan hastaları değerlendirmeye yönelik özel inceleme yöntemi olup kayıt cihazı kullanılarak yapılan, spontan nistagmus, bakış (gaze) nistagmusu kayıtları, post-head-shake nistagmus kayıtları, pozisyonel testler (Dix Hallpike vb), smooth pursuit, sakkadlar, optokinetik test ve kalorik testi kapsayan bir test bataryasıdır. Uygulanması halinde yalnız tanımlı birimi ile ücretlendirilir.",new,explicit_frequency_fields_not_parsed,pending,
engine_proposal_50cb958706992dc25df66277,B,16.07534,HIT (Head Impulse Test),sure,partial,16.07534,,{},HUV_06052025.xlsx,"Bu işlem, baş dönmesinin periferik mi santral mi olduğunu anlamaya yönelik özel bir testtir. Rutin kbb muayenesinde veya onun kapsamında yapılan bir test değildir. Yalnız baş dönmesi sorunu olan hastaların muayenesinde uygulanması halinde değerlendirilir.",new,explicit_frequency_fields_not_parsed,pending,
engine_proposal_98d2205db1f4e8d1a8ef50fe,B,17.04244,"Motor uyarılmış potansiyeller (MEP), alt ektremiteler/üst ektremiteler",birlikteOdenmez,partial,17.04244,,"{""evrakBazliMi"":true,""sourceSutCode"":""703390"",""targetSutCodes"":[""703400""]}",EK-2B HİZMET BAŞI İŞLEM PUAN LİSTESİ (Yür. 02.09.2023).xlsx,703400 ile birlikte faturalandırılmaz.,new,source_crosswalk_not_trusted|unresolved_target_sut_codes:703400,pending,
engine_proposal_1db4a2ba0def0fe0e45cdc9e,B,17.04480,"Motor uyarılmış potansiyeller (MEP), Kraniyal sinir, her bir kraniyal sinir çifti",birlikteOdenmez,complete,17.04480|10.19995,,"{""evrakBazliMi"":true,""sourceSutCode"":""703400"",""targetSutCodes"":[""703390""]}",EK-2B HİZMET BAŞI İŞLEM PUAN LİSTESİ (Yür. 02.09.2023).xlsx,703390 ile birlikte faturalandırılmaz.,new,official_source_locator_or_quote_missing|source_crosswalk_not_trusted,pending,
engine_proposal_9663eb3afd41d77c0bc6f4b3,B,17.06130,"Somatosensoryel Uyarılmış Potansiyeller (SEP), alt ekstremiteler/üst ekstremiteler",birlikteOdenmez,partial,17.06130,,"{""evrakBazliMi"":true,""sourceSutCode"":""703420"",""targetSutCodes"":[""703430""]}",EK-2B HİZMET BAŞI İŞLEM PUAN LİSTESİ (Yür. 02.09.2023).xlsx,703430 ile birlikte faturalandırılmaz.,new,ambiguous_target_sut_codes:703430|source_crosswalk_not_trusted,pending,
engine_proposal_cf83f2062be9f2a25457a516,B,17.06366,"Somatosensoryel Uyarılmış Potansiyeller (SEP), Trigeminal sinirler",birlikteOdenmez,partial,17.06366,,"{""evrakBazliMi"":true,""sourceSutCode"":""703430"",""targetSutCodes"":[""703420""]}",EK-2B HİZMET BAŞI İŞLEM PUAN LİSTESİ (Yür. 02.09.2023).xlsx,703420 ile birlikte faturalandırılmaz.,new,official_source_locator_or_quote_missing|unresolved_target_sut_codes:703420,pending,
engine_proposal_8632dec7b4ea5596c3df297d,B,17.06484,"Somatosensoryel Uyarılmış Potansiyeller (SEP), Pudental sinirler",birlikteOdenmez,partial,17.06484,,"{""evrakBazliMi"":true,""sourceSutCode"":""703430"",""targetSutCodes"":[""703420""]}",EK-2B HİZMET BAŞI İŞLEM PUAN LİSTESİ (Yür. 02.09.2023).xlsx,703420 ile birlikte faturalandırılmaz.,new,official_source_locator_or_quote_missing|unresolved_target_sut_codes:703420,pending,
engine_proposal_85781403ef80561ffe35b599,B,17.11317,Larengeal EMG,birlikteOdenmez,partial,17.11317,,"{""evrakBazliMi"":true,""sourceSutCode"":""704440"",""targetSutCodes"":[""704430"",""704450""]}",EK-2B HİZMET BAŞI İŞLEM PUAN LİSTESİ (Yür. 02.09.2023).xlsx,"704430, 704450 ile birlikte faturalandırılmaz.",new,"unresolved_target_sut_codes:704430,704450",pending,
engine_proposal_d5a034e7c145369c2f140f09,B,17.81570,"Botulinum toksini enjeksiyonu, kronik migren tedavisinde, seansı, ilaç hariç",birlikteOdenmez,partial,17.81570,,"{""evrakBazliMi"":true,""sourceSutCode"":""703460"",""targetSutCodes"":[""700020""]}",EK-2B HİZMET BAŞI İŞLEM PUAN LİSTESİ (Yür. 02.09.2023).xlsx,700020 ile birlikte faturalandırılmaz.,new,source_crosswalk_not_trusted|unresolved_target_sut_codes:700020,pending,
engine_proposal_64a54563573d972e9d89af65,B,17.81570,"Botulinum toksini enjeksiyonu, kronik migren tedavisinde, seansı, ilaç hariç",sure,partial,17.81570,,"{""sourceSutCode"":""703460""}",EK-2B HİZMET BAŞI İŞLEM PUAN LİSTESİ (Yür. 02.09.2023).xlsx,Tedavi süresince bir adet faturalandırılır.,new,frequency_period_or_limit_incomplete|source_crosswalk_not_trusted,pending,
engine_proposal_7329f9de8e4e885d23c5ff86,B,17.81570,"Botulinum toksini enjeksiyonu, kronik migren tedavisinde, seansı, ilaç hariç",sure,partial,17.81570,,{},HUV_06052025.xlsx,"İşlem, kronik migren tedavisinde 4 ayrı alan/bölgede (frontal, her iki temporal, oksipital, servikal bölgede toplam 31 tetik noktaya, her bir tetik nokta için 5 ünite doz olarak) yapılan botulinum toksin-A enjeksiyonu seansının tamamını kapsar. İşlem, daha önce tedavi için iki proflaktik ajan kullanılmış ve fakat migren atakları halen kronik migren sıklığında devam eden hastalarda geçerlidir. İşlem, üç ayda en çok 1 seans ve yılda en çok 4 seans uygulama ile ücretlendirilir.",new,explicit_frequency_fields_not_parsed,pending,
engine_proposal_0ea0a7edf208cbd4069ce499,B,19.01283,Vertebral çalışma (AP+lateral),sure,partial,19.01283,,{},HUV_06052025.xlsx,"KEMİK MİNERAL YOĞUNLUĞU ÖLÇÜMÜ - 19.00642: Günlük pratikte “DEXA (Dual Enerji X-ray Absorbsiyometri) İncelemesi / Kemik Survey Tetkiki / Kemik Dansitometri” olarak bilinen işlemler, aynı uygulamayı tanımlayan diğer isimlerdir. NÜKLEER TIP - 19.00001: Nükleer tıp incelemesinde kullanılan tüm radyofarmasotikler ve tıbbi sarf malzemesi, işleme dahildir, ayrı ücretlendirilmez. Nükleer tıp incelemesi ve raporlaması nükleer tıp uzmanı tarafından yapılır. PET/BT veya PET/MR cihazı kullanılarak, PET görüntüleme ile eş zamanlı çekilen BT/MR görüntüleri, (diyagnostik amaçla yapılması ve radyoloji uzmanı tarafından raporlanması kaydı ile) PET işleminden ayrı ek işlem olarak değerlendirilir ve radyoloji listesinde tanımlı birimi ile ücretlendirilir.",new,explicit_frequency_fields_not_parsed,pending,
engine_proposal_f7169f4e0786c9e80196c77e,B,19.01924,Vertebral çalışma (lateral),sure,partial,19.01924,,{},HUV_06052025.xlsx,"KEMİK MİNERAL YOĞUNLUĞU ÖLÇÜMÜ - 19.00642: Günlük pratikte “DEXA (Dual Enerji X-ray Absorbsiyometri) İncelemesi / Kemik Survey Tetkiki / Kemik Dansitometri” olarak bilinen işlemler, aynı uygulamayı tanımlayan diğer isimlerdir. NÜKLEER TIP - 19.00001: Nükleer tıp incelemesinde kullanılan tüm radyofarmasotikler ve tıbbi sarf malzemesi, işleme dahildir, ayrı ücretlendirilmez. Nükleer tıp incelemesi ve raporlaması nükleer tıp uzmanı tarafından yapılır. PET/BT veya PET/MR cihazı kullanılarak, PET görüntüleme ile eş zamanlı çekilen BT/MR görüntüleri, (diyagnostik amaçla yapılması ve radyoloji uzmanı tarafından raporlanması kaydı ile) PET işleminden ayrı ek işlem olarak değerlendirilir ve radyoloji listesinde tanımlı birimi ile ücretlendirilir.",new,explicit_frequency_fields_not_parsed,pending,
engine_proposal_e614b093a3284139a832fc4f,B,19.02565,Femur proksimali çalışması (HIP),sure,partial,19.02565,,{},HUV_06052025.xlsx,"KEMİK MİNERAL YOĞUNLUĞU ÖLÇÜMÜ - 19.00642: Günlük pratikte “DEXA (Dual Enerji X-ray Absorbsiyometri) İncelemesi / Kemik Survey Tetkiki / Kemik Dansitometri” olarak bilinen işlemler, aynı uygulamayı tanımlayan diğer isimlerdir. NÜKLEER TIP - 19.00001: Nükleer tıp incelemesinde kullanılan tüm radyofarmasotikler ve tıbbi sarf malzemesi, işleme dahildir, ayrı ücretlendirilmez. Nükleer tıp incelemesi ve raporlaması nükleer tıp uzmanı tarafından yapılır. PET/BT veya PET/MR cihazı kullanılarak, PET görüntüleme ile eş zamanlı çekilen BT/MR görüntüleri, (diyagnostik amaçla yapılması ve radyoloji uzmanı tarafından raporlanması kaydı ile) PET işleminden ayrı ek işlem olarak değerlendirilir ve radyoloji listesinde tanımlı birimi ile ücretlendirilir.",new,explicit_frequency_fields_not_parsed,pending,
engine_proposal_c08a65116c2a628048ae8455,B,19.03206,Önkol (ulna-radius) çalışması,sure,partial,19.03206,,{},HUV_06052025.xlsx,"KEMİK MİNERAL YOĞUNLUĞU ÖLÇÜMÜ - 19.00642: Günlük pratikte “DEXA (Dual Enerji X-ray Absorbsiyometri) İncelemesi / Kemik Survey Tetkiki / Kemik Dansitometri” olarak bilinen işlemler, aynı uygulamayı tanımlayan diğer isimlerdir. NÜKLEER TIP - 19.00001: Nükleer tıp incelemesinde kullanılan tüm radyofarmasotikler ve tıbbi sarf malzemesi, işleme dahildir, ayrı ücretlendirilmez. Nükleer tıp incelemesi ve raporlaması nükleer tıp uzmanı tarafından yapılır. PET/BT veya PET/MR cihazı kullanılarak, PET görüntüleme ile eş zamanlı çekilen BT/MR görüntüleri, (diyagnostik amaçla yapılması ve radyoloji uzmanı tarafından raporlanması kaydı ile) PET işleminden ayrı ek işlem olarak değerlendirilir ve radyoloji listesinde tanımlı birimi ile ücretlendirilir.",new,explicit_frequency_fields_not_parsed,pending,
engine_proposal_53e2906908b5062fe87640ed,B,19.03526,Kemik Mineral Yoğunluğu Ölçümü (tüm vücut çalışması),birlikteOdenmez,partial,19.03526,,{},HUV_06052025.xlsx,"Tüm vücut çalışması, birden fazla bölgesel çalışmayı (vertebral çalışma+femur proksimali çalışması ve/veya önkol çalışması) içerir. Bu çalışma ile birlikte uygulanan bölgesel çalışma işlemleri, işlem kapsamında olup ayrı değerlendirilemez. KEMİK MİNERAL YOĞUNLUĞU ÖLÇÜMÜ - 19.00642: Günlük pratikte “DEXA (Dual Enerji X-ray Absorbsiyometri) İncelemesi / Kemik Survey Tetkiki / Kemik Dansitometri” olarak bilinen işlemler, aynı uygulamayı tanımlayan diğer isimlerdir. NÜKLEER TIP - 19.00001: Nükleer tıp incelemesinde kullanılan tüm radyofarmasotikler ve tıbbi sarf malzemesi, işleme dahildir, ayrı ücretlendirilmez. Nükleer tıp incelemesi ve raporlaması nükleer tıp uzmanı tarafından yapılır. PET/BT veya PET/MR cihazı kullanılarak, PET görüntüleme ile eş zamanlı çekilen BT/MR görüntüleri, (diyagnostik amaçla yapılması ve radyoloji uzmanı tarafından raporlanması kaydı ile) PET işleminden ayrı ek işlem olarak değerlendirilir ve radyoloji listesinde tanımlı birimi ile ücretlendirilir.",new,canonical_together_target_not_found,pending,
engine_proposal_eca3849d83a70f47742da145,B,19.03526,Kemik Mineral Yoğunluğu Ölçümü (tüm vücut çalışması),birlikteOdenmez,partial,19.03526,,"{""evrakBazliMi"":true,""sourceSutCode"":""800890"",""targetSutCodes"":[""800880""]}",EK-2B HİZMET BAŞI İŞLEM PUAN LİSTESİ (Yür. 02.09.2023).xlsx,800880 ile birlikte faturalandırılmaz.,new,official_source_locator_or_quote_missing|unresolved_target_sut_codes:800880,pending,
engine_proposal_3c56700c18e603f7a7db0c35,B,19.03526,Kemik Mineral Yoğunluğu Ölçümü (tüm vücut çalışması),sure,partial,19.03526,,{},HUV_06052025.xlsx,"Tüm vücut çalışması, birden fazla bölgesel çalışmayı (vertebral çalışma+femur proksimali çalışması ve/veya önkol çalışması) içerir. Bu çalışma ile birlikte uygulanan bölgesel çalışma işlemleri, işlem kapsamında olup ayrı değerlendirilemez. KEMİK MİNERAL YOĞUNLUĞU ÖLÇÜMÜ - 19.00642: Günlük pratikte “DEXA (Dual Enerji X-ray Absorbsiyometri) İncelemesi / Kemik Survey Tetkiki / Kemik Dansitometri” olarak bilinen işlemler, aynı uygulamayı tanımlayan diğer isimlerdir. NÜKLEER TIP - 19.00001: Nükleer tıp incelemesinde kullanılan tüm radyofarmasotikler ve tıbbi sarf malzemesi, işleme dahildir, ayrı ücretlendirilmez. Nükleer tıp incelemesi ve raporlaması nükleer tıp uzmanı tarafından yapılır. PET/BT veya PET/MR cihazı kullanılarak, PET görüntüleme ile eş zamanlı çekilen BT/MR görüntüleri, (diyagnostik amaçla yapılması ve radyoloji uzmanı tarafından raporlanması kaydı ile) PET işleminden ayrı ek işlem olarak değerlendirilir ve radyoloji listesinde tanımlı birimi ile ücretlendirilir.",new,explicit_frequency_fields_not_parsed,pending,
engine_proposal_2ef9b1225b3fe66968c1a71c,B,19.04488,Akciğer perfüzyon sintigrafisi,sure,partial,19.04488,,{},HUV_06052025.xlsx,"NÜKLEER TIP - 19.00001: Nükleer tıp incelemesinde kullanılan tüm radyofarmasotikler ve tıbbi sarf malzemesi, işleme dahildir, ayrı ücretlendirilmez. Nükleer tıp incelemesi ve raporlaması nükleer tıp uzmanı tarafından yapılır. PET/BT veya PET/MR cihazı kullanılarak, PET görüntüleme ile eş zamanlı çekilen BT/MR görüntüleri, (diyagnostik amaçla yapılması ve radyoloji uzmanı tarafından raporlanması kaydı ile) PET işleminden ayrı ek işlem olarak değerlendirilir ve radyoloji listesinde tanımlı birimi ile ücretlendirilir.",new,explicit_frequency_fields_not_parsed,pending,
engine_proposal_a83c5292d2f12c434d932360,B,19.06411,Akciğer ventilasyon sintigrafisi (Tc-99m aerosol kompleksleri ile),sure,partial,19.06411,,{},HUV_06052025.xlsx,"NÜKLEER TIP - 19.00001: Nükleer tıp incelemesinde kullanılan tüm radyofarmasotikler ve tıbbi sarf malzemesi, işleme dahildir, ayrı ücretlendirilmez. Nükleer tıp incelemesi ve raporlaması nükleer tıp uzmanı tarafından yapılır. PET/BT veya PET/MR cihazı kullanılarak, PET görüntüleme ile eş zamanlı çekilen BT/MR görüntüleri, (diyagnostik amaçla yapılması ve radyoloji uzmanı tarafından raporlanması kaydı ile) PET işleminden ayrı ek işlem olarak değerlendirilir ve radyoloji listesinde tanımlı birimi ile ücretlendirilir.",new,explicit_frequency_fields_not_parsed,pending,
engine_proposal_6710f005c3a21ae8a6dac499,B,19.11859,Beyin Amiloid PET,sure,partial,19.11859,,{},HUV_06052025.xlsx,"Bu işlem, F-18 Flutemetamol (Vizamyl), F-18 florbetapir, F-18 florbetaben vb. FDA/EMA onayı bulunan amiloid PET ajanları ile yapılan görüntülemeyi kapsar. PET görüntüleme sırasında atenüasyon düzeltmesi ve anatomik haritalama amacı ile çekilen BT/MR ayrıca ücretlendirilmez. Amiloid PET görüntülemenin yapılabilmesi (ücretlendirilebilmesi) için aşağıdaki koşulların sağlanması gerekir; 1 - Geçici olmayan hafif bilişsel bozukluk veya erken dönem AH&rsquo;nı düşündüren hasta, aşağıdaki tüm klinik kriterleri de karşılamalıdır: Hasta yaşı &lt; 80 CDR-global skoru 0.5 &ndash; 1 MMSE skoru 20 &ndash; 30 Nöropsikolojik testlerde gösterilen bilişsel bozukluk varlığı Son altı ay içerisinde beyin MRG ve beyin FDG PET incelemelerinin yapılmış olması ve bu incelemelerde dışlama kriterlerinde belirtilen özelliklerin saptanmamış olması Hastanın güvenilir bilgi verebilen bir yakını veya bakıcısı olması 2 - Aşağıdaki maddelerden herhangi birinin varlığında beyin amiloid PET incelemesi yapılmamalıdır (dış",new,explicit_frequency_fields_not_parsed,pending,
engine_proposal_33ca67e0e10787034ecaacbf,B,19.14744,Ventriküler sıvı kaçağı ve şant analizi,sure,partial,19.14744,,{},HUV_06052025.xlsx,"NÜKLEER TIP - 19.00001: Nükleer tıp incelemesinde kullanılan tüm radyofarmasotikler ve tıbbi sarf malzemesi, işleme dahildir, ayrı ücretlendirilmez. Nükleer tıp incelemesi ve raporlaması nükleer tıp uzmanı tarafından yapılır. PET/BT veya PET/MR cihazı kullanılarak, PET görüntüleme ile eş zamanlı çekilen BT/MR görüntüleri, (diyagnostik amaçla yapılması ve radyoloji uzmanı tarafından raporlanması kaydı ile) PET işleminden ayrı ek işlem olarak değerlendirilir ve radyoloji listesinde tanımlı birimi ile ücretlendirilir.",new,explicit_frequency_fields_not_parsed,pending,
engine_proposal_f2e0c9e22c07eccbe90081f8,B,19.22436,Radyonüklid anjiyografi ve şant analizi,sure,partial,19.22436,,{},HUV_06052025.xlsx,"NÜKLEER TIP - 19.00001: Nükleer tıp incelemesinde kullanılan tüm radyofarmasotikler ve tıbbi sarf malzemesi, işleme dahildir, ayrı ücretlendirilmez. Nükleer tıp incelemesi ve raporlaması nükleer tıp uzmanı tarafından yapılır. PET/BT veya PET/MR cihazı kullanılarak, PET görüntüleme ile eş zamanlı çekilen BT/MR görüntüleri, (diyagnostik amaçla yapılması ve radyoloji uzmanı tarafından raporlanması kaydı ile) PET işleminden ayrı ek işlem olarak değerlendirilir ve radyoloji listesinde tanımlı birimi ile ücretlendirilir.",new,explicit_frequency_fields_not_parsed,pending,
engine_proposal_fd76ec282046eb085f8953db,B,19.37820,Gastrointestinal kanama yerinin saptanması,sure,partial,19.37820,K92.2,{},HUV_06052025.xlsx,"NÜKLEER TIP - 19.00001: Nükleer tıp incelemesinde kullanılan tüm radyofarmasotikler ve tıbbi sarf malzemesi, işleme dahildir, ayrı ücretlendirilmez. Nükleer tıp incelemesi ve raporlaması nükleer tıp uzmanı tarafından yapılır. PET/BT veya PET/MR cihazı kullanılarak, PET görüntüleme ile eş zamanlı çekilen BT/MR görüntüleri, (diyagnostik amaçla yapılması ve radyoloji uzmanı tarafından raporlanması kaydı ile) PET işleminden ayrı ek işlem olarak değerlendirilir ve radyoloji listesinde tanımlı birimi ile ücretlendirilir.",new,explicit_frequency_fields_not_parsed,pending,
engine_proposal_556e48314f6adc27f1c97ea5,B,19.39743,Gastrointestinal şant analizi,sure,partial,19.39743,,{},HUV_06052025.xlsx,"NÜKLEER TIP - 19.00001: Nükleer tıp incelemesinde kullanılan tüm radyofarmasotikler ve tıbbi sarf malzemesi, işleme dahildir, ayrı ücretlendirilmez. Nükleer tıp incelemesi ve raporlaması nükleer tıp uzmanı tarafından yapılır. PET/BT veya PET/MR cihazı kullanılarak, PET görüntüleme ile eş zamanlı çekilen BT/MR görüntüleri, (diyagnostik amaçla yapılması ve radyoloji uzmanı tarafından raporlanması kaydı ile) PET işleminden ayrı ek işlem olarak değerlendirilir ve radyoloji listesinde tanımlı birimi ile ücretlendirilir.",new,explicit_frequency_fields_not_parsed,pending,
engine_proposal_9d10c6b9e2edcdf94842fbc3,B,19.42948,Meckel divertikülü sintigrafisi,sure,partial,19.42948,,{},HUV_06052025.xlsx,"NÜKLEER TIP - 19.00001: Nükleer tıp incelemesinde kullanılan tüm radyofarmasotikler ve tıbbi sarf malzemesi, işleme dahildir, ayrı ücretlendirilmez. Nükleer tıp incelemesi ve raporlaması nükleer tıp uzmanı tarafından yapılır. PET/BT veya PET/MR cihazı kullanılarak, PET görüntüleme ile eş zamanlı çekilen BT/MR görüntüleri, (diyagnostik amaçla yapılması ve radyoloji uzmanı tarafından raporlanması kaydı ile) PET işleminden ayrı ek işlem olarak değerlendirilir ve radyoloji listesinde tanımlı birimi ile ücretlendirilir.",new,explicit_frequency_fields_not_parsed,pending,
engine_proposal_46dad329ef69e04428b7a6b1,B,19.44871,Tükrük bezleri çalışması,sure,partial,19.44871,,{},HUV_06052025.xlsx,"NÜKLEER TIP - 19.00001: Nükleer tıp incelemesinde kullanılan tüm radyofarmasotikler ve tıbbi sarf malzemesi, işleme dahildir, ayrı ücretlendirilmez. Nükleer tıp incelemesi ve raporlaması nükleer tıp uzmanı tarafından yapılır. PET/BT veya PET/MR cihazı kullanılarak, PET görüntüleme ile eş zamanlı çekilen BT/MR görüntüleri, (diyagnostik amaçla yapılması ve radyoloji uzmanı tarafından raporlanması kaydı ile) PET işleminden ayrı ek işlem olarak değerlendirilir ve radyoloji listesinde tanımlı birimi ile ücretlendirilir.",new,explicit_frequency_fields_not_parsed,pending,
engine_proposal_da761036be730d55da45d09f,B,19.45512,C-14 ile üre nefes testi,sure,partial,19.45512,,{},HUV_06052025.xlsx,"NÜKLEER TIP - 19.00001: Nükleer tıp incelemesinde kullanılan tüm radyofarmasotikler ve tıbbi sarf malzemesi, işleme dahildir, ayrı ücretlendirilmez. Nükleer tıp incelemesi ve raporlaması nükleer tıp uzmanı tarafından yapılır. PET/BT veya PET/MR cihazı kullanılarak, PET görüntüleme ile eş zamanlı çekilen BT/MR görüntüleri, (diyagnostik amaçla yapılması ve radyoloji uzmanı tarafından raporlanması kaydı ile) PET işleminden ayrı ek işlem olarak değerlendirilir ve radyoloji listesinde tanımlı birimi ile ücretlendirilir.",new,explicit_frequency_fields_not_parsed,pending,
engine_proposal_c00b425ee232632a03b4225a,B,19.47435,Böbrek sintigrafisi (diüretkli veya diüretiksiz Tc-99m-MAG3 ile),sure,partial,19.47435,,{},HUV_06052025.xlsx,"NÜKLEER TIP - 19.00001: Nükleer tıp incelemesinde kullanılan tüm radyofarmasotikler ve tıbbi sarf malzemesi, işleme dahildir, ayrı ücretlendirilmez. Nükleer tıp incelemesi ve raporlaması nükleer tıp uzmanı tarafından yapılır. PET/BT veya PET/MR cihazı kullanılarak, PET görüntüleme ile eş zamanlı çekilen BT/MR görüntüleri, (diyagnostik amaçla yapılması ve radyoloji uzmanı tarafından raporlanması kaydı ile) PET işleminden ayrı ek işlem olarak değerlendirilir ve radyoloji listesinde tanımlı birimi ile ücretlendirilir.",new,explicit_frequency_fields_not_parsed,pending,
engine_proposal_e7cdaf2d8a5e1d0e2ca905aa,B,19.48717,Renal kortikal SPECT (DMSA),sure,partial,19.48717,,{},HUV_06052025.xlsx,"NÜKLEER TIP - 19.00001: Nükleer tıp incelemesinde kullanılan tüm radyofarmasotikler ve tıbbi sarf malzemesi, işleme dahildir, ayrı ücretlendirilmez. Nükleer tıp incelemesi ve raporlaması nükleer tıp uzmanı tarafından yapılır. PET/BT veya PET/MR cihazı kullanılarak, PET görüntüleme ile eş zamanlı çekilen BT/MR görüntüleri, (diyagnostik amaçla yapılması ve radyoloji uzmanı tarafından raporlanması kaydı ile) PET işleminden ayrı ek işlem olarak değerlendirilir ve radyoloji listesinde tanımlı birimi ile ücretlendirilir.",new,explicit_frequency_fields_not_parsed,pending,
engine_proposal_a6afd1403f074a946a4fd756,B,19.49358,GFR ölçümü (görüntüsüz),sure,partial,19.49358,,{},HUV_06052025.xlsx,"NÜKLEER TIP - 19.00001: Nükleer tıp incelemesinde kullanılan tüm radyofarmasotikler ve tıbbi sarf malzemesi, işleme dahildir, ayrı ücretlendirilmez. Nükleer tıp incelemesi ve raporlaması nükleer tıp uzmanı tarafından yapılır. PET/BT veya PET/MR cihazı kullanılarak, PET görüntüleme ile eş zamanlı çekilen BT/MR görüntüleri, (diyagnostik amaçla yapılması ve radyoloji uzmanı tarafından raporlanması kaydı ile) PET işleminden ayrı ek işlem olarak değerlendirilir ve radyoloji listesinde tanımlı birimi ile ücretlendirilir.",new,explicit_frequency_fields_not_parsed,pending,
engine_proposal_33bcd7a0114cdb05b7869d61,B,19.51281,İyodohipüran ile böbrek sintigrafisi,sure,partial,19.51281,,{},HUV_06052025.xlsx,"NÜKLEER TIP - 19.00001: Nükleer tıp incelemesinde kullanılan tüm radyofarmasotikler ve tıbbi sarf malzemesi, işleme dahildir, ayrı ücretlendirilmez. Nükleer tıp incelemesi ve raporlaması nükleer tıp uzmanı tarafından yapılır. PET/BT veya PET/MR cihazı kullanılarak, PET görüntüleme ile eş zamanlı çekilen BT/MR görüntüleri, (diyagnostik amaçla yapılması ve radyoloji uzmanı tarafından raporlanması kaydı ile) PET işleminden ayrı ek işlem olarak değerlendirilir ve radyoloji listesinde tanımlı birimi ile ücretlendirilir.",new,explicit_frequency_fields_not_parsed,pending,
engine_proposal_023df8f498aa6aea2f729a95,B,19.51922,Kaptopril renogram (çift çalışma),sure,partial,19.51922,,{},HUV_06052025.xlsx,"NÜKLEER TIP - 19.00001: Nükleer tıp incelemesinde kullanılan tüm radyofarmasotikler ve tıbbi sarf malzemesi, işleme dahildir, ayrı ücretlendirilmez. Nükleer tıp incelemesi ve raporlaması nükleer tıp uzmanı tarafından yapılır. PET/BT veya PET/MR cihazı kullanılarak, PET görüntüleme ile eş zamanlı çekilen BT/MR görüntüleri, (diyagnostik amaçla yapılması ve radyoloji uzmanı tarafından raporlanması kaydı ile) PET işleminden ayrı ek işlem olarak değerlendirilir ve radyoloji listesinde tanımlı birimi ile ücretlendirilir.",new,explicit_frequency_fields_not_parsed,pending,
engine_proposal_51226b071efde68c1cbfae20,B,19.53204,Radyonüklid sistografi (direkt),sure,partial,19.53204,,{},HUV_06052025.xlsx,"NÜKLEER TIP - 19.00001: Nükleer tıp incelemesinde kullanılan tüm radyofarmasotikler ve tıbbi sarf malzemesi, işleme dahildir, ayrı ücretlendirilmez. Nükleer tıp incelemesi ve raporlaması nükleer tıp uzmanı tarafından yapılır. PET/BT veya PET/MR cihazı kullanılarak, PET görüntüleme ile eş zamanlı çekilen BT/MR görüntüleri, (diyagnostik amaçla yapılması ve radyoloji uzmanı tarafından raporlanması kaydı ile) PET işleminden ayrı ek işlem olarak değerlendirilir ve radyoloji listesinde tanımlı birimi ile ücretlendirilir.",new,explicit_frequency_fields_not_parsed,pending,
engine_proposal_9484bbda79066212a799abcc,B,19.53845,Radyonüklid sistografi (indirekt),sure,partial,19.53845,,{},HUV_06052025.xlsx,"NÜKLEER TIP - 19.00001: Nükleer tıp incelemesinde kullanılan tüm radyofarmasotikler ve tıbbi sarf malzemesi, işleme dahildir, ayrı ücretlendirilmez. Nükleer tıp incelemesi ve raporlaması nükleer tıp uzmanı tarafından yapılır. PET/BT veya PET/MR cihazı kullanılarak, PET görüntüleme ile eş zamanlı çekilen BT/MR görüntüleri, (diyagnostik amaçla yapılması ve radyoloji uzmanı tarafından raporlanması kaydı ile) PET işleminden ayrı ek işlem olarak değerlendirilir ve radyoloji listesinde tanımlı birimi ile ücretlendirilir.",new,explicit_frequency_fields_not_parsed,pending,
engine_proposal_3258fabf80e340cb9095078b,B,19.54486,Renal kortikal sintigrafi,sure,partial,19.54486,,{},HUV_06052025.xlsx,"NÜKLEER TIP - 19.00001: Nükleer tıp incelemesinde kullanılan tüm radyofarmasotikler ve tıbbi sarf malzemesi, işleme dahildir, ayrı ücretlendirilmez. Nükleer tıp incelemesi ve raporlaması nükleer tıp uzmanı tarafından yapılır. PET/BT veya PET/MR cihazı kullanılarak, PET görüntüleme ile eş zamanlı çekilen BT/MR görüntüleri, (diyagnostik amaçla yapılması ve radyoloji uzmanı tarafından raporlanması kaydı ile) PET işleminden ayrı ek işlem olarak değerlendirilir ve radyoloji listesinde tanımlı birimi ile ücretlendirilir.",new,explicit_frequency_fields_not_parsed,pending,
engine_proposal_da193dd272a7cdae8490dda2,B,19.57050,İşaretli lökosit SPECT,sure,partial,19.57050,,{},HUV_06052025.xlsx,"NÜKLEER TIP - 19.00001: Nükleer tıp incelemesinde kullanılan tüm radyofarmasotikler ve tıbbi sarf malzemesi, işleme dahildir, ayrı ücretlendirilmez. Nükleer tıp incelemesi ve raporlaması nükleer tıp uzmanı tarafından yapılır. PET/BT veya PET/MR cihazı kullanılarak, PET görüntüleme ile eş zamanlı çekilen BT/MR görüntüleri, (diyagnostik amaçla yapılması ve radyoloji uzmanı tarafından raporlanması kaydı ile) PET işleminden ayrı ek işlem olarak değerlendirilir ve radyoloji listesinde tanımlı birimi ile ücretlendirilir.",new,explicit_frequency_fields_not_parsed,pending,
engine_proposal_9f50ecdf4456e6f7527a1f75,B,19.58332,Monoklonal antikorlar ile tüm vücut tarama,sure,partial,19.58332,,{},HUV_06052025.xlsx,"NÜKLEER TIP - 19.00001: Nükleer tıp incelemesinde kullanılan tüm radyofarmasotikler ve tıbbi sarf malzemesi, işleme dahildir, ayrı ücretlendirilmez. Nükleer tıp incelemesi ve raporlaması nükleer tıp uzmanı tarafından yapılır. PET/BT veya PET/MR cihazı kullanılarak, PET görüntüleme ile eş zamanlı çekilen BT/MR görüntüleri, (diyagnostik amaçla yapılması ve radyoloji uzmanı tarafından raporlanması kaydı ile) PET işleminden ayrı ek işlem olarak değerlendirilir ve radyoloji listesinde tanımlı birimi ile ücretlendirilir.",new,explicit_frequency_fields_not_parsed,pending,
engine_proposal_18c9b5c7a633ae199ad6f4bb,B,19.62178,Ferrokinetik çalışma,sure,partial,19.62178,,{},HUV_06052025.xlsx,"NÜKLEER TIP - 19.00001: Nükleer tıp incelemesinde kullanılan tüm radyofarmasotikler ve tıbbi sarf malzemesi, işleme dahildir, ayrı ücretlendirilmez. Nükleer tıp incelemesi ve raporlaması nükleer tıp uzmanı tarafından yapılır. PET/BT veya PET/MR cihazı kullanılarak, PET görüntüleme ile eş zamanlı çekilen BT/MR görüntüleri, (diyagnostik amaçla yapılması ve radyoloji uzmanı tarafından raporlanması kaydı ile) PET işleminden ayrı ek işlem olarak değerlendirilir ve radyoloji listesinde tanımlı birimi ile ücretlendirilir.",new,explicit_frequency_fields_not_parsed,pending,
engine_proposal_3e0e3f05ea3fed9d4cceef53,B,19.63460,Kan havuzu SPECT,sure,partial,19.63460,,{},HUV_06052025.xlsx,"NÜKLEER TIP - 19.00001: Nükleer tıp incelemesinde kullanılan tüm radyofarmasotikler ve tıbbi sarf malzemesi, işleme dahildir, ayrı ücretlendirilmez. Nükleer tıp incelemesi ve raporlaması nükleer tıp uzmanı tarafından yapılır. PET/BT veya PET/MR cihazı kullanılarak, PET görüntüleme ile eş zamanlı çekilen BT/MR görüntüleri, (diyagnostik amaçla yapılması ve radyoloji uzmanı tarafından raporlanması kaydı ile) PET işleminden ayrı ek işlem olarak değerlendirilir ve radyoloji listesinde tanımlı birimi ile ücretlendirilir.",new,explicit_frequency_fields_not_parsed,pending,
engine_proposal_2758f91a171685b57b01ae40,B,19.66024,Trombosit yaşam süresi ve sekestrasyonu,sure,partial,19.66024,,{},HUV_06052025.xlsx,"NÜKLEER TIP - 19.00001: Nükleer tıp incelemesinde kullanılan tüm radyofarmasotikler ve tıbbi sarf malzemesi, işleme dahildir, ayrı ücretlendirilmez. Nükleer tıp incelemesi ve raporlaması nükleer tıp uzmanı tarafından yapılır. PET/BT veya PET/MR cihazı kullanılarak, PET görüntüleme ile eş zamanlı çekilen BT/MR görüntüleri, (diyagnostik amaçla yapılması ve radyoloji uzmanı tarafından raporlanması kaydı ile) PET işleminden ayrı ek işlem olarak değerlendirilir ve radyoloji listesinde tanımlı birimi ile ücretlendirilir.",new,explicit_frequency_fields_not_parsed,pending,
engine_proposal_d7b598a801fb9ae1ce6021d3,B,19.75639,"Tc-99m MIBI veya Tc-99m tetrofosmin ile tümör görüntüleme (bütün vücut, bölgesel ve/veya SPECT)",sure,partial,19.75639,,{},HUV_06052025.xlsx,"NÜKLEER TIP - 19.00001: Nükleer tıp incelemesinde kullanılan tüm radyofarmasotikler ve tıbbi sarf malzemesi, işleme dahildir, ayrı ücretlendirilmez. Nükleer tıp incelemesi ve raporlaması nükleer tıp uzmanı tarafından yapılır. PET/BT veya PET/MR cihazı kullanılarak, PET görüntüleme ile eş zamanlı çekilen BT/MR görüntüleri, (diyagnostik amaçla yapılması ve radyoloji uzmanı tarafından raporlanması kaydı ile) PET işleminden ayrı ek işlem olarak değerlendirilir ve radyoloji listesinde tanımlı birimi ile ücretlendirilir.",new,explicit_frequency_fields_not_parsed,pending,
engine_proposal_237f798feba1fc7e9e6d05e3,B,19.76921,"Radyoimmün sintigrafi (hertürlü) (bütün vücut, bölgesel ve/veya SPECT) bütün sistem ve organlar için",sure,partial,19.76921,,{},HUV_06052025.xlsx,"NÜKLEER TIP - 19.00001: Nükleer tıp incelemesinde kullanılan tüm radyofarmasotikler ve tıbbi sarf malzemesi, işleme dahildir, ayrı ücretlendirilmez. Nükleer tıp incelemesi ve raporlaması nükleer tıp uzmanı tarafından yapılır. PET/BT veya PET/MR cihazı kullanılarak, PET görüntüleme ile eş zamanlı çekilen BT/MR görüntüleri, (diyagnostik amaçla yapılması ve radyoloji uzmanı tarafından raporlanması kaydı ile) PET işleminden ayrı ek işlem olarak değerlendirilir ve radyoloji listesinde tanımlı birimi ile ücretlendirilir.",new,explicit_frequency_fields_not_parsed,pending,
engine_proposal_c628af615e062419d4dd1164,B,19.78844,Sintimammografi (bölgesel ve/veya SPECT),sure,partial,19.78844,,{},HUV_06052025.xlsx,"NÜKLEER TIP - 19.00001: Nükleer tıp incelemesinde kullanılan tüm radyofarmasotikler ve tıbbi sarf malzemesi, işleme dahildir, ayrı ücretlendirilmez. Nükleer tıp incelemesi ve raporlaması nükleer tıp uzmanı tarafından yapılır. PET/BT veya PET/MR cihazı kullanılarak, PET görüntüleme ile eş zamanlı çekilen BT/MR görüntüleri, (diyagnostik amaçla yapılması ve radyoloji uzmanı tarafından raporlanması kaydı ile) PET işleminden ayrı ek işlem olarak değerlendirilir ve radyoloji listesinde tanımlı birimi ile ücretlendirilir.",new,explicit_frequency_fields_not_parsed,pending,
engine_proposal_783247f3065edb5f8c7c3545,B,19.80446,"Onkolojik PET, FDG ile",sure,partial,19.80446,,{},HUV_06052025.xlsx,"PET görüntüleme sırasında atenüasyon düzeltmesi ve anatomik haritalama amacı ile çekilen BT/MR ayrıca ücretlendirilmez. NÜKLEER TIP - 19.00001: Nükleer tıp incelemesinde kullanılan tüm radyofarmasotikler ve tıbbi sarf malzemesi, işleme dahildir, ayrı ücretlendirilmez. Nükleer tıp incelemesi ve raporlaması nükleer tıp uzmanı tarafından yapılır. PET/BT veya PET/MR cihazı kullanılarak, PET görüntüleme ile eş zamanlı çekilen BT/MR görüntüleri, (diyagnostik amaçla yapılması ve radyoloji uzmanı tarafından raporlanması kaydı ile) PET işleminden ayrı ek işlem olarak değerlendirilir ve radyoloji listesinde tanımlı birimi ile ücretlendirilir.",new,explicit_frequency_fields_not_parsed,pending,
engine_proposal_bae00c4e2f08c8c1ece61f87,B,19.80767,"Onkolojik PET, Ga-68 işaretli Somatostatin Analog Peptidler ile",sure,partial,19.80767,,{},HUV_06052025.xlsx,"İşlem, Ga-68 ile işaretli somatostatin analog peptidler (DOTA-TATE, DOTA-NOC, DOTA-TOC ve türevleri) ile yapılan PET görüntülemeyi kapsar. PET görüntüleme sırasında atenüasyon düzeltmesi ve anatomik haritalama amacı ile çekilen BT/MR ayrıca ücretlendirilmez. NÜKLEER TIP - 19.00001: Nükleer tıp incelemesinde kullanılan tüm radyofarmasotikler ve tıbbi sarf malzemesi, işleme dahildir, ayrı ücretlendirilmez. Nükleer tıp incelemesi ve raporlaması nükleer tıp uzmanı tarafından yapılır. PET/BT veya PET/MR cihazı kullanılarak, PET görüntüleme ile eş zamanlı çekilen BT/MR görüntüleri, (diyagnostik amaçla yapılması ve radyoloji uzmanı tarafından raporlanması kaydı ile) PET işleminden ayrı ek işlem olarak değerlendirilir ve radyoloji listesinde tanımlı birimi ile ücretlendirilir.",new,explicit_frequency_fields_not_parsed,pending,
engine_proposal_9dafd4b012543637dc1ed21a,B,19.80867,"Onkolojik PET, Ga-68 işaretli PSMA ile",sure,partial,19.80867,,{},HUV_06052025.xlsx,"PET işlemi sırasında atenüasyon düzeltmesi ve anatomik haritalama amacı ile çekilen BT/MR ayrıca ücretlendirilmez. NÜKLEER TIP - 19.00001: Nükleer tıp incelemesinde kullanılan tüm radyofarmasotikler ve tıbbi sarf malzemesi, işleme dahildir, ayrı ücretlendirilmez. Nükleer tıp incelemesi ve raporlaması nükleer tıp uzmanı tarafından yapılır. PET/BT veya PET/MR cihazı kullanılarak, PET görüntüleme ile eş zamanlı çekilen BT/MR görüntüleri, (diyagnostik amaçla yapılması ve radyoloji uzmanı tarafından raporlanması kaydı ile) PET işleminden ayrı ek işlem olarak değerlendirilir ve radyoloji listesinde tanımlı birimi ile ücretlendirilir.",new,explicit_frequency_fields_not_parsed,pending,
engine_proposal_14bf4720f43ced058ce5aa74,B,19.98074,Radyonüklid histerosalpingografi,sure,partial,19.98074,,{},HUV_06052025.xlsx,"NÜKLEER TIP - 19.00001: Nükleer tıp incelemesinde kullanılan tüm radyofarmasotikler ve tıbbi sarf malzemesi, işleme dahildir, ayrı ücretlendirilmez. Nükleer tıp incelemesi ve raporlaması nükleer tıp uzmanı tarafından yapılır. PET/BT veya PET/MR cihazı kullanılarak, PET görüntüleme ile eş zamanlı çekilen BT/MR görüntüleri, (diyagnostik amaçla yapılması ve radyoloji uzmanı tarafından raporlanması kaydı ile) PET işleminden ayrı ek işlem olarak değerlendirilir ve radyoloji listesinde tanımlı birimi ile ücretlendirilir.",new,explicit_frequency_fields_not_parsed,pending,
engine_proposal_0c99b2348a1847ab3311ce2c,B,19.99356,Radyoaktif okült lezyon lokalizasyonu (ROLL),sure,partial,19.99356,,{},HUV_06052025.xlsx,"NÜKLEER TIP - 19.00001: Nükleer tıp incelemesinde kullanılan tüm radyofarmasotikler ve tıbbi sarf malzemesi, işleme dahildir, ayrı ücretlendirilmez. Nükleer tıp incelemesi ve raporlaması nükleer tıp uzmanı tarafından yapılır. PET/BT veya PET/MR cihazı kullanılarak, PET görüntüleme ile eş zamanlı çekilen BT/MR görüntüleri, (diyagnostik amaçla yapılması ve radyoloji uzmanı tarafından raporlanması kaydı ile) PET işleminden ayrı ek işlem olarak değerlendirilir ve radyoloji listesinde tanımlı birimi ile ücretlendirilir.",new,explicit_frequency_fields_not_parsed,pending,
engine_proposal_cf168114f960eb34ec282028,B,22.15871,Ekstrapramidal sistem muayenesi,birlikteOdenmez,partial,22.15871,,"{""evrakBazliMi"":true,""sourceSutCode"":""702790"",""targetSutCodes"":[""520030""]}",EK-2B HİZMET BAŞI İŞLEM PUAN LİSTESİ (Yür. 02.09.2023).xlsx,520030 ile birlikte faturalandırılmaz.,new,unresolved_target_sut_codes:520030,pending,
engine_proposal_9a8c886436945852a744aa68,B,22.17458,Bilişsel işlevlerin değerlendirilmesi,birlikteOdenmez,partial,22.17458,,"{""evrakBazliMi"":true,""sourceSutCode"":""702770"",""targetSutCodes"":[""702760""]}",EK-2B HİZMET BAŞI İŞLEM PUAN LİSTESİ (Yür. 02.09.2023).xlsx,702760 ile birlikte faturalandırılmaz.,new,unresolved_target_sut_codes:702760,pending,
engine_proposal_a9781074f2702262c7a25530,B,22.44437,SCL-90-R,sure,partial,22.44437,,"{""sourceSutCode"":""702800""}",EK-2B HİZMET BAŞI İŞLEM PUAN LİSTESİ (Yür. 02.09.2023).xlsx,Tedavi süresince bir adet faturalandırılır.,new,frequency_period_or_limit_incomplete|official_source_locator_or_quote_missing,pending,
engine_proposal_30f41b1ca746df5d60498583,B,22.53959,STAI (state-trait anxiety inventory)(süreklilik ve durumluluk anksiyete) TX1,sure,partial,22.53959,,"{""sourceSutCode"":""702800""}",EK-2B HİZMET BAŞI İŞLEM PUAN LİSTESİ (Yür. 02.09.2023).xlsx,Tedavi süresince bir adet faturalandırılır.,new,frequency_period_or_limit_incomplete|official_source_locator_or_quote_missing,pending,
engine_proposal_fa7e421b119fdffdeb0b94bb,B,22.55546,STAI (state-trait anxiety inventory)(süreklilik ve durumluluk anksiyete) TX2,sure,partial,22.55546,,"{""sourceSutCode"":""702800""}",EK-2B HİZMET BAŞI İŞLEM PUAN LİSTESİ (Yür. 02.09.2023).xlsx,Tedavi süresince bir adet faturalandırılır.,new,frequency_period_or_limit_incomplete|official_source_locator_or_quote_missing|source_crosswalk_not_trusted,pending,
engine_proposal_5f49f24e669a261cf813e6c3,B,22.92147,TEMPS-A Mizaç ölçeği,sure,partial,22.92147,,"{""sourceSutCode"":""702740""}",EK-2B HİZMET BAŞI İŞLEM PUAN LİSTESİ (Yür. 02.09.2023).xlsx,Tedavi süresince bir adet faturalandırılır.,new,frequency_period_or_limit_incomplete|official_source_locator_or_quote_missing|source_crosswalk_not_trusted,pending,
engine_proposal_3223c6abdd9847c8368db43b,B,23.24997,Organik Batarya,birlikteOdenmez,partial,23.24997,,"{""evrakBazliMi"":true,""sourceSutCode"":""702770"",""targetSutCodes"":[""702760""]}",EK-2B HİZMET BAŞI İŞLEM PUAN LİSTESİ (Yür. 02.09.2023).xlsx,702760 ile birlikte faturalandırılmaz.,new,unresolved_target_sut_codes:702760,pending,
engine_proposal_c2ef86bfdc3690c657e39601,B,23.24997,Organik Batarya,sure,partial,23.24997,,{},HUV_06052025.xlsx,"ÇOCUK PSİKİYATRİSİ - 23.00001: Aile, işyeri ve okul ziyaretlerinde ulaşım ücreti hasta tarafından ödenir. Bu şekilde fatura edildiğinde nöropsikolojik testler ayrıca tek tek fatura edilemez.",new,explicit_frequency_fields_not_parsed,pending,
engine_proposal_2266a4da7a0ab519506b913e,B,23.49993,Oyun terapisi (her bir görüşme),sure,partial,23.49993,,"{""sourceSutCode"":""702740""}",EK-2B HİZMET BAŞI İŞLEM PUAN LİSTESİ (Yür. 02.09.2023).xlsx,Tedavi süresince bir adet faturalandırılır.,new,frequency_period_or_limit_incomplete|official_source_locator_or_quote_missing,pending,
engine_proposal_461ae3da4a9afce0370f50f9,B,23.49993,Oyun terapisi (her bir görüşme),sure,partial,23.49993,,{},HUV_06052025.xlsx,"ÇOCUK PSİKİYATRİSİ - 23.00001: Aile, işyeri ve okul ziyaretlerinde ulaşım ücreti hasta tarafından ödenir. Bu şekilde fatura edildiğinde nöropsikolojik testler ayrıca tek tek fatura edilemez.",new,explicit_frequency_fields_not_parsed,pending,
engine_proposal_7512eb43de2be86ce02b1cdc,B,23.87487,"Psikometrik ölçekler (Cümle Tamamlama, Good-Enough, CDI ve BDI gibi Özbildirim ölçekleri) (her bir test)",sure,partial,23.87487,,{},HUV_06052025.xlsx,"ÇOCUK PSİKİYATRİSİ - 23.00001: Aile, işyeri ve okul ziyaretlerinde ulaşım ücreti hasta tarafından ödenir. Bu şekilde fatura edildiğinde nöropsikolojik testler ayrıca tek tek fatura edilemez.",new,explicit_frequency_fields_not_parsed,pending,
engine_proposal_684dd234082273080d3cf497,B,24.00461,Normal tek yönlü grafi,sure,partial,24.00461,,{},HUV_06052025.xlsx,"RADYOLOJİ - 24.00001: Radyolojik incelemelerde kullanılan kontrast ilaç ve tıbbi sarf malzeme ücretleri (aksi belirtilmemiş ise) işleme dahil değildir, ayrıca ücretlendirilir. Radyolojik incelemenin değerlendirilmesi, yorumlanması ve raporlandırılması Radyoloji Uzmanı tarafından (mutlaka) yapılmalıdır. Radyoloji uzmanı raporuna adını, diploma ve uzmanlık numarasını yazarak imzalamalıdır. Radyolojik girişimlerde, Genel İlkelerin 00.57882 kodlu maddesi (ilgili bölümde/tanımda aksine bir açıklama yoksa) uygulanmaz. Aynı seansta birden fazla radyoloji incelemesi yapılması halinde, (ilgili bölüm/işlem özel kural/birim ile tanımlı değilse) her bir işlem ayrı ve tam birimi ile ücretlendirilir.",new,explicit_frequency_fields_not_parsed,pending,
engine_proposal_4a2220d2a424e38cea97cecb,B,24.00691,Normal iki yönlü grafi,sure,partial,24.00691,,{},HUV_06052025.xlsx,"RADYOLOJİ - 24.00001: Radyolojik incelemelerde kullanılan kontrast ilaç ve tıbbi sarf malzeme ücretleri (aksi belirtilmemiş ise) işleme dahil değildir, ayrıca ücretlendirilir. Radyolojik incelemenin değerlendirilmesi, yorumlanması ve raporlandırılması Radyoloji Uzmanı tarafından (mutlaka) yapılmalıdır. Radyoloji uzmanı raporuna adını, diploma ve uzmanlık numarasını yazarak imzalamalıdır. Radyolojik girişimlerde, Genel İlkelerin 00.57882 kodlu maddesi (ilgili bölümde/tanımda aksine bir açıklama yoksa) uygulanmaz. Aynı seansta birden fazla radyoloji incelemesi yapılması halinde, (ilgili bölüm/işlem özel kural/birim ile tanımlı değilse) her bir işlem ayrı ve tam birimi ile ücretlendirilir.",new,explicit_frequency_fields_not_parsed,pending,
engine_proposal_628a0ab03b78d0d21425269f,B,24.00921,Normal üç yönlü grafi,sure,partial,24.00921,,{},HUV_06052025.xlsx,"RADYOLOJİ - 24.00001: Radyolojik incelemelerde kullanılan kontrast ilaç ve tıbbi sarf malzeme ücretleri (aksi belirtilmemiş ise) işleme dahil değildir, ayrıca ücretlendirilir. Radyolojik incelemenin değerlendirilmesi, yorumlanması ve raporlandırılması Radyoloji Uzmanı tarafından (mutlaka) yapılmalıdır. Radyoloji uzmanı raporuna adını, diploma ve uzmanlık numarasını yazarak imzalamalıdır. Radyolojik girişimlerde, Genel İlkelerin 00.57882 kodlu maddesi (ilgili bölümde/tanımda aksine bir açıklama yoksa) uygulanmaz. Aynı seansta birden fazla radyoloji incelemesi yapılması halinde, (ilgili bölüm/işlem özel kural/birim ile tanımlı değilse) her bir işlem ayrı ve tam birimi ile ücretlendirilir.",new,explicit_frequency_fields_not_parsed,pending,
engine_proposal_76066103afa190774812e052,B,24.01151,Normal dört yönlü grafi,sure,partial,24.01151,,{},HUV_06052025.xlsx,"RADYOLOJİ - 24.00001: Radyolojik incelemelerde kullanılan kontrast ilaç ve tıbbi sarf malzeme ücretleri (aksi belirtilmemiş ise) işleme dahil değildir, ayrıca ücretlendirilir. Radyolojik incelemenin değerlendirilmesi, yorumlanması ve raporlandırılması Radyoloji Uzmanı tarafından (mutlaka) yapılmalıdır. Radyoloji uzmanı raporuna adını, diploma ve uzmanlık numarasını yazarak imzalamalıdır. Radyolojik girişimlerde, Genel İlkelerin 00.57882 kodlu maddesi (ilgili bölümde/tanımda aksine bir açıklama yoksa) uygulanmaz. Aynı seansta birden fazla radyoloji incelemesi yapılması halinde, (ilgili bölüm/işlem özel kural/birim ile tanımlı değilse) her bir işlem ayrı ve tam birimi ile ücretlendirilir.",new,explicit_frequency_fields_not_parsed,pending,
engine_proposal_bd85ef4d3492d94ae69ac383,B,24.01381,Asıl filme ek olarak çekilen spot grafi,sure,partial,24.01381,,{},HUV_06052025.xlsx,"RADYOLOJİ - 24.00001: Radyolojik incelemelerde kullanılan kontrast ilaç ve tıbbi sarf malzeme ücretleri (aksi belirtilmemiş ise) işleme dahil değildir, ayrıca ücretlendirilir. Radyolojik incelemenin değerlendirilmesi, yorumlanması ve raporlandırılması Radyoloji Uzmanı tarafından (mutlaka) yapılmalıdır. Radyoloji uzmanı raporuna adını, diploma ve uzmanlık numarasını yazarak imzalamalıdır. Radyolojik girişimlerde, Genel İlkelerin 00.57882 kodlu maddesi (ilgili bölümde/tanımda aksine bir açıklama yoksa) uygulanmaz. Aynı seansta birden fazla radyoloji incelemesi yapılması halinde, (ilgili bölüm/işlem özel kural/birim ile tanımlı değilse) her bir işlem ayrı ve tam birimi ile ücretlendirilir.",new,explicit_frequency_fields_not_parsed,pending,
engine_proposal_5bdebcf8507ab4fabfe7519a,B,24.01841,"Skolyoz tetkiki, iki yön",sure,partial,24.01841,,{},HUV_06052025.xlsx,"RADYOLOJİ - 24.00001: Radyolojik incelemelerde kullanılan kontrast ilaç ve tıbbi sarf malzeme ücretleri (aksi belirtilmemiş ise) işleme dahil değildir, ayrıca ücretlendirilir. Radyolojik incelemenin değerlendirilmesi, yorumlanması ve raporlandırılması Radyoloji Uzmanı tarafından (mutlaka) yapılmalıdır. Radyoloji uzmanı raporuna adını, diploma ve uzmanlık numarasını yazarak imzalamalıdır. Radyolojik girişimlerde, Genel İlkelerin 00.57882 kodlu maddesi (ilgili bölümde/tanımda aksine bir açıklama yoksa) uygulanmaz. Aynı seansta birden fazla radyoloji incelemesi yapılması halinde, (ilgili bölüm/işlem özel kural/birim ile tanımlı değilse) her bir işlem ayrı ve tam birimi ile ücretlendirilir.",new,explicit_frequency_fields_not_parsed,pending,
engine_proposal_f0adee72706c4467136eb2a7,B,24.02071,"Skolyoz tetkiki, dört yön",sure,partial,24.02071,,{},HUV_06052025.xlsx,"RADYOLOJİ - 24.00001: Radyolojik incelemelerde kullanılan kontrast ilaç ve tıbbi sarf malzeme ücretleri (aksi belirtilmemiş ise) işleme dahil değildir, ayrıca ücretlendirilir. Radyolojik incelemenin değerlendirilmesi, yorumlanması ve raporlandırılması Radyoloji Uzmanı tarafından (mutlaka) yapılmalıdır. Radyoloji uzmanı raporuna adını, diploma ve uzmanlık numarasını yazarak imzalamalıdır. Radyolojik girişimlerde, Genel İlkelerin 00.57882 kodlu maddesi (ilgili bölümde/tanımda aksine bir açıklama yoksa) uygulanmaz. Aynı seansta birden fazla radyoloji incelemesi yapılması halinde, (ilgili bölüm/işlem özel kural/birim ile tanımlı değilse) her bir işlem ayrı ve tam birimi ile ücretlendirilir.",new,explicit_frequency_fields_not_parsed,pending,
engine_proposal_6b9a9060f405036982d793bc,B,24.02301,Portabl direkt radyografi (zorunlu yatan hastada sabit grafiye ek olarak),sure,partial,24.02301,,{},HUV_06052025.xlsx,"RADYOLOJİ - 24.00001: Radyolojik incelemelerde kullanılan kontrast ilaç ve tıbbi sarf malzeme ücretleri (aksi belirtilmemiş ise) işleme dahil değildir, ayrıca ücretlendirilir. Radyolojik incelemenin değerlendirilmesi, yorumlanması ve raporlandırılması Radyoloji Uzmanı tarafından (mutlaka) yapılmalıdır. Radyoloji uzmanı raporuna adını, diploma ve uzmanlık numarasını yazarak imzalamalıdır. Radyolojik girişimlerde, Genel İlkelerin 00.57882 kodlu maddesi (ilgili bölümde/tanımda aksine bir açıklama yoksa) uygulanmaz. Aynı seansta birden fazla radyoloji incelemesi yapılması halinde, (ilgili bölüm/işlem özel kural/birim ile tanımlı değilse) her bir işlem ayrı ve tam birimi ile ücretlendirilir.",new,explicit_frequency_fields_not_parsed,pending,
engine_proposal_9abafdf7fa373b171549263f,B,24.02416,"İskelet sisteminin üç boyutlu dijital radyografisi, tüm iskelet sistemi",sure,partial,24.02416,,{},HUV_06052025.xlsx,"İşlem, EOS vb teknikle, verteksten topuğa kadar olan tüm iskelet sisteminin üç boyutlu görüntülemesini kapsar RADYOLOJİ - 24.00001: Radyolojik incelemelerde kullanılan kontrast ilaç ve tıbbi sarf malzeme ücretleri (aksi belirtilmemiş ise) işleme dahil değildir, ayrıca ücretlendirilir. Radyolojik incelemenin değerlendirilmesi, yorumlanması ve raporlandırılması Radyoloji Uzmanı tarafından (mutlaka) yapılmalıdır. Radyoloji uzmanı raporuna adını, diploma ve uzmanlık numarasını yazarak imzalamalıdır. Radyolojik girişimlerde, Genel İlkelerin 00.57882 kodlu maddesi (ilgili bölümde/tanımda aksine bir açıklama yoksa) uygulanmaz. Aynı seansta birden fazla radyoloji incelemesi yapılması halinde, (ilgili bölüm/işlem özel kural/birim ile tanımlı değilse) her bir işlem ayrı ve tam birimi ile ücretlendirilir.",new,explicit_frequency_fields_not_parsed,pending,
engine_proposal_ea9563330dd33d7305897ca9,B,24.02502,"İskelet sisteminin üç boyutlu dijital radyografisi, kısmi iskelet sistemi",sure,partial,24.02502,,{},HUV_06052025.xlsx,"İşlem, EOS vb teknikle, iskelet sisteminin tümünü içermeyen (Ör; yalnız omurga veya yalnız tek/iki taraflı alt ekstremite vb) üç boyutlu görüntülemesini kapsar RADYOLOJİ - 24.00001: Radyolojik incelemelerde kullanılan kontrast ilaç ve tıbbi sarf malzeme ücretleri (aksi belirtilmemiş ise) işleme dahil değildir, ayrıca ücretlendirilir. Radyolojik incelemenin değerlendirilmesi, yorumlanması ve raporlandırılması Radyoloji Uzmanı tarafından (mutlaka) yapılmalıdır. Radyoloji uzmanı raporuna adını, diploma ve uzmanlık numarasını yazarak imzalamalıdır. Radyolojik girişimlerde, Genel İlkelerin 00.57882 kodlu maddesi (ilgili bölümde/tanımda aksine bir açıklama yoksa) uygulanmaz. Aynı seansta birden fazla radyoloji incelemesi yapılması halinde, (ilgili bölüm/işlem özel kural/birim ile tanımlı değilse) her bir işlem ayrı ve tam birimi ile ücretlendirilir.",new,explicit_frequency_fields_not_parsed,pending,
engine_proposal_c7be51a0f07440f1c86fef07,B,24.02531,Radyolojik konsültasyon,sure,partial,24.02531,,{},HUV_06052025.xlsx,"RADYOLOJİ - 24.00001: Radyolojik incelemelerde kullanılan kontrast ilaç ve tıbbi sarf malzeme ücretleri (aksi belirtilmemiş ise) işleme dahil değildir, ayrıca ücretlendirilir. Radyolojik incelemenin değerlendirilmesi, yorumlanması ve raporlandırılması Radyoloji Uzmanı tarafından (mutlaka) yapılmalıdır. Radyoloji uzmanı raporuna adını, diploma ve uzmanlık numarasını yazarak imzalamalıdır. Radyolojik girişimlerde, Genel İlkelerin 00.57882 kodlu maddesi (ilgili bölümde/tanımda aksine bir açıklama yoksa) uygulanmaz. Aynı seansta birden fazla radyoloji incelemesi yapılması halinde, (ilgili bölüm/işlem özel kural/birim ile tanımlı değilse) her bir işlem ayrı ve tam birimi ile ücretlendirilir.",new,explicit_frequency_fields_not_parsed,pending,
engine_proposal_2295c2dfad6d14ef6ac96787,B,24.02991,"Parotid siyalografi, tek taraflı",sure,partial,24.02991,,{},HUV_06052025.xlsx,"RADYOLOJİ - 24.00001: Radyolojik incelemelerde kullanılan kontrast ilaç ve tıbbi sarf malzeme ücretleri (aksi belirtilmemiş ise) işleme dahil değildir, ayrıca ücretlendirilir. Radyolojik incelemenin değerlendirilmesi, yorumlanması ve raporlandırılması Radyoloji Uzmanı tarafından (mutlaka) yapılmalıdır. Radyoloji uzmanı raporuna adını, diploma ve uzmanlık numarasını yazarak imzalamalıdır. Radyolojik girişimlerde, Genel İlkelerin 00.57882 kodlu maddesi (ilgili bölümde/tanımda aksine bir açıklama yoksa) uygulanmaz. Aynı seansta birden fazla radyoloji incelemesi yapılması halinde, (ilgili bölüm/işlem özel kural/birim ile tanımlı değilse) her bir işlem ayrı ve tam birimi ile ücretlendirilir.",new,explicit_frequency_fields_not_parsed,pending,
engine_proposal_d31e6a62b213026d300edaad,B,24.03221,"Submandibuler siyalografi, tek taraflı",sure,partial,24.03221,,{},HUV_06052025.xlsx,"RADYOLOJİ - 24.00001: Radyolojik incelemelerde kullanılan kontrast ilaç ve tıbbi sarf malzeme ücretleri (aksi belirtilmemiş ise) işleme dahil değildir, ayrıca ücretlendirilir. Radyolojik incelemenin değerlendirilmesi, yorumlanması ve raporlandırılması Radyoloji Uzmanı tarafından (mutlaka) yapılmalıdır. Radyoloji uzmanı raporuna adını, diploma ve uzmanlık numarasını yazarak imzalamalıdır. Radyolojik girişimlerde, Genel İlkelerin 00.57882 kodlu maddesi (ilgili bölümde/tanımda aksine bir açıklama yoksa) uygulanmaz. Aynı seansta birden fazla radyoloji incelemesi yapılması halinde, (ilgili bölüm/işlem özel kural/birim ile tanımlı değilse) her bir işlem ayrı ve tam birimi ile ücretlendirilir.",new,explicit_frequency_fields_not_parsed,pending,
engine_proposal_5eecc01c6fcaaf7f203ae5f9,B,24.03451,Faringografi,sure,partial,24.03451,,{},HUV_06052025.xlsx,"RADYOLOJİ - 24.00001: Radyolojik incelemelerde kullanılan kontrast ilaç ve tıbbi sarf malzeme ücretleri (aksi belirtilmemiş ise) işleme dahil değildir, ayrıca ücretlendirilir. Radyolojik incelemenin değerlendirilmesi, yorumlanması ve raporlandırılması Radyoloji Uzmanı tarafından (mutlaka) yapılmalıdır. Radyoloji uzmanı raporuna adını, diploma ve uzmanlık numarasını yazarak imzalamalıdır. Radyolojik girişimlerde, Genel İlkelerin 00.57882 kodlu maddesi (ilgili bölümde/tanımda aksine bir açıklama yoksa) uygulanmaz. Aynı seansta birden fazla radyoloji incelemesi yapılması halinde, (ilgili bölüm/işlem özel kural/birim ile tanımlı değilse) her bir işlem ayrı ve tam birimi ile ücretlendirilir.",new,explicit_frequency_fields_not_parsed,pending,
engine_proposal_d36289d814a15853ddb3a98b,B,24.03681,Özofagografi,sure,partial,24.03681,,{},HUV_06052025.xlsx,"RADYOLOJİ - 24.00001: Radyolojik incelemelerde kullanılan kontrast ilaç ve tıbbi sarf malzeme ücretleri (aksi belirtilmemiş ise) işleme dahil değildir, ayrıca ücretlendirilir. Radyolojik incelemenin değerlendirilmesi, yorumlanması ve raporlandırılması Radyoloji Uzmanı tarafından (mutlaka) yapılmalıdır. Radyoloji uzmanı raporuna adını, diploma ve uzmanlık numarasını yazarak imzalamalıdır. Radyolojik girişimlerde, Genel İlkelerin 00.57882 kodlu maddesi (ilgili bölümde/tanımda aksine bir açıklama yoksa) uygulanmaz. Aynı seansta birden fazla radyoloji incelemesi yapılması halinde, (ilgili bölüm/işlem özel kural/birim ile tanımlı değilse) her bir işlem ayrı ve tam birimi ile ücretlendirilir.",new,explicit_frequency_fields_not_parsed,pending,
engine_proposal_0658a79c5f832d80a1abdf32,B,24.03911,Özofagus-mide-duodenum (ÖMD),sure,partial,24.03911,,{},HUV_06052025.xlsx,"RADYOLOJİ - 24.00001: Radyolojik incelemelerde kullanılan kontrast ilaç ve tıbbi sarf malzeme ücretleri (aksi belirtilmemiş ise) işleme dahil değildir, ayrıca ücretlendirilir. Radyolojik incelemenin değerlendirilmesi, yorumlanması ve raporlandırılması Radyoloji Uzmanı tarafından (mutlaka) yapılmalıdır. Radyoloji uzmanı raporuna adını, diploma ve uzmanlık numarasını yazarak imzalamalıdır. Radyolojik girişimlerde, Genel İlkelerin 00.57882 kodlu maddesi (ilgili bölümde/tanımda aksine bir açıklama yoksa) uygulanmaz. Aynı seansta birden fazla radyoloji incelemesi yapılması halinde, (ilgili bölüm/işlem özel kural/birim ile tanımlı değilse) her bir işlem ayrı ve tam birimi ile ücretlendirilir.",new,explicit_frequency_fields_not_parsed,pending,
engine_proposal_5f70946e648b90dc01fb9c76,B,24.04371,ÖMD+ince bağırsak tetkiki,sure,partial,24.04371,,{},HUV_06052025.xlsx,"RADYOLOJİ - 24.00001: Radyolojik incelemelerde kullanılan kontrast ilaç ve tıbbi sarf malzeme ücretleri (aksi belirtilmemiş ise) işleme dahil değildir, ayrıca ücretlendirilir. Radyolojik incelemenin değerlendirilmesi, yorumlanması ve raporlandırılması Radyoloji Uzmanı tarafından (mutlaka) yapılmalıdır. Radyoloji uzmanı raporuna adını, diploma ve uzmanlık numarasını yazarak imzalamalıdır. Radyolojik girişimlerde, Genel İlkelerin 00.57882 kodlu maddesi (ilgili bölümde/tanımda aksine bir açıklama yoksa) uygulanmaz. Aynı seansta birden fazla radyoloji incelemesi yapılması halinde, (ilgili bölüm/işlem özel kural/birim ile tanımlı değilse) her bir işlem ayrı ve tam birimi ile ücretlendirilir.",new,explicit_frequency_fields_not_parsed,pending,
engine_proposal_1a7c19de9e18bb7063bb26a6,B,24.04601,İnce bağırsak pasaj tetkiki,sure,partial,24.04601,,{},HUV_06052025.xlsx,"RADYOLOJİ - 24.00001: Radyolojik incelemelerde kullanılan kontrast ilaç ve tıbbi sarf malzeme ücretleri (aksi belirtilmemiş ise) işleme dahil değildir, ayrıca ücretlendirilir. Radyolojik incelemenin değerlendirilmesi, yorumlanması ve raporlandırılması Radyoloji Uzmanı tarafından (mutlaka) yapılmalıdır. Radyoloji uzmanı raporuna adını, diploma ve uzmanlık numarasını yazarak imzalamalıdır. Radyolojik girişimlerde, Genel İlkelerin 00.57882 kodlu maddesi (ilgili bölümde/tanımda aksine bir açıklama yoksa) uygulanmaz. Aynı seansta birden fazla radyoloji incelemesi yapılması halinde, (ilgili bölüm/işlem özel kural/birim ile tanımlı değilse) her bir işlem ayrı ve tam birimi ile ücretlendirilir.",new,explicit_frequency_fields_not_parsed,pending,
engine_proposal_7a46e84d22ecd1e3c54128f2,B,24.05406,Kolon transit zamanı tespiti,sure,partial,24.05406,,{},HUV_06052025.xlsx,"RADYOLOJİ - 24.00001: Radyolojik incelemelerde kullanılan kontrast ilaç ve tıbbi sarf malzeme ücretleri (aksi belirtilmemiş ise) işleme dahil değildir, ayrıca ücretlendirilir. Radyolojik incelemenin değerlendirilmesi, yorumlanması ve raporlandırılması Radyoloji Uzmanı tarafından (mutlaka) yapılmalıdır. Radyoloji uzmanı raporuna adını, diploma ve uzmanlık numarasını yazarak imzalamalıdır. Radyolojik girişimlerde, Genel İlkelerin 00.57882 kodlu maddesi (ilgili bölümde/tanımda aksine bir açıklama yoksa) uygulanmaz. Aynı seansta birden fazla radyoloji incelemesi yapılması halinde, (ilgili bölüm/işlem özel kural/birim ile tanımlı değilse) her bir işlem ayrı ve tam birimi ile ücretlendirilir.",new,explicit_frequency_fields_not_parsed,pending,
engine_proposal_2b17687c8eb4a46d9c43432a,B,24.05981,IV piyelografi (DÜS+IVP),sure,partial,24.05981,,{},HUV_06052025.xlsx,"RADYOLOJİ - 24.00001: Radyolojik incelemelerde kullanılan kontrast ilaç ve tıbbi sarf malzeme ücretleri (aksi belirtilmemiş ise) işleme dahil değildir, ayrıca ücretlendirilir. Radyolojik incelemenin değerlendirilmesi, yorumlanması ve raporlandırılması Radyoloji Uzmanı tarafından (mutlaka) yapılmalıdır. Radyoloji uzmanı raporuna adını, diploma ve uzmanlık numarasını yazarak imzalamalıdır. Radyolojik girişimlerde, Genel İlkelerin 00.57882 kodlu maddesi (ilgili bölümde/tanımda aksine bir açıklama yoksa) uygulanmaz. Aynı seansta birden fazla radyoloji incelemesi yapılması halinde, (ilgili bölüm/işlem özel kural/birim ile tanımlı değilse) her bir işlem ayrı ve tam birimi ile ücretlendirilir.",new,explicit_frequency_fields_not_parsed,pending,
engine_proposal_80124ce25cd962272b69e764,B,24.06211,IV piyelografi+sistografi (MÖ+MS),sure,partial,24.06211,,{},HUV_06052025.xlsx,"RADYOLOJİ - 24.00001: Radyolojik incelemelerde kullanılan kontrast ilaç ve tıbbi sarf malzeme ücretleri (aksi belirtilmemiş ise) işleme dahil değildir, ayrıca ücretlendirilir. Radyolojik incelemenin değerlendirilmesi, yorumlanması ve raporlandırılması Radyoloji Uzmanı tarafından (mutlaka) yapılmalıdır. Radyoloji uzmanı raporuna adını, diploma ve uzmanlık numarasını yazarak imzalamalıdır. Radyolojik girişimlerde, Genel İlkelerin 00.57882 kodlu maddesi (ilgili bölümde/tanımda aksine bir açıklama yoksa) uygulanmaz. Aynı seansta birden fazla radyoloji incelemesi yapılması halinde, (ilgili bölüm/işlem özel kural/birim ile tanımlı değilse) her bir işlem ayrı ve tam birimi ile ücretlendirilir.",new,explicit_frequency_fields_not_parsed,pending,
engine_proposal_a0bede8cd840259422ff9ae3,B,24.06671,Retrograd sistografi,sure,partial,24.06671,,{},HUV_06052025.xlsx,"RADYOLOJİ - 24.00001: Radyolojik incelemelerde kullanılan kontrast ilaç ve tıbbi sarf malzeme ücretleri (aksi belirtilmemiş ise) işleme dahil değildir, ayrıca ücretlendirilir. Radyolojik incelemenin değerlendirilmesi, yorumlanması ve raporlandırılması Radyoloji Uzmanı tarafından (mutlaka) yapılmalıdır. Radyoloji uzmanı raporuna adını, diploma ve uzmanlık numarasını yazarak imzalamalıdır. Radyolojik girişimlerde, Genel İlkelerin 00.57882 kodlu maddesi (ilgili bölümde/tanımda aksine bir açıklama yoksa) uygulanmaz. Aynı seansta birden fazla radyoloji incelemesi yapılması halinde, (ilgili bölüm/işlem özel kural/birim ile tanımlı değilse) her bir işlem ayrı ve tam birimi ile ücretlendirilir.",new,explicit_frequency_fields_not_parsed,pending,
engine_proposal_1e9660e5392dc32da9a79a12,B,24.06901,Retrograd sistoüretrografi (dolu+miksiyon sırası+boş+reflü grafileri),sure,partial,24.06901,,{},HUV_06052025.xlsx,"RADYOLOJİ - 24.00001: Radyolojik incelemelerde kullanılan kontrast ilaç ve tıbbi sarf malzeme ücretleri (aksi belirtilmemiş ise) işleme dahil değildir, ayrıca ücretlendirilir. Radyolojik incelemenin değerlendirilmesi, yorumlanması ve raporlandırılması Radyoloji Uzmanı tarafından (mutlaka) yapılmalıdır. Radyoloji uzmanı raporuna adını, diploma ve uzmanlık numarasını yazarak imzalamalıdır. Radyolojik girişimlerde, Genel İlkelerin 00.57882 kodlu maddesi (ilgili bölümde/tanımda aksine bir açıklama yoksa) uygulanmaz. Aynı seansta birden fazla radyoloji incelemesi yapılması halinde, (ilgili bölüm/işlem özel kural/birim ile tanımlı değilse) her bir işlem ayrı ve tam birimi ile ücretlendirilir.",new,explicit_frequency_fields_not_parsed,pending,
engine_proposal_a5a7abbc63b58104dfbe50dc,B,24.07591,Histero-salpingografi (HSG),sure,partial,24.07591,,{},HUV_06052025.xlsx,"RADYOLOJİ - 24.00001: Radyolojik incelemelerde kullanılan kontrast ilaç ve tıbbi sarf malzeme ücretleri (aksi belirtilmemiş ise) işleme dahil değildir, ayrıca ücretlendirilir. Radyolojik incelemenin değerlendirilmesi, yorumlanması ve raporlandırılması Radyoloji Uzmanı tarafından (mutlaka) yapılmalıdır. Radyoloji uzmanı raporuna adını, diploma ve uzmanlık numarasını yazarak imzalamalıdır. Radyolojik girişimlerde, Genel İlkelerin 00.57882 kodlu maddesi (ilgili bölümde/tanımda aksine bir açıklama yoksa) uygulanmaz. Aynı seansta birden fazla radyoloji incelemesi yapılması halinde, (ilgili bölüm/işlem özel kural/birim ile tanımlı değilse) her bir işlem ayrı ve tam birimi ile ücretlendirilir.",new,explicit_frequency_fields_not_parsed,pending,
engine_proposal_dbb791df4e45ba808b153285,B,24.08511,Bronkografi,sure,partial,24.08511,,{},HUV_06052025.xlsx,"RADYOLOJİ - 24.00001: Radyolojik incelemelerde kullanılan kontrast ilaç ve tıbbi sarf malzeme ücretleri (aksi belirtilmemiş ise) işleme dahil değildir, ayrıca ücretlendirilir. Radyolojik incelemenin değerlendirilmesi, yorumlanması ve raporlandırılması Radyoloji Uzmanı tarafından (mutlaka) yapılmalıdır. Radyoloji uzmanı raporuna adını, diploma ve uzmanlık numarasını yazarak imzalamalıdır. Radyolojik girişimlerde, Genel İlkelerin 00.57882 kodlu maddesi (ilgili bölümde/tanımda aksine bir açıklama yoksa) uygulanmaz. Aynı seansta birden fazla radyoloji incelemesi yapılması halinde, (ilgili bölüm/işlem özel kural/birim ile tanımlı değilse) her bir işlem ayrı ve tam birimi ile ücretlendirilir.",new,explicit_frequency_fields_not_parsed,pending,
engine_proposal_b7d64a6dec32b3a8155d32f1,B,24.08741,Üç yönlü telekardiyografi (baryum),sure,partial,24.08741,,{},HUV_06052025.xlsx,"RADYOLOJİ - 24.00001: Radyolojik incelemelerde kullanılan kontrast ilaç ve tıbbi sarf malzeme ücretleri (aksi belirtilmemiş ise) işleme dahil değildir, ayrıca ücretlendirilir. Radyolojik incelemenin değerlendirilmesi, yorumlanması ve raporlandırılması Radyoloji Uzmanı tarafından (mutlaka) yapılmalıdır. Radyoloji uzmanı raporuna adını, diploma ve uzmanlık numarasını yazarak imzalamalıdır. Radyolojik girişimlerde, Genel İlkelerin 00.57882 kodlu maddesi (ilgili bölümde/tanımda aksine bir açıklama yoksa) uygulanmaz. Aynı seansta birden fazla radyoloji incelemesi yapılması halinde, (ilgili bölüm/işlem özel kural/birim ile tanımlı değilse) her bir işlem ayrı ve tam birimi ile ücretlendirilir.",new,explicit_frequency_fields_not_parsed,pending,
engine_proposal_1c614db0e6ec523b77b9f861,B,24.08971,Floroskopik görüntüleme,sure,partial,24.08971,,{},HUV_06052025.xlsx,"Rehberlik amacı ile (intraoperatif/peroperatif) skopi kullanımı, (ilgili bölümde/tanımda bağımsız tanım veya işlem kapsamında olduğuna dair bir ifade yoksa) 100 birimin altındaki işlemlerde liste biriminin % 60&rsquo;ı ile, 100 birim ve üzeri işlemlerde biriminin tamamı ile, ek olarak ücretlendirilir. RADYOLOJİ - 24.00001: Radyolojik incelemelerde kullanılan kontrast ilaç ve tıbbi sarf malzeme ücretleri (aksi belirtilmemiş ise) işleme dahil değildir, ayrıca ücretlendirilir. Radyolojik incelemenin değerlendirilmesi, yorumlanması ve raporlandırılması Radyoloji Uzmanı tarafından (mutlaka) yapılmalıdır. Radyoloji uzmanı raporuna adını, diploma ve uzmanlık numarasını yazarak imzalamalıdır. Radyolojik girişimlerde, Genel İlkelerin 00.57882 kodlu maddesi (ilgili bölümde/tanımda aksine bir açıklama yoksa) uygulanmaz. Aynı seansta birden fazla radyoloji incelemesi yapılması halinde, (ilgili bölüm/işlem özel kural/birim ile tanımlı değilse) her bir işlem ayrı ve tam birimi ile ücretlendirilir.",new,explicit_frequency_fields_not_parsed,pending,
engine_proposal_9909b14a1cc22e2298f7c306,B,24.09661,"Mamografi, iki meme",sure,partial,24.09661,,{},HUV_06052025.xlsx,"RADYOLOJİ - 24.00001: Radyolojik incelemelerde kullanılan kontrast ilaç ve tıbbi sarf malzeme ücretleri (aksi belirtilmemiş ise) işleme dahil değildir, ayrıca ücretlendirilir. Radyolojik incelemenin değerlendirilmesi, yorumlanması ve raporlandırılması Radyoloji Uzmanı tarafından (mutlaka) yapılmalıdır. Radyoloji uzmanı raporuna adını, diploma ve uzmanlık numarasını yazarak imzalamalıdır. Radyolojik girişimlerde, Genel İlkelerin 00.57882 kodlu maddesi (ilgili bölümde/tanımda aksine bir açıklama yoksa) uygulanmaz. Aynı seansta birden fazla radyoloji incelemesi yapılması halinde, (ilgili bölüm/işlem özel kural/birim ile tanımlı değilse) her bir işlem ayrı ve tam birimi ile ücretlendirilir.",new,explicit_frequency_fields_not_parsed,pending,
engine_proposal_673050a09e8f497ad93d8422,B,24.09689,"Galaktografi, tek meme",sure,partial,24.09689,,{},HUV_06052025.xlsx,"İşlem, akıntının bulunduğu hasta memede uygulanması koşulu ile, tek meme için geçerlidir. Ancak, nadir olarak ikinci memede de akıntı varsa ve işlem aynı seansta iki taraflı yapılırsa, ikinci meme bu birimin % 50 si ile, toplam inceleme ise 90 birim üzerinden değerlendirilir. Kontrast ilaç enjeksiyonu sonrası yapılan mamografi, işlemin kapsamındadır ayrı işlem olarak değerlendirilmez. İncelemede kullanılan kontrast ilaç işleme dahil değildir, ayrı ücretlendirilir. RADYOLOJİ - 24.00001: Radyolojik incelemelerde kullanılan kontrast ilaç ve tıbbi sarf malzeme ücretleri (aksi belirtilmemiş ise) işleme dahil değildir, ayrıca ücretlendirilir. Radyolojik incelemenin değerlendirilmesi, yorumlanması ve raporlandırılması Radyoloji Uzmanı tarafından (mutlaka) yapılmalıdır. Radyoloji uzmanı raporuna adını, diploma ve uzmanlık numarasını yazarak imzalamalıdır. Radyolojik girişimlerde, Genel İlkelerin 00.57882 kodlu maddesi (ilgili bölümde/tanımda aksine bir açıklama yoksa) uygulanmaz. Aynı seansta",new,explicit_frequency_fields_not_parsed,pending,
engine_proposal_804bd8acbbd38c47c16b120f,B,24.09718,Spot magnifikasyon mamografisi (rutin mamografiye ek çekilen),sure,partial,24.09718,,{},HUV_06052025.xlsx,"İşlem, her mamografi işleminde uygulanabilir. Aynı seansta her bir meme için en fazla bir adet spot mamografi işlemi dikkate alınır ve spot grafi bulguları hasta raporunda yer alması halinde ücretlendirilebilir. RADYOLOJİ - 24.00001: Radyolojik incelemelerde kullanılan kontrast ilaç ve tıbbi sarf malzeme ücretleri (aksi belirtilmemiş ise) işleme dahil değildir, ayrıca ücretlendirilir. Radyolojik incelemenin değerlendirilmesi, yorumlanması ve raporlandırılması Radyoloji Uzmanı tarafından (mutlaka) yapılmalıdır. Radyoloji uzmanı raporuna adını, diploma ve uzmanlık numarasını yazarak imzalamalıdır. Radyolojik girişimlerde, Genel İlkelerin 00.57882 kodlu maddesi (ilgili bölümde/tanımda aksine bir açıklama yoksa) uygulanmaz. Aynı seansta birden fazla radyoloji incelemesi yapılması halinde, (ilgili bölüm/işlem özel kural/birim ile tanımlı değilse) her bir işlem ayrı ve tam birimi ile ücretlendirilir.",new,explicit_frequency_fields_not_parsed,pending,
engine_proposal_d9f33c62d65d1a5c435b9b78,B,24.09776,"Kontrastlı Spektral Mamografi (CESM), tek meme",sure,partial,24.09776,,{},HUV_06052025.xlsx,"Bu incelemede kullanılan kontrast ilaç bedeli işleme dahil değildir, ayrıca ücretlendirilir. RADYOLOJİ - 24.00001: Radyolojik incelemelerde kullanılan kontrast ilaç ve tıbbi sarf malzeme ücretleri (aksi belirtilmemiş ise) işleme dahil değildir, ayrıca ücretlendirilir. Radyolojik incelemenin değerlendirilmesi, yorumlanması ve raporlandırılması Radyoloji Uzmanı tarafından (mutlaka) yapılmalıdır. Radyoloji uzmanı raporuna adını, diploma ve uzmanlık numarasını yazarak imzalamalıdır. Radyolojik girişimlerde, Genel İlkelerin 00.57882 kodlu maddesi (ilgili bölümde/tanımda aksine bir açıklama yoksa) uygulanmaz. Aynı seansta birden fazla radyoloji incelemesi yapılması halinde, (ilgili bölüm/işlem özel kural/birim ile tanımlı değilse) her bir işlem ayrı ve tam birimi ile ücretlendirilir.",new,explicit_frequency_fields_not_parsed,pending,
engine_proposal_098163ac500af52f7a23e529,B,24.09833,"Kontrastlı Spektral Mamografi (CESM), iki meme",sure,partial,24.09833,,{},HUV_06052025.xlsx,"Bu incelemede kullanılan kontrast ilaç bedeli işleme dahil değildir, ayrıca ücretlendirilir. RADYOLOJİ - 24.00001: Radyolojik incelemelerde kullanılan kontrast ilaç ve tıbbi sarf malzeme ücretleri (aksi belirtilmemiş ise) işleme dahil değildir, ayrıca ücretlendirilir. Radyolojik incelemenin değerlendirilmesi, yorumlanması ve raporlandırılması Radyoloji Uzmanı tarafından (mutlaka) yapılmalıdır. Radyoloji uzmanı raporuna adını, diploma ve uzmanlık numarasını yazarak imzalamalıdır. Radyolojik girişimlerde, Genel İlkelerin 00.57882 kodlu maddesi (ilgili bölümde/tanımda aksine bir açıklama yoksa) uygulanmaz. Aynı seansta birden fazla radyoloji incelemesi yapılması halinde, (ilgili bölüm/işlem özel kural/birim ile tanımlı değilse) her bir işlem ayrı ve tam birimi ile ücretlendirilir.",new,explicit_frequency_fields_not_parsed,pending,
engine_proposal_0f4ef1616eded8b7d1e762f1,B,24.09891,"Dijital (full-field) Mamografi (FFDM/2D), tek meme",sure,partial,24.09891,,{},HUV_06052025.xlsx,"Bu incelemede kullanılan kontrast ilaç bedeli işleme dahil değildir, ayrıca ücretlendirilir. RADYOLOJİ - 24.00001: Radyolojik incelemelerde kullanılan kontrast ilaç ve tıbbi sarf malzeme ücretleri (aksi belirtilmemiş ise) işleme dahil değildir, ayrıca ücretlendirilir. Radyolojik incelemenin değerlendirilmesi, yorumlanması ve raporlandırılması Radyoloji Uzmanı tarafından (mutlaka) yapılmalıdır. Radyoloji uzmanı raporuna adını, diploma ve uzmanlık numarasını yazarak imzalamalıdır. Radyolojik girişimlerde, Genel İlkelerin 00.57882 kodlu maddesi (ilgili bölümde/tanımda aksine bir açıklama yoksa) uygulanmaz. Aynı seansta birden fazla radyoloji incelemesi yapılması halinde, (ilgili bölüm/işlem özel kural/birim ile tanımlı değilse) her bir işlem ayrı ve tam birimi ile ücretlendirilir.",new,explicit_frequency_fields_not_parsed,pending,
engine_proposal_c55a78fe26171b1757a0cecd,B,24.10121,"Dijital (full-field) Mamografi (FFDM/2D), iki meme",sure,partial,24.10121,,{},HUV_06052025.xlsx,"Bu incelemede kullanılan kontrast ilaç bedeli işleme dahil değildir, ayrıca ücretlendirilir. RADYOLOJİ - 24.00001: Radyolojik incelemelerde kullanılan kontrast ilaç ve tıbbi sarf malzeme ücretleri (aksi belirtilmemiş ise) işleme dahil değildir, ayrıca ücretlendirilir. Radyolojik incelemenin değerlendirilmesi, yorumlanması ve raporlandırılması Radyoloji Uzmanı tarafından (mutlaka) yapılmalıdır. Radyoloji uzmanı raporuna adını, diploma ve uzmanlık numarasını yazarak imzalamalıdır. Radyolojik girişimlerde, Genel İlkelerin 00.57882 kodlu maddesi (ilgili bölümde/tanımda aksine bir açıklama yoksa) uygulanmaz. Aynı seansta birden fazla radyoloji incelemesi yapılması halinde, (ilgili bölüm/işlem özel kural/birim ile tanımlı değilse) her bir işlem ayrı ve tam birimi ile ücretlendirilir.",new,explicit_frequency_fields_not_parsed,pending,
engine_proposal_154a374b86f16159763fe2ac,B,24.10351,"Meme tomosentez, tek meme",sure,partial,24.10351,,{},HUV_06052025.xlsx,"İşlem, (dijital) mamografiye ek olarak veya tek başına uygulanabilir. Hastaya önceden (dijital) mamografi çekilmesi tomosentez uygulamasının kapsamındadır, ayrı bir işlem olarak değerlendirilmez ve tüm işlem 50 birim ile ücretlendirilir. RADYOLOJİ - 24.00001: Radyolojik incelemelerde kullanılan kontrast ilaç ve tıbbi sarf malzeme ücretleri (aksi belirtilmemiş ise) işleme dahil değildir, ayrıca ücretlendirilir. Radyolojik incelemenin değerlendirilmesi, yorumlanması ve raporlandırılması Radyoloji Uzmanı tarafından (mutlaka) yapılmalıdır. Radyoloji uzmanı raporuna adını, diploma ve uzmanlık numarasını yazarak imzalamalıdır. Radyolojik girişimlerde, Genel İlkelerin 00.57882 kodlu maddesi (ilgili bölümde/tanımda aksine bir açıklama yoksa) uygulanmaz. Aynı seansta birden fazla radyoloji incelemesi yapılması halinde, (ilgili bölüm/işlem özel kural/birim ile tanımlı değilse) her bir işlem ayrı ve tam birimi ile ücretlendirilir.",new,explicit_frequency_fields_not_parsed,pending,
engine_proposal_9b1e389d64d5ff38c27a476f,B,24.10466,"Meme tomosentez, iki meme",sure,partial,24.10466,,{},HUV_06052025.xlsx,"İşlem, (dijital) mamografiye ek olarak veya tek başına uygulanabilir. Ancak hastaya önceden (dijital) mamografi çekilmesi tomosentez uygulamasının kapsamındadır, ayrı bir işlem olarak değerlendirilmez ve tüm işlem 75 birim ile ücretlendirilir. RADYOLOJİ - 24.00001: Radyolojik incelemelerde kullanılan kontrast ilaç ve tıbbi sarf malzeme ücretleri (aksi belirtilmemiş ise) işleme dahil değildir, ayrıca ücretlendirilir. Radyolojik incelemenin değerlendirilmesi, yorumlanması ve raporlandırılması Radyoloji Uzmanı tarafından (mutlaka) yapılmalıdır. Radyoloji uzmanı raporuna adını, diploma ve uzmanlık numarasını yazarak imzalamalıdır. Radyolojik girişimlerde, Genel İlkelerin 00.57882 kodlu maddesi (ilgili bölümde/tanımda aksine bir açıklama yoksa) uygulanmaz. Aynı seansta birden fazla radyoloji incelemesi yapılması halinde, (ilgili bölüm/işlem özel kural/birim ile tanımlı değilse) her bir işlem ayrı ve tam birimi ile ücretlendirilir.",new,explicit_frequency_fields_not_parsed,pending,
engine_proposal_2cf3c4d4ea7cc48641a3ab00,B,24.10581,"DEXA incelemesi (mamografiye ilave olarak), tek meme",sure,partial,24.10581,,{},HUV_06052025.xlsx,"RADYOLOJİ - 24.00001: Radyolojik incelemelerde kullanılan kontrast ilaç ve tıbbi sarf malzeme ücretleri (aksi belirtilmemiş ise) işleme dahil değildir, ayrıca ücretlendirilir. Radyolojik incelemenin değerlendirilmesi, yorumlanması ve raporlandırılması Radyoloji Uzmanı tarafından (mutlaka) yapılmalıdır. Radyoloji uzmanı raporuna adını, diploma ve uzmanlık numarasını yazarak imzalamalıdır. Radyolojik girişimlerde, Genel İlkelerin 00.57882 kodlu maddesi (ilgili bölümde/tanımda aksine bir açıklama yoksa) uygulanmaz. Aynı seansta birden fazla radyoloji incelemesi yapılması halinde, (ilgili bölüm/işlem özel kural/birim ile tanımlı değilse) her bir işlem ayrı ve tam birimi ile ücretlendirilir.",new,explicit_frequency_fields_not_parsed,pending,
engine_proposal_1e95762ffbee42c396c60b48,B,24.10696,"DEXA incelemesi (mamografiye ilave olarak), iki meme",sure,partial,24.10696,,{},HUV_06052025.xlsx,"RADYOLOJİ - 24.00001: Radyolojik incelemelerde kullanılan kontrast ilaç ve tıbbi sarf malzeme ücretleri (aksi belirtilmemiş ise) işleme dahil değildir, ayrıca ücretlendirilir. Radyolojik incelemenin değerlendirilmesi, yorumlanması ve raporlandırılması Radyoloji Uzmanı tarafından (mutlaka) yapılmalıdır. Radyoloji uzmanı raporuna adını, diploma ve uzmanlık numarasını yazarak imzalamalıdır. Radyolojik girişimlerde, Genel İlkelerin 00.57882 kodlu maddesi (ilgili bölümde/tanımda aksine bir açıklama yoksa) uygulanmaz. Aynı seansta birden fazla radyoloji incelemesi yapılması halinde, (ilgili bölüm/işlem özel kural/birim ile tanımlı değilse) her bir işlem ayrı ve tam birimi ile ücretlendirilir.",new,explicit_frequency_fields_not_parsed,pending,
engine_proposal_445f0c3a56bf9adf810f7337,B,24.10753,"Kemik mineral yoğunluğu ölçümü, vertebral (AP ve/veya lateral)",sure,partial,24.10753,,{},HUV_06052025.xlsx,"RADYOLOJİ - 24.00001: Radyolojik incelemelerde kullanılan kontrast ilaç ve tıbbi sarf malzeme ücretleri (aksi belirtilmemiş ise) işleme dahil değildir, ayrıca ücretlendirilir. Radyolojik incelemenin değerlendirilmesi, yorumlanması ve raporlandırılması Radyoloji Uzmanı tarafından (mutlaka) yapılmalıdır. Radyoloji uzmanı raporuna adını, diploma ve uzmanlık numarasını yazarak imzalamalıdır. Radyolojik girişimlerde, Genel İlkelerin 00.57882 kodlu maddesi (ilgili bölümde/tanımda aksine bir açıklama yoksa) uygulanmaz. Aynı seansta birden fazla radyoloji incelemesi yapılması halinde, (ilgili bölüm/işlem özel kural/birim ile tanımlı değilse) her bir işlem ayrı ve tam birimi ile ücretlendirilir.",new,explicit_frequency_fields_not_parsed,pending,
engine_proposal_7e8875cd7ee05ba8ef34b172,B,24.10782,"Kemik mineral yoğunluğu ölçümü, femur proksimali (HIP)",sure,partial,24.10782,,{},HUV_06052025.xlsx,"RADYOLOJİ - 24.00001: Radyolojik incelemelerde kullanılan kontrast ilaç ve tıbbi sarf malzeme ücretleri (aksi belirtilmemiş ise) işleme dahil değildir, ayrıca ücretlendirilir. Radyolojik incelemenin değerlendirilmesi, yorumlanması ve raporlandırılması Radyoloji Uzmanı tarafından (mutlaka) yapılmalıdır. Radyoloji uzmanı raporuna adını, diploma ve uzmanlık numarasını yazarak imzalamalıdır. Radyolojik girişimlerde, Genel İlkelerin 00.57882 kodlu maddesi (ilgili bölümde/tanımda aksine bir açıklama yoksa) uygulanmaz. Aynı seansta birden fazla radyoloji incelemesi yapılması halinde, (ilgili bölüm/işlem özel kural/birim ile tanımlı değilse) her bir işlem ayrı ve tam birimi ile ücretlendirilir.",new,explicit_frequency_fields_not_parsed,pending,
engine_proposal_a9fb8bf39205e9df2a076992,B,24.10796,"Kemik mineral yoğunluğu ölçümü, önkol (ulna-radius)",sure,partial,24.10796,,{},HUV_06052025.xlsx,"RADYOLOJİ - 24.00001: Radyolojik incelemelerde kullanılan kontrast ilaç ve tıbbi sarf malzeme ücretleri (aksi belirtilmemiş ise) işleme dahil değildir, ayrıca ücretlendirilir. Radyolojik incelemenin değerlendirilmesi, yorumlanması ve raporlandırılması Radyoloji Uzmanı tarafından (mutlaka) yapılmalıdır. Radyoloji uzmanı raporuna adını, diploma ve uzmanlık numarasını yazarak imzalamalıdır. Radyolojik girişimlerde, Genel İlkelerin 00.57882 kodlu maddesi (ilgili bölümde/tanımda aksine bir açıklama yoksa) uygulanmaz. Aynı seansta birden fazla radyoloji incelemesi yapılması halinde, (ilgili bölüm/işlem özel kural/birim ile tanımlı değilse) her bir işlem ayrı ve tam birimi ile ücretlendirilir.",new,explicit_frequency_fields_not_parsed,pending,
engine_proposal_15a8711be83e4d61a5217ed7,B,24.10803,"Kemik mineral yoğunluğu ölçümü, tüm vücut",sure,partial,24.10803,,{},HUV_06052025.xlsx,"RADYOLOJİ - 24.00001: Radyolojik incelemelerde kullanılan kontrast ilaç ve tıbbi sarf malzeme ücretleri (aksi belirtilmemiş ise) işleme dahil değildir, ayrıca ücretlendirilir. Radyolojik incelemenin değerlendirilmesi, yorumlanması ve raporlandırılması Radyoloji Uzmanı tarafından (mutlaka) yapılmalıdır. Radyoloji uzmanı raporuna adını, diploma ve uzmanlık numarasını yazarak imzalamalıdır. Radyolojik girişimlerde, Genel İlkelerin 00.57882 kodlu maddesi (ilgili bölümde/tanımda aksine bir açıklama yoksa) uygulanmaz. Aynı seansta birden fazla radyoloji incelemesi yapılması halinde, (ilgili bölüm/işlem özel kural/birim ile tanımlı değilse) her bir işlem ayrı ve tam birimi ile ücretlendirilir.",new,explicit_frequency_fields_not_parsed,pending,
engine_proposal_331af39727e30587d01a1ad7,B,24.11041,"Ortoröntgen, iki yönlü skolyoz tetkiki",sure,partial,24.11041,,{},HUV_06052025.xlsx,"RADYOLOJİ - 24.00001: Radyolojik incelemelerde kullanılan kontrast ilaç ve tıbbi sarf malzeme ücretleri (aksi belirtilmemiş ise) işleme dahil değildir, ayrıca ücretlendirilir. Radyolojik incelemenin değerlendirilmesi, yorumlanması ve raporlandırılması Radyoloji Uzmanı tarafından (mutlaka) yapılmalıdır. Radyoloji uzmanı raporuna adını, diploma ve uzmanlık numarasını yazarak imzalamalıdır. Radyolojik girişimlerde, Genel İlkelerin 00.57882 kodlu maddesi (ilgili bölümde/tanımda aksine bir açıklama yoksa) uygulanmaz. Aynı seansta birden fazla radyoloji incelemesi yapılması halinde, (ilgili bölüm/işlem özel kural/birim ile tanımlı değilse) her bir işlem ayrı ve tam birimi ile ücretlendirilir.",new,explicit_frequency_fields_not_parsed,pending,
engine_proposal_b328bb7a06faaecf8df79a26,B,24.11271,Panoramik grafi (ortopantografi),sure,partial,24.11271,,{},HUV_06052025.xlsx,"RADYOLOJİ - 24.00001: Radyolojik incelemelerde kullanılan kontrast ilaç ve tıbbi sarf malzeme ücretleri (aksi belirtilmemiş ise) işleme dahil değildir, ayrıca ücretlendirilir. Radyolojik incelemenin değerlendirilmesi, yorumlanması ve raporlandırılması Radyoloji Uzmanı tarafından (mutlaka) yapılmalıdır. Radyoloji uzmanı raporuna adını, diploma ve uzmanlık numarasını yazarak imzalamalıdır. Radyolojik girişimlerde, Genel İlkelerin 00.57882 kodlu maddesi (ilgili bölümde/tanımda aksine bir açıklama yoksa) uygulanmaz. Aynı seansta birden fazla radyoloji incelemesi yapılması halinde, (ilgili bölüm/işlem özel kural/birim ile tanımlı değilse) her bir işlem ayrı ve tam birimi ile ücretlendirilir.",new,explicit_frequency_fields_not_parsed,pending,
engine_proposal_2634771719e3b965f16ed7be,B,24.11501,"Sefalometrik grafi, tek yön",sure,partial,24.11501,,{},HUV_06052025.xlsx,"RADYOLOJİ - 24.00001: Radyolojik incelemelerde kullanılan kontrast ilaç ve tıbbi sarf malzeme ücretleri (aksi belirtilmemiş ise) işleme dahil değildir, ayrıca ücretlendirilir. Radyolojik incelemenin değerlendirilmesi, yorumlanması ve raporlandırılması Radyoloji Uzmanı tarafından (mutlaka) yapılmalıdır. Radyoloji uzmanı raporuna adını, diploma ve uzmanlık numarasını yazarak imzalamalıdır. Radyolojik girişimlerde, Genel İlkelerin 00.57882 kodlu maddesi (ilgili bölümde/tanımda aksine bir açıklama yoksa) uygulanmaz. Aynı seansta birden fazla radyoloji incelemesi yapılması halinde, (ilgili bölüm/işlem özel kural/birim ile tanımlı değilse) her bir işlem ayrı ve tam birimi ile ücretlendirilir.",new,explicit_frequency_fields_not_parsed,pending,
engine_proposal_5ba2298f18bf0eb27a7dca77,B,24.11731,Temporomandibuler eklem (ağız açık+kapalı),sure,partial,24.11731,,{},HUV_06052025.xlsx,"RADYOLOJİ - 24.00001: Radyolojik incelemelerde kullanılan kontrast ilaç ve tıbbi sarf malzeme ücretleri (aksi belirtilmemiş ise) işleme dahil değildir, ayrıca ücretlendirilir. Radyolojik incelemenin değerlendirilmesi, yorumlanması ve raporlandırılması Radyoloji Uzmanı tarafından (mutlaka) yapılmalıdır. Radyoloji uzmanı raporuna adını, diploma ve uzmanlık numarasını yazarak imzalamalıdır. Radyolojik girişimlerde, Genel İlkelerin 00.57882 kodlu maddesi (ilgili bölümde/tanımda aksine bir açıklama yoksa) uygulanmaz. Aynı seansta birden fazla radyoloji incelemesi yapılması halinde, (ilgili bölüm/işlem özel kural/birim ile tanımlı değilse) her bir işlem ayrı ve tam birimi ile ücretlendirilir.",new,explicit_frequency_fields_not_parsed,pending,
engine_proposal_c0e022b919f981c1d54751c2,B,24.11961,Herniografi/T-tüp kolanjiografi,sure,partial,24.11961,,{},HUV_06052025.xlsx,"RADYOLOJİ - 24.00001: Radyolojik incelemelerde kullanılan kontrast ilaç ve tıbbi sarf malzeme ücretleri (aksi belirtilmemiş ise) işleme dahil değildir, ayrıca ücretlendirilir. Radyolojik incelemenin değerlendirilmesi, yorumlanması ve raporlandırılması Radyoloji Uzmanı tarafından (mutlaka) yapılmalıdır. Radyoloji uzmanı raporuna adını, diploma ve uzmanlık numarasını yazarak imzalamalıdır. Radyolojik girişimlerde, Genel İlkelerin 00.57882 kodlu maddesi (ilgili bölümde/tanımda aksine bir açıklama yoksa) uygulanmaz. Aynı seansta birden fazla radyoloji incelemesi yapılması halinde, (ilgili bölüm/işlem özel kural/birim ile tanımlı değilse) her bir işlem ayrı ve tam birimi ile ücretlendirilir.",new,explicit_frequency_fields_not_parsed,pending,
engine_proposal_0d6db638dfb3088d92a63826,B,24.12881,"Aortografi, torakoabdominal",sure,partial,24.12881,,{},HUV_06052025.xlsx,"ANJİYOGRAFİK İNCELEMELER - 24.12191: Uygulamanın gereği olarak yapılan kontrastlı tetkik işlemi incelemenin kapsamındadır, ek işlem olarak değerlendirilmez. Uygulamada kullanılan kontrast ilacı ise işlemin kapsamında değildir, ayrıca ücretlendirilir. Aynı seansta birden fazla anjiyografi incelemesi yapılırsa (özel birimle tanımlanmamış ise), birinci inceleme biriminin tamamı, sonraki inceleme birimlerinin 2/3&rsquo;ü dikkate alınarak toplam inceleme birimi bulunur. Günümüzde tüm anjiyografi incelemeleri DSA (digital substraction angiography) tekniği ile yapılmaktadır ve listedeki tanımlar ve birimleri buna göre düzenlenmiştir. Bu nedenle, DSA tekniği ile yapılmayan anjiyografi incelemeleri değerlendirmede dikkate alınmaz. RADYOLOJİ - 24.00001: Radyolojik incelemelerde kullanılan kontrast ilaç ve tıbbi sarf malzeme ücretleri (aksi belirtilmemiş ise) işleme dahil değildir, ayrıca ücretlendirilir. Radyolojik incelemenin değerlendirilmesi, yorumlanması ve raporlandırılması Radyoloji Uzmanı",new,explicit_frequency_fields_not_parsed,pending,
engine_proposal_3442f4b48d29054d75e45e87,B,24.13111,Çölyak arteryografi ve arteryel portografi,sure,partial,24.13111,,{},HUV_06052025.xlsx,"ANJİYOGRAFİK İNCELEMELER - 24.12191: Uygulamanın gereği olarak yapılan kontrastlı tetkik işlemi incelemenin kapsamındadır, ek işlem olarak değerlendirilmez. Uygulamada kullanılan kontrast ilacı ise işlemin kapsamında değildir, ayrıca ücretlendirilir. Aynı seansta birden fazla anjiyografi incelemesi yapılırsa (özel birimle tanımlanmamış ise), birinci inceleme biriminin tamamı, sonraki inceleme birimlerinin 2/3&rsquo;ü dikkate alınarak toplam inceleme birimi bulunur. Günümüzde tüm anjiyografi incelemeleri DSA (digital substraction angiography) tekniği ile yapılmaktadır ve listedeki tanımlar ve birimleri buna göre düzenlenmiştir. Bu nedenle, DSA tekniği ile yapılmayan anjiyografi incelemeleri değerlendirmede dikkate alınmaz. RADYOLOJİ - 24.00001: Radyolojik incelemelerde kullanılan kontrast ilaç ve tıbbi sarf malzeme ücretleri (aksi belirtilmemiş ise) işleme dahil değildir, ayrıca ücretlendirilir. Radyolojik incelemenin değerlendirilmesi, yorumlanması ve raporlandırılması Radyoloji Uzmanı",new,explicit_frequency_fields_not_parsed,pending,
engine_proposal_b106c32f083de91b2dc741ed,B,24.13341,"Selektif renal arteryografi, tek taraflı",sure,partial,24.13341,,{},HUV_06052025.xlsx,"ANJİYOGRAFİK İNCELEMELER - 24.12191: Uygulamanın gereği olarak yapılan kontrastlı tetkik işlemi incelemenin kapsamındadır, ek işlem olarak değerlendirilmez. Uygulamada kullanılan kontrast ilacı ise işlemin kapsamında değildir, ayrıca ücretlendirilir. Aynı seansta birden fazla anjiyografi incelemesi yapılırsa (özel birimle tanımlanmamış ise), birinci inceleme biriminin tamamı, sonraki inceleme birimlerinin 2/3&rsquo;ü dikkate alınarak toplam inceleme birimi bulunur. Günümüzde tüm anjiyografi incelemeleri DSA (digital substraction angiography) tekniği ile yapılmaktadır ve listedeki tanımlar ve birimleri buna göre düzenlenmiştir. Bu nedenle, DSA tekniği ile yapılmayan anjiyografi incelemeleri değerlendirmede dikkate alınmaz. RADYOLOJİ - 24.00001: Radyolojik incelemelerde kullanılan kontrast ilaç ve tıbbi sarf malzeme ücretleri (aksi belirtilmemiş ise) işleme dahil değildir, ayrıca ücretlendirilir. Radyolojik incelemenin değerlendirilmesi, yorumlanması ve raporlandırılması Radyoloji Uzmanı",new,explicit_frequency_fields_not_parsed,pending,
engine_proposal_8339266e7659381eb2ffa983,B,24.13571,"Selektif renal arteryografi, iki taraflı",sure,partial,24.13571,,{},HUV_06052025.xlsx,"ANJİYOGRAFİK İNCELEMELER - 24.12191: Uygulamanın gereği olarak yapılan kontrastlı tetkik işlemi incelemenin kapsamındadır, ek işlem olarak değerlendirilmez. Uygulamada kullanılan kontrast ilacı ise işlemin kapsamında değildir, ayrıca ücretlendirilir. Aynı seansta birden fazla anjiyografi incelemesi yapılırsa (özel birimle tanımlanmamış ise), birinci inceleme biriminin tamamı, sonraki inceleme birimlerinin 2/3&rsquo;ü dikkate alınarak toplam inceleme birimi bulunur. Günümüzde tüm anjiyografi incelemeleri DSA (digital substraction angiography) tekniği ile yapılmaktadır ve listedeki tanımlar ve birimleri buna göre düzenlenmiştir. Bu nedenle, DSA tekniği ile yapılmayan anjiyografi incelemeleri değerlendirmede dikkate alınmaz. RADYOLOJİ - 24.00001: Radyolojik incelemelerde kullanılan kontrast ilaç ve tıbbi sarf malzeme ücretleri (aksi belirtilmemiş ise) işleme dahil değildir, ayrıca ücretlendirilir. Radyolojik incelemenin değerlendirilmesi, yorumlanması ve raporlandırılması Radyoloji Uzmanı",new,explicit_frequency_fields_not_parsed,pending,
engine_proposal_eaa345ae4776987aa425acd1,B,24.13801,Transplante renal arteryografi,sure,partial,24.13801,,{},HUV_06052025.xlsx,"ANJİYOGRAFİK İNCELEMELER - 24.12191: Uygulamanın gereği olarak yapılan kontrastlı tetkik işlemi incelemenin kapsamındadır, ek işlem olarak değerlendirilmez. Uygulamada kullanılan kontrast ilacı ise işlemin kapsamında değildir, ayrıca ücretlendirilir. Aynı seansta birden fazla anjiyografi incelemesi yapılırsa (özel birimle tanımlanmamış ise), birinci inceleme biriminin tamamı, sonraki inceleme birimlerinin 2/3&rsquo;ü dikkate alınarak toplam inceleme birimi bulunur. Günümüzde tüm anjiyografi incelemeleri DSA (digital substraction angiography) tekniği ile yapılmaktadır ve listedeki tanımlar ve birimleri buna göre düzenlenmiştir. Bu nedenle, DSA tekniği ile yapılmayan anjiyografi incelemeleri değerlendirmede dikkate alınmaz. RADYOLOJİ - 24.00001: Radyolojik incelemelerde kullanılan kontrast ilaç ve tıbbi sarf malzeme ücretleri (aksi belirtilmemiş ise) işleme dahil değildir, ayrıca ücretlendirilir. Radyolojik incelemenin değerlendirilmesi, yorumlanması ve raporlandırılması Radyoloji Uzmanı",new,explicit_frequency_fields_not_parsed,pending,
engine_proposal_ba9975d9c9fb879dfa8f27eb,B,24.14031,İnferior mezenterik arteryografi,sure,partial,24.14031,,{},HUV_06052025.xlsx,"ANJİYOGRAFİK İNCELEMELER - 24.12191: Uygulamanın gereği olarak yapılan kontrastlı tetkik işlemi incelemenin kapsamındadır, ek işlem olarak değerlendirilmez. Uygulamada kullanılan kontrast ilacı ise işlemin kapsamında değildir, ayrıca ücretlendirilir. Aynı seansta birden fazla anjiyografi incelemesi yapılırsa (özel birimle tanımlanmamış ise), birinci inceleme biriminin tamamı, sonraki inceleme birimlerinin 2/3&rsquo;ü dikkate alınarak toplam inceleme birimi bulunur. Günümüzde tüm anjiyografi incelemeleri DSA (digital substraction angiography) tekniği ile yapılmaktadır ve listedeki tanımlar ve birimleri buna göre düzenlenmiştir. Bu nedenle, DSA tekniği ile yapılmayan anjiyografi incelemeleri değerlendirmede dikkate alınmaz. RADYOLOJİ - 24.00001: Radyolojik incelemelerde kullanılan kontrast ilaç ve tıbbi sarf malzeme ücretleri (aksi belirtilmemiş ise) işleme dahil değildir, ayrıca ücretlendirilir. Radyolojik incelemenin değerlendirilmesi, yorumlanması ve raporlandırılması Radyoloji Uzmanı",new,explicit_frequency_fields_not_parsed,pending,
engine_proposal_f9e3d6d315a70dbbc74a5060,B,24.14261,Süperior mezenterik arteryografi,sure,partial,24.14261,,{},HUV_06052025.xlsx,"ANJİYOGRAFİK İNCELEMELER - 24.12191: Uygulamanın gereği olarak yapılan kontrastlı tetkik işlemi incelemenin kapsamındadır, ek işlem olarak değerlendirilmez. Uygulamada kullanılan kontrast ilacı ise işlemin kapsamında değildir, ayrıca ücretlendirilir. Aynı seansta birden fazla anjiyografi incelemesi yapılırsa (özel birimle tanımlanmamış ise), birinci inceleme biriminin tamamı, sonraki inceleme birimlerinin 2/3&rsquo;ü dikkate alınarak toplam inceleme birimi bulunur. Günümüzde tüm anjiyografi incelemeleri DSA (digital substraction angiography) tekniği ile yapılmaktadır ve listedeki tanımlar ve birimleri buna göre düzenlenmiştir. Bu nedenle, DSA tekniği ile yapılmayan anjiyografi incelemeleri değerlendirmede dikkate alınmaz. RADYOLOJİ - 24.00001: Radyolojik incelemelerde kullanılan kontrast ilaç ve tıbbi sarf malzeme ücretleri (aksi belirtilmemiş ise) işleme dahil değildir, ayrıca ücretlendirilir. Radyolojik incelemenin değerlendirilmesi, yorumlanması ve raporlandırılması Radyoloji Uzmanı",new,explicit_frequency_fields_not_parsed,pending,
engine_proposal_205aeafc9d2d66a88af86114,B,24.14951,"Üst ekstremite arteryografisi, iki taraflı",sure,partial,24.14951,,{},HUV_06052025.xlsx,"ANJİYOGRAFİK İNCELEMELER - 24.12191: Uygulamanın gereği olarak yapılan kontrastlı tetkik işlemi incelemenin kapsamındadır, ek işlem olarak değerlendirilmez. Uygulamada kullanılan kontrast ilacı ise işlemin kapsamında değildir, ayrıca ücretlendirilir. Aynı seansta birden fazla anjiyografi incelemesi yapılırsa (özel birimle tanımlanmamış ise), birinci inceleme biriminin tamamı, sonraki inceleme birimlerinin 2/3&rsquo;ü dikkate alınarak toplam inceleme birimi bulunur. Günümüzde tüm anjiyografi incelemeleri DSA (digital substraction angiography) tekniği ile yapılmaktadır ve listedeki tanımlar ve birimleri buna göre düzenlenmiştir. Bu nedenle, DSA tekniği ile yapılmayan anjiyografi incelemeleri değerlendirmede dikkate alınmaz. RADYOLOJİ - 24.00001: Radyolojik incelemelerde kullanılan kontrast ilaç ve tıbbi sarf malzeme ücretleri (aksi belirtilmemiş ise) işleme dahil değildir, ayrıca ücretlendirilir. Radyolojik incelemenin değerlendirilmesi, yorumlanması ve raporlandırılması Radyoloji Uzmanı",new,explicit_frequency_fields_not_parsed,pending,
engine_proposal_4036e1baee1d9ef4bf146674,B,24.15181,"Alt ekstremite arteryografisi, tek taraflı, (femoropopliteal)",sure,partial,24.15181,,{},HUV_06052025.xlsx,"ANJİYOGRAFİK İNCELEMELER - 24.12191: Uygulamanın gereği olarak yapılan kontrastlı tetkik işlemi incelemenin kapsamındadır, ek işlem olarak değerlendirilmez. Uygulamada kullanılan kontrast ilacı ise işlemin kapsamında değildir, ayrıca ücretlendirilir. Aynı seansta birden fazla anjiyografi incelemesi yapılırsa (özel birimle tanımlanmamış ise), birinci inceleme biriminin tamamı, sonraki inceleme birimlerinin 2/3&rsquo;ü dikkate alınarak toplam inceleme birimi bulunur. Günümüzde tüm anjiyografi incelemeleri DSA (digital substraction angiography) tekniği ile yapılmaktadır ve listedeki tanımlar ve birimleri buna göre düzenlenmiştir. Bu nedenle, DSA tekniği ile yapılmayan anjiyografi incelemeleri değerlendirmede dikkate alınmaz. RADYOLOJİ - 24.00001: Radyolojik incelemelerde kullanılan kontrast ilaç ve tıbbi sarf malzeme ücretleri (aksi belirtilmemiş ise) işleme dahil değildir, ayrıca ücretlendirilir. Radyolojik incelemenin değerlendirilmesi, yorumlanması ve raporlandırılması Radyoloji Uzmanı",new,explicit_frequency_fields_not_parsed,pending,
engine_proposal_8803dbcb181da39d4e2d2945,B,24.15411,"Alt ekstremite arteryografisi, iki taraflı",sure,partial,24.15411,,{},HUV_06052025.xlsx,"ANJİYOGRAFİK İNCELEMELER - 24.12191: Uygulamanın gereği olarak yapılan kontrastlı tetkik işlemi incelemenin kapsamındadır, ek işlem olarak değerlendirilmez. Uygulamada kullanılan kontrast ilacı ise işlemin kapsamında değildir, ayrıca ücretlendirilir. Aynı seansta birden fazla anjiyografi incelemesi yapılırsa (özel birimle tanımlanmamış ise), birinci inceleme biriminin tamamı, sonraki inceleme birimlerinin 2/3&rsquo;ü dikkate alınarak toplam inceleme birimi bulunur. Günümüzde tüm anjiyografi incelemeleri DSA (digital substraction angiography) tekniği ile yapılmaktadır ve listedeki tanımlar ve birimleri buna göre düzenlenmiştir. Bu nedenle, DSA tekniği ile yapılmayan anjiyografi incelemeleri değerlendirmede dikkate alınmaz. RADYOLOJİ - 24.00001: Radyolojik incelemelerde kullanılan kontrast ilaç ve tıbbi sarf malzeme ücretleri (aksi belirtilmemiş ise) işleme dahil değildir, ayrıca ücretlendirilir. Radyolojik incelemenin değerlendirilmesi, yorumlanması ve raporlandırılması Radyoloji Uzmanı",new,explicit_frequency_fields_not_parsed,pending,
engine_proposal_919ebb1be54aae00b932ac1f,B,24.15871,Pulmoner arteryografi,sure,partial,24.15871,,{},HUV_06052025.xlsx,"ANJİYOGRAFİK İNCELEMELER - 24.12191: Uygulamanın gereği olarak yapılan kontrastlı tetkik işlemi incelemenin kapsamındadır, ek işlem olarak değerlendirilmez. Uygulamada kullanılan kontrast ilacı ise işlemin kapsamında değildir, ayrıca ücretlendirilir. Aynı seansta birden fazla anjiyografi incelemesi yapılırsa (özel birimle tanımlanmamış ise), birinci inceleme biriminin tamamı, sonraki inceleme birimlerinin 2/3&rsquo;ü dikkate alınarak toplam inceleme birimi bulunur. Günümüzde tüm anjiyografi incelemeleri DSA (digital substraction angiography) tekniği ile yapılmaktadır ve listedeki tanımlar ve birimleri buna göre düzenlenmiştir. Bu nedenle, DSA tekniği ile yapılmayan anjiyografi incelemeleri değerlendirmede dikkate alınmaz. RADYOLOJİ - 24.00001: Radyolojik incelemelerde kullanılan kontrast ilaç ve tıbbi sarf malzeme ücretleri (aksi belirtilmemiş ise) işleme dahil değildir, ayrıca ücretlendirilir. Radyolojik incelemenin değerlendirilmesi, yorumlanması ve raporlandırılması Radyoloji Uzmanı",new,explicit_frequency_fields_not_parsed,pending,
engine_proposal_3411cb5d4ea944b70d296e8c,B,24.16101,Nonselektif serebral arteryografi,birlikteOdenmez,complete,24.16101|24.13341,,"{""evrakBazliMi"":true,""sourceSutCode"":""802540"",""targetSutCodes"":[""802530"",""802570"",""802590""]}",EK-2B HİZMET BAŞI İŞLEM PUAN LİSTESİ (Yür. 02.09.2023).xlsx,"802530, 802570, 802590 ile birlikte faturalandırılmaz.",new,"source_crosswalk_not_trusted|unresolved_target_sut_codes:802530,802570",pending,
engine_proposal_1ee3aee55abff6bdb9746b38,B,24.16101,Nonselektif serebral arteryografi,sure,partial,24.16101,,{},HUV_06052025.xlsx,"ANJİYOGRAFİK İNCELEMELER - 24.12191: Uygulamanın gereği olarak yapılan kontrastlı tetkik işlemi incelemenin kapsamındadır, ek işlem olarak değerlendirilmez. Uygulamada kullanılan kontrast ilacı ise işlemin kapsamında değildir, ayrıca ücretlendirilir. Aynı seansta birden fazla anjiyografi incelemesi yapılırsa (özel birimle tanımlanmamış ise), birinci inceleme biriminin tamamı, sonraki inceleme birimlerinin 2/3&rsquo;ü dikkate alınarak toplam inceleme birimi bulunur. Günümüzde tüm anjiyografi incelemeleri DSA (digital substraction angiography) tekniği ile yapılmaktadır ve listedeki tanımlar ve birimleri buna göre düzenlenmiştir. Bu nedenle, DSA tekniği ile yapılmayan anjiyografi incelemeleri değerlendirmede dikkate alınmaz. RADYOLOJİ - 24.00001: Radyolojik incelemelerde kullanılan kontrast ilaç ve tıbbi sarf malzeme ücretleri (aksi belirtilmemiş ise) işleme dahil değildir, ayrıca ücretlendirilir. Radyolojik incelemenin değerlendirilmesi, yorumlanması ve raporlandırılması Radyoloji Uzmanı",new,explicit_frequency_fields_not_parsed,pending,
engine_proposal_66f21168b51305837a8ae7cc,B,24.17021,"Selektif vertebral arteryografi, tek taraflı",sure,partial,24.17021,,{},HUV_06052025.xlsx,"ANJİYOGRAFİK İNCELEMELER - 24.12191: Uygulamanın gereği olarak yapılan kontrastlı tetkik işlemi incelemenin kapsamındadır, ek işlem olarak değerlendirilmez. Uygulamada kullanılan kontrast ilacı ise işlemin kapsamında değildir, ayrıca ücretlendirilir. Aynı seansta birden fazla anjiyografi incelemesi yapılırsa (özel birimle tanımlanmamış ise), birinci inceleme biriminin tamamı, sonraki inceleme birimlerinin 2/3&rsquo;ü dikkate alınarak toplam inceleme birimi bulunur. Günümüzde tüm anjiyografi incelemeleri DSA (digital substraction angiography) tekniği ile yapılmaktadır ve listedeki tanımlar ve birimleri buna göre düzenlenmiştir. Bu nedenle, DSA tekniği ile yapılmayan anjiyografi incelemeleri değerlendirmede dikkate alınmaz. RADYOLOJİ - 24.00001: Radyolojik incelemelerde kullanılan kontrast ilaç ve tıbbi sarf malzeme ücretleri (aksi belirtilmemiş ise) işleme dahil değildir, ayrıca ücretlendirilir. Radyolojik incelemenin değerlendirilmesi, yorumlanması ve raporlandırılması Radyoloji Uzmanı",new,explicit_frequency_fields_not_parsed,pending,
engine_proposal_b80e5a582327f039dc2ad84a,B,24.17711,Spinal arteryografi,sure,partial,24.17711,,{},HUV_06052025.xlsx,"ANJİYOGRAFİK İNCELEMELER - 24.12191: Uygulamanın gereği olarak yapılan kontrastlı tetkik işlemi incelemenin kapsamındadır, ek işlem olarak değerlendirilmez. Uygulamada kullanılan kontrast ilacı ise işlemin kapsamında değildir, ayrıca ücretlendirilir. Aynı seansta birden fazla anjiyografi incelemesi yapılırsa (özel birimle tanımlanmamış ise), birinci inceleme biriminin tamamı, sonraki inceleme birimlerinin 2/3&rsquo;ü dikkate alınarak toplam inceleme birimi bulunur. Günümüzde tüm anjiyografi incelemeleri DSA (digital substraction angiography) tekniği ile yapılmaktadır ve listedeki tanımlar ve birimleri buna göre düzenlenmiştir. Bu nedenle, DSA tekniği ile yapılmayan anjiyografi incelemeleri değerlendirmede dikkate alınmaz. RADYOLOJİ - 24.00001: Radyolojik incelemelerde kullanılan kontrast ilaç ve tıbbi sarf malzeme ücretleri (aksi belirtilmemiş ise) işleme dahil değildir, ayrıca ücretlendirilir. Radyolojik incelemenin değerlendirilmesi, yorumlanması ve raporlandırılması Radyoloji Uzmanı",new,explicit_frequency_fields_not_parsed,pending,
engine_proposal_e8462ff168d2aae025a89e47,B,24.17941,Orbital venografi,sure,partial,24.17941,,{},HUV_06052025.xlsx,"ANJİYOGRAFİK İNCELEMELER - 24.12191: Uygulamanın gereği olarak yapılan kontrastlı tetkik işlemi incelemenin kapsamındadır, ek işlem olarak değerlendirilmez. Uygulamada kullanılan kontrast ilacı ise işlemin kapsamında değildir, ayrıca ücretlendirilir. Aynı seansta birden fazla anjiyografi incelemesi yapılırsa (özel birimle tanımlanmamış ise), birinci inceleme biriminin tamamı, sonraki inceleme birimlerinin 2/3&rsquo;ü dikkate alınarak toplam inceleme birimi bulunur. Günümüzde tüm anjiyografi incelemeleri DSA (digital substraction angiography) tekniği ile yapılmaktadır ve listedeki tanımlar ve birimleri buna göre düzenlenmiştir. Bu nedenle, DSA tekniği ile yapılmayan anjiyografi incelemeleri değerlendirmede dikkate alınmaz. RADYOLOJİ - 24.00001: Radyolojik incelemelerde kullanılan kontrast ilaç ve tıbbi sarf malzeme ücretleri (aksi belirtilmemiş ise) işleme dahil değildir, ayrıca ücretlendirilir. Radyolojik incelemenin değerlendirilmesi, yorumlanması ve raporlandırılması Radyoloji Uzmanı",new,explicit_frequency_fields_not_parsed,pending,
engine_proposal_58ede1fd648c7581209d149c,B,24.18631,"Alt ekstremite venografi, iki taraflı",sure,partial,24.18631,,{},HUV_06052025.xlsx,"ANJİYOGRAFİK İNCELEMELER - 24.12191: Uygulamanın gereği olarak yapılan kontrastlı tetkik işlemi incelemenin kapsamındadır, ek işlem olarak değerlendirilmez. Uygulamada kullanılan kontrast ilacı ise işlemin kapsamında değildir, ayrıca ücretlendirilir. Aynı seansta birden fazla anjiyografi incelemesi yapılırsa (özel birimle tanımlanmamış ise), birinci inceleme biriminin tamamı, sonraki inceleme birimlerinin 2/3&rsquo;ü dikkate alınarak toplam inceleme birimi bulunur. Günümüzde tüm anjiyografi incelemeleri DSA (digital substraction angiography) tekniği ile yapılmaktadır ve listedeki tanımlar ve birimleri buna göre düzenlenmiştir. Bu nedenle, DSA tekniği ile yapılmayan anjiyografi incelemeleri değerlendirmede dikkate alınmaz. RADYOLOJİ - 24.00001: Radyolojik incelemelerde kullanılan kontrast ilaç ve tıbbi sarf malzeme ücretleri (aksi belirtilmemiş ise) işleme dahil değildir, ayrıca ücretlendirilir. Radyolojik incelemenin değerlendirilmesi, yorumlanması ve raporlandırılması Radyoloji Uzmanı",new,explicit_frequency_fields_not_parsed,pending,
engine_proposal_5eca8dade8bc362b4ac85f28,B,24.18861,"Üst ekstremite venografi, tek taraflı",sure,partial,24.18861,,{},HUV_06052025.xlsx,"ANJİYOGRAFİK İNCELEMELER - 24.12191: Uygulamanın gereği olarak yapılan kontrastlı tetkik işlemi incelemenin kapsamındadır, ek işlem olarak değerlendirilmez. Uygulamada kullanılan kontrast ilacı ise işlemin kapsamında değildir, ayrıca ücretlendirilir. Aynı seansta birden fazla anjiyografi incelemesi yapılırsa (özel birimle tanımlanmamış ise), birinci inceleme biriminin tamamı, sonraki inceleme birimlerinin 2/3&rsquo;ü dikkate alınarak toplam inceleme birimi bulunur. Günümüzde tüm anjiyografi incelemeleri DSA (digital substraction angiography) tekniği ile yapılmaktadır ve listedeki tanımlar ve birimleri buna göre düzenlenmiştir. Bu nedenle, DSA tekniği ile yapılmayan anjiyografi incelemeleri değerlendirmede dikkate alınmaz. RADYOLOJİ - 24.00001: Radyolojik incelemelerde kullanılan kontrast ilaç ve tıbbi sarf malzeme ücretleri (aksi belirtilmemiş ise) işleme dahil değildir, ayrıca ücretlendirilir. Radyolojik incelemenin değerlendirilmesi, yorumlanması ve raporlandırılması Radyoloji Uzmanı",new,explicit_frequency_fields_not_parsed,pending,
engine_proposal_ab5eb336465c6a94fdee8c6b,B,24.19091,"Üst ekstremite venografi, iki taraflı",sure,partial,24.19091,,{},HUV_06052025.xlsx,"ANJİYOGRAFİK İNCELEMELER - 24.12191: Uygulamanın gereği olarak yapılan kontrastlı tetkik işlemi incelemenin kapsamındadır, ek işlem olarak değerlendirilmez. Uygulamada kullanılan kontrast ilacı ise işlemin kapsamında değildir, ayrıca ücretlendirilir. Aynı seansta birden fazla anjiyografi incelemesi yapılırsa (özel birimle tanımlanmamış ise), birinci inceleme biriminin tamamı, sonraki inceleme birimlerinin 2/3&rsquo;ü dikkate alınarak toplam inceleme birimi bulunur. Günümüzde tüm anjiyografi incelemeleri DSA (digital substraction angiography) tekniği ile yapılmaktadır ve listedeki tanımlar ve birimleri buna göre düzenlenmiştir. Bu nedenle, DSA tekniği ile yapılmayan anjiyografi incelemeleri değerlendirmede dikkate alınmaz. RADYOLOJİ - 24.00001: Radyolojik incelemelerde kullanılan kontrast ilaç ve tıbbi sarf malzeme ücretleri (aksi belirtilmemiş ise) işleme dahil değildir, ayrıca ücretlendirilir. Radyolojik incelemenin değerlendirilmesi, yorumlanması ve raporlandırılması Radyoloji Uzmanı",new,explicit_frequency_fields_not_parsed,pending,
engine_proposal_75d07a2c9bc396555e705637,B,24.19781,"Sürrenal venografi, iki taraflı",sure,partial,24.19781,,{},HUV_06052025.xlsx,"ANJİYOGRAFİK İNCELEMELER - 24.12191: Uygulamanın gereği olarak yapılan kontrastlı tetkik işlemi incelemenin kapsamındadır, ek işlem olarak değerlendirilmez. Uygulamada kullanılan kontrast ilacı ise işlemin kapsamında değildir, ayrıca ücretlendirilir. Aynı seansta birden fazla anjiyografi incelemesi yapılırsa (özel birimle tanımlanmamış ise), birinci inceleme biriminin tamamı, sonraki inceleme birimlerinin 2/3&rsquo;ü dikkate alınarak toplam inceleme birimi bulunur. Günümüzde tüm anjiyografi incelemeleri DSA (digital substraction angiography) tekniği ile yapılmaktadır ve listedeki tanımlar ve birimleri buna göre düzenlenmiştir. Bu nedenle, DSA tekniği ile yapılmayan anjiyografi incelemeleri değerlendirmede dikkate alınmaz. RADYOLOJİ - 24.00001: Radyolojik incelemelerde kullanılan kontrast ilaç ve tıbbi sarf malzeme ücretleri (aksi belirtilmemiş ise) işleme dahil değildir, ayrıca ücretlendirilir. Radyolojik incelemenin değerlendirilmesi, yorumlanması ve raporlandırılması Radyoloji Uzmanı",new,explicit_frequency_fields_not_parsed,pending,
engine_proposal_5239bd8fa16ea03c5762f365,B,24.20471,Renal venografi+renal ven kan örneği,sure,partial,24.20471,,{},HUV_06052025.xlsx,"ANJİYOGRAFİK İNCELEMELER - 24.12191: Uygulamanın gereği olarak yapılan kontrastlı tetkik işlemi incelemenin kapsamındadır, ek işlem olarak değerlendirilmez. Uygulamada kullanılan kontrast ilacı ise işlemin kapsamında değildir, ayrıca ücretlendirilir. Aynı seansta birden fazla anjiyografi incelemesi yapılırsa (özel birimle tanımlanmamış ise), birinci inceleme biriminin tamamı, sonraki inceleme birimlerinin 2/3&rsquo;ü dikkate alınarak toplam inceleme birimi bulunur. Günümüzde tüm anjiyografi incelemeleri DSA (digital substraction angiography) tekniği ile yapılmaktadır ve listedeki tanımlar ve birimleri buna göre düzenlenmiştir. Bu nedenle, DSA tekniği ile yapılmayan anjiyografi incelemeleri değerlendirmede dikkate alınmaz. RADYOLOJİ - 24.00001: Radyolojik incelemelerde kullanılan kontrast ilaç ve tıbbi sarf malzeme ücretleri (aksi belirtilmemiş ise) işleme dahil değildir, ayrıca ücretlendirilir. Radyolojik incelemenin değerlendirilmesi, yorumlanması ve raporlandırılması Radyoloji Uzmanı",new,explicit_frequency_fields_not_parsed,pending,
engine_proposal_aba56620270f68bd174c0318,B,24.20701,"Gonodal venografi (spermatik veya overyan), tek taraflı",sure,partial,24.20701,,{},HUV_06052025.xlsx,"ANJİYOGRAFİK İNCELEMELER - 24.12191: Uygulamanın gereği olarak yapılan kontrastlı tetkik işlemi incelemenin kapsamındadır, ek işlem olarak değerlendirilmez. Uygulamada kullanılan kontrast ilacı ise işlemin kapsamında değildir, ayrıca ücretlendirilir. Aynı seansta birden fazla anjiyografi incelemesi yapılırsa (özel birimle tanımlanmamış ise), birinci inceleme biriminin tamamı, sonraki inceleme birimlerinin 2/3&rsquo;ü dikkate alınarak toplam inceleme birimi bulunur. Günümüzde tüm anjiyografi incelemeleri DSA (digital substraction angiography) tekniği ile yapılmaktadır ve listedeki tanımlar ve birimleri buna göre düzenlenmiştir. Bu nedenle, DSA tekniği ile yapılmayan anjiyografi incelemeleri değerlendirmede dikkate alınmaz. RADYOLOJİ - 24.00001: Radyolojik incelemelerde kullanılan kontrast ilaç ve tıbbi sarf malzeme ücretleri (aksi belirtilmemiş ise) işleme dahil değildir, ayrıca ücretlendirilir. Radyolojik incelemenin değerlendirilmesi, yorumlanması ve raporlandırılması Radyoloji Uzmanı",new,explicit_frequency_fields_not_parsed,pending,
engine_proposal_65a937b70e0efec74d1871ac,B,24.20931,"Gonodal venografi (spermatik veya overyan), iki taraflı",sure,partial,24.20931,,{},HUV_06052025.xlsx,"ANJİYOGRAFİK İNCELEMELER - 24.12191: Uygulamanın gereği olarak yapılan kontrastlı tetkik işlemi incelemenin kapsamındadır, ek işlem olarak değerlendirilmez. Uygulamada kullanılan kontrast ilacı ise işlemin kapsamında değildir, ayrıca ücretlendirilir. Aynı seansta birden fazla anjiyografi incelemesi yapılırsa (özel birimle tanımlanmamış ise), birinci inceleme biriminin tamamı, sonraki inceleme birimlerinin 2/3&rsquo;ü dikkate alınarak toplam inceleme birimi bulunur. Günümüzde tüm anjiyografi incelemeleri DSA (digital substraction angiography) tekniği ile yapılmaktadır ve listedeki tanımlar ve birimleri buna göre düzenlenmiştir. Bu nedenle, DSA tekniği ile yapılmayan anjiyografi incelemeleri değerlendirmede dikkate alınmaz. RADYOLOJİ - 24.00001: Radyolojik incelemelerde kullanılan kontrast ilaç ve tıbbi sarf malzeme ücretleri (aksi belirtilmemiş ise) işleme dahil değildir, ayrıca ücretlendirilir. Radyolojik incelemenin değerlendirilmesi, yorumlanması ve raporlandırılması Radyoloji Uzmanı",new,explicit_frequency_fields_not_parsed,pending,
engine_proposal_2380085b99391a9e12253d45,B,24.22081,Kavernöz sinüs kan örneklemesi,sure,partial,24.22081,,{},HUV_06052025.xlsx,"ANJİYOGRAFİK İNCELEMELER - 24.12191: Uygulamanın gereği olarak yapılan kontrastlı tetkik işlemi incelemenin kapsamındadır, ek işlem olarak değerlendirilmez. Uygulamada kullanılan kontrast ilacı ise işlemin kapsamında değildir, ayrıca ücretlendirilir. Aynı seansta birden fazla anjiyografi incelemesi yapılırsa (özel birimle tanımlanmamış ise), birinci inceleme biriminin tamamı, sonraki inceleme birimlerinin 2/3&rsquo;ü dikkate alınarak toplam inceleme birimi bulunur. Günümüzde tüm anjiyografi incelemeleri DSA (digital substraction angiography) tekniği ile yapılmaktadır ve listedeki tanımlar ve birimleri buna göre düzenlenmiştir. Bu nedenle, DSA tekniği ile yapılmayan anjiyografi incelemeleri değerlendirmede dikkate alınmaz. RADYOLOJİ - 24.00001: Radyolojik incelemelerde kullanılan kontrast ilaç ve tıbbi sarf malzeme ücretleri (aksi belirtilmemiş ise) işleme dahil değildir, ayrıca ücretlendirilir. Radyolojik incelemenin değerlendirilmesi, yorumlanması ve raporlandırılması Radyoloji Uzmanı",new,explicit_frequency_fields_not_parsed,pending,
engine_proposal_13ca1eac1219c89cb38cfc9b,B,24.22311,Adrenal venöz örnekleme,sure,partial,24.22311,,{},HUV_06052025.xlsx,"ANJİYOGRAFİK İNCELEMELER - 24.12191: Uygulamanın gereği olarak yapılan kontrastlı tetkik işlemi incelemenin kapsamındadır, ek işlem olarak değerlendirilmez. Uygulamada kullanılan kontrast ilacı ise işlemin kapsamında değildir, ayrıca ücretlendirilir. Aynı seansta birden fazla anjiyografi incelemesi yapılırsa (özel birimle tanımlanmamış ise), birinci inceleme biriminin tamamı, sonraki inceleme birimlerinin 2/3&rsquo;ü dikkate alınarak toplam inceleme birimi bulunur. Günümüzde tüm anjiyografi incelemeleri DSA (digital substraction angiography) tekniği ile yapılmaktadır ve listedeki tanımlar ve birimleri buna göre düzenlenmiştir. Bu nedenle, DSA tekniği ile yapılmayan anjiyografi incelemeleri değerlendirmede dikkate alınmaz. RADYOLOJİ - 24.00001: Radyolojik incelemelerde kullanılan kontrast ilaç ve tıbbi sarf malzeme ücretleri (aksi belirtilmemiş ise) işleme dahil değildir, ayrıca ücretlendirilir. Radyolojik incelemenin değerlendirilmesi, yorumlanması ve raporlandırılması Radyoloji Uzmanı",new,explicit_frequency_fields_not_parsed,pending,
engine_proposal_f64cfaae4c106b4657a4301b,B,24.22541,Bronşiyal arteryografi,sure,partial,24.22541,,{},HUV_06052025.xlsx,"ANJİYOGRAFİK İNCELEMELER - 24.12191: Uygulamanın gereği olarak yapılan kontrastlı tetkik işlemi incelemenin kapsamındadır, ek işlem olarak değerlendirilmez. Uygulamada kullanılan kontrast ilacı ise işlemin kapsamında değildir, ayrıca ücretlendirilir. Aynı seansta birden fazla anjiyografi incelemesi yapılırsa (özel birimle tanımlanmamış ise), birinci inceleme biriminin tamamı, sonraki inceleme birimlerinin 2/3&rsquo;ü dikkate alınarak toplam inceleme birimi bulunur. Günümüzde tüm anjiyografi incelemeleri DSA (digital substraction angiography) tekniği ile yapılmaktadır ve listedeki tanımlar ve birimleri buna göre düzenlenmiştir. Bu nedenle, DSA tekniği ile yapılmayan anjiyografi incelemeleri değerlendirmede dikkate alınmaz. RADYOLOJİ - 24.00001: Radyolojik incelemelerde kullanılan kontrast ilaç ve tıbbi sarf malzeme ücretleri (aksi belirtilmemiş ise) işleme dahil değildir, ayrıca ücretlendirilir. Radyolojik incelemenin değerlendirilmesi, yorumlanması ve raporlandırılması Radyoloji Uzmanı",new,explicit_frequency_fields_not_parsed,pending,
engine_proposal_ed22285da372e094d9caad83,B,24.22771,Paratroid venöz örnekleme,sure,partial,24.22771,,{},HUV_06052025.xlsx,"ANJİYOGRAFİK İNCELEMELER - 24.12191: Uygulamanın gereği olarak yapılan kontrastlı tetkik işlemi incelemenin kapsamındadır, ek işlem olarak değerlendirilmez. Uygulamada kullanılan kontrast ilacı ise işlemin kapsamında değildir, ayrıca ücretlendirilir. Aynı seansta birden fazla anjiyografi incelemesi yapılırsa (özel birimle tanımlanmamış ise), birinci inceleme biriminin tamamı, sonraki inceleme birimlerinin 2/3&rsquo;ü dikkate alınarak toplam inceleme birimi bulunur. Günümüzde tüm anjiyografi incelemeleri DSA (digital substraction angiography) tekniği ile yapılmaktadır ve listedeki tanımlar ve birimleri buna göre düzenlenmiştir. Bu nedenle, DSA tekniği ile yapılmayan anjiyografi incelemeleri değerlendirmede dikkate alınmaz. RADYOLOJİ - 24.00001: Radyolojik incelemelerde kullanılan kontrast ilaç ve tıbbi sarf malzeme ücretleri (aksi belirtilmemiş ise) işleme dahil değildir, ayrıca ücretlendirilir. Radyolojik incelemenin değerlendirilmesi, yorumlanması ve raporlandırılması Radyoloji Uzmanı",new,explicit_frequency_fields_not_parsed,pending,
engine_proposal_e81b3abfa6bafb67e0b507e3,B,24.22886,Diyaliz fistülogram,sure,partial,24.22886,,{},HUV_06052025.xlsx,"ANJİYOGRAFİK İNCELEMELER - 24.12191: Uygulamanın gereği olarak yapılan kontrastlı tetkik işlemi incelemenin kapsamındadır, ek işlem olarak değerlendirilmez. Uygulamada kullanılan kontrast ilacı ise işlemin kapsamında değildir, ayrıca ücretlendirilir. Aynı seansta birden fazla anjiyografi incelemesi yapılırsa (özel birimle tanımlanmamış ise), birinci inceleme biriminin tamamı, sonraki inceleme birimlerinin 2/3&rsquo;ü dikkate alınarak toplam inceleme birimi bulunur. Günümüzde tüm anjiyografi incelemeleri DSA (digital substraction angiography) tekniği ile yapılmaktadır ve listedeki tanımlar ve birimleri buna göre düzenlenmiştir. Bu nedenle, DSA tekniği ile yapılmayan anjiyografi incelemeleri değerlendirmede dikkate alınmaz. RADYOLOJİ - 24.00001: Radyolojik incelemelerde kullanılan kontrast ilaç ve tıbbi sarf malzeme ücretleri (aksi belirtilmemiş ise) işleme dahil değildir, ayrıca ücretlendirilir. Radyolojik incelemenin değerlendirilmesi, yorumlanması ve raporlandırılması Radyoloji Uzmanı",new,explicit_frequency_fields_not_parsed,pending,
engine_proposal_7c07e94c1b8b869181a15d94,B,24.47151,Alt Abdomen / Pelvik US,birlikteOdenmez,partial,24.47151,,"{""evrakBazliMi"":true,""sourceSutCode"":""803590"",""targetSutCodes"":[""803480""]}",EK-2B HİZMET BAŞI İŞLEM PUAN LİSTESİ (Yür. 02.09.2023).xlsx,803480 ve diğer abdominal Ultrasonografiler ile birlikte faturalandırılmaz.,new,source_crosswalk_not_trusted|unresolved_target_sut_codes:803480,pending,
engine_proposal_da7f33738eb0dfe7b23fdec2,B,24.47151,Alt Abdomen / Pelvik US,sure,partial,24.47151,,{},HUV_06052025.xlsx,"ULTRASONOGRAFİ (USG) İNCELEMELERİ - 24.46231: Gerektiğinde, aynı seansta aynı organ/bölge için hem gri-skala US, hem RDUS incelemesi yapılırsa, gri-skala US biriminin tamamı, RDUS biriminin % 50 si dikkate alınarak ücret hesaplanır. Böyle uygulandığında, her iki inceleme için ayrı rapor yazılır. Aynı seansta birden fazla US incelemesi yapılırsa, (özel birimle tanımlı değilse) birimi en büyük olan incelemenin tamamı, sonraki her bir inceleme biriminin 2/3&rsquo;ü dikkate alınarak toplam inceleme birimi bulunur. RADYOLOJİ - 24.00001: Radyolojik incelemelerde kullanılan kontrast ilaç ve tıbbi sarf malzeme ücretleri (aksi belirtilmemiş ise) işleme dahil değildir, ayrıca ücretlendirilir. Radyolojik incelemenin değerlendirilmesi, yorumlanması ve raporlandırılması Radyoloji Uzmanı tarafından (mutlaka) yapılmalıdır. Radyoloji uzmanı raporuna adını, diploma ve uzmanlık numarasını yazarak imzalamalıdır. Radyolojik girişimlerde, Genel İlkelerin 00.57882 kodlu maddesi (ilgili bölümde/tanımda aksin",new,explicit_frequency_fields_not_parsed,pending,
engine_proposal_0e5eed765632def3027abf59,B,24.48991,"Kalça eklemi US, iki taraflı (kıyaslamalı)",sure,partial,24.48991,,{},HUV_06052025.xlsx,"ULTRASONOGRAFİ (USG) İNCELEMELERİ - 24.46231: Gerektiğinde, aynı seansta aynı organ/bölge için hem gri-skala US, hem RDUS incelemesi yapılırsa, gri-skala US biriminin tamamı, RDUS biriminin % 50 si dikkate alınarak ücret hesaplanır. Böyle uygulandığında, her iki inceleme için ayrı rapor yazılır. Aynı seansta birden fazla US incelemesi yapılırsa, (özel birimle tanımlı değilse) birimi en büyük olan incelemenin tamamı, sonraki her bir inceleme biriminin 2/3&rsquo;ü dikkate alınarak toplam inceleme birimi bulunur. RADYOLOJİ - 24.00001: Radyolojik incelemelerde kullanılan kontrast ilaç ve tıbbi sarf malzeme ücretleri (aksi belirtilmemiş ise) işleme dahil değildir, ayrıca ücretlendirilir. Radyolojik incelemenin değerlendirilmesi, yorumlanması ve raporlandırılması Radyoloji Uzmanı tarafından (mutlaka) yapılmalıdır. Radyoloji uzmanı raporuna adını, diploma ve uzmanlık numarasını yazarak imzalamalıdır. Radyolojik girişimlerde, Genel İlkelerin 00.57882 kodlu maddesi (ilgili bölümde/tanımda aksin",new,explicit_frequency_fields_not_parsed,pending,
engine_proposal_1b4c21a4333519253daab75e,B,24.49566,"Otomatik/otomatize meme ultrasonografi (ABUS), tek meme",birlikteOdenmez,complete,24.49566|24.49623|24.55661,,"{""evrakBazliMi"":true,""sourceSutCode"":""803440"",""targetSutCodes"":[""803430"",""803600"",""803700""]}",EK-2B HİZMET BAŞI İŞLEM PUAN LİSTESİ (Yür. 02.09.2023).xlsx,"803430, 803600, 803700 ile birlikte faturalandırılmaz.",new,source_crosswalk_not_trusted|unresolved_target_sut_codes:803600,pending,
engine_proposal_cea052f796efef0c21c0c01f,B,24.49566,"Otomatik/otomatize meme ultrasonografi (ABUS), tek meme",sure,partial,24.49566,,{},HUV_06052025.xlsx,"İşlem, bu amaç için özel geliştirilmiş donanımla yapılan meme ultrasonografisini kapsar ULTRASONOGRAFİ (USG) İNCELEMELERİ - 24.46231: Gerektiğinde, aynı seansta aynı organ/bölge için hem gri-skala US, hem RDUS incelemesi yapılırsa, gri-skala US biriminin tamamı, RDUS biriminin % 50 si dikkate alınarak ücret hesaplanır. Böyle uygulandığında, her iki inceleme için ayrı rapor yazılır. Aynı seansta birden fazla US incelemesi yapılırsa, (özel birimle tanımlı değilse) birimi en büyük olan incelemenin tamamı, sonraki her bir inceleme biriminin 2/3&rsquo;ü dikkate alınarak toplam inceleme birimi bulunur. RADYOLOJİ - 24.00001: Radyolojik incelemelerde kullanılan kontrast ilaç ve tıbbi sarf malzeme ücretleri (aksi belirtilmemiş ise) işleme dahil değildir, ayrıca ücretlendirilir. Radyolojik incelemenin değerlendirilmesi, yorumlanması ve raporlandırılması Radyoloji Uzmanı tarafından (mutlaka) yapılmalıdır. Radyoloji uzmanı raporuna adını, diploma ve uzmanlık numarasını yazarak imzalamalıdır. Radyo",new,explicit_frequency_fields_not_parsed,pending,
engine_proposal_1afd133367f71d7844ffa6d8,B,24.49623,"Otomatik/otomatize meme ultrasonografi (ABUS), iki meme",birlikteOdenmez,complete,24.49623|24.55661,,"{""evrakBazliMi"":true,""sourceSutCode"":""803430"",""targetSutCodes"":[""803440"",""803600"",""803700""]}",EK-2B HİZMET BAŞI İŞLEM PUAN LİSTESİ (Yür. 02.09.2023).xlsx,"803440, 803600, 803700 ile birlikte faturalandırılmaz.",new,"unresolved_target_sut_codes:803440,803600",pending,
engine_proposal_dc6ae97415623c8649473df4,B,24.49623,"Otomatik/otomatize meme ultrasonografi (ABUS), iki meme",sure,partial,24.49623,,{},HUV_06052025.xlsx,"İşlem, bu amaç için özel geliştirilmiş donanımla yapılan meme ultrasonografisini kapsar ULTRASONOGRAFİ (USG) İNCELEMELERİ - 24.46231: Gerektiğinde, aynı seansta aynı organ/bölge için hem gri-skala US, hem RDUS incelemesi yapılırsa, gri-skala US biriminin tamamı, RDUS biriminin % 50 si dikkate alınarak ücret hesaplanır. Böyle uygulandığında, her iki inceleme için ayrı rapor yazılır. Aynı seansta birden fazla US incelemesi yapılırsa, (özel birimle tanımlı değilse) birimi en büyük olan incelemenin tamamı, sonraki her bir inceleme biriminin 2/3&rsquo;ü dikkate alınarak toplam inceleme birimi bulunur. RADYOLOJİ - 24.00001: Radyolojik incelemelerde kullanılan kontrast ilaç ve tıbbi sarf malzeme ücretleri (aksi belirtilmemiş ise) işleme dahil değildir, ayrıca ücretlendirilir. Radyolojik incelemenin değerlendirilmesi, yorumlanması ve raporlandırılması Radyoloji Uzmanı tarafından (mutlaka) yapılmalıdır. Radyoloji uzmanı raporuna adını, diploma ve uzmanlık numarasını yazarak imzalamalıdır. Radyo",new,explicit_frequency_fields_not_parsed,pending,
engine_proposal_82217e9c7d8471018ea913c7,B,24.51291,"Obstetrik US (12 hafta üzeri, çoğul gebelik, her fetus için)",birlikteOdenmez,partial,24.51291,,"{""evrakBazliMi"":true,""sourceSutCode"":""803450"",""targetSutCodes"":[""803710""]}",EK-2B HİZMET BAŞI İŞLEM PUAN LİSTESİ (Yür. 02.09.2023).xlsx,803710 ile birlikte faturalandırılmaz.,new,official_source_locator_or_quote_missing|source_crosswalk_not_trusted|unresolved_target_sut_codes:803710,pending,
engine_proposal_a329b70cb33b1f6acdb6e2d7,B,24.51291,"Obstetrik US (12 hafta üzeri, çoğul gebelik, her fetus için)",sure,partial,24.51291,,{},HUV_06052025.xlsx,"Perinatoloji uzmanları da bu maddeden yararlanabilir.ULTRASONOGRAFİ (USG) İNCELEMELERİ - 24.46231: Gerektiğinde, aynı seansta aynı organ/bölge için hem gri-skala US, hem RDUS incelemesi yapılırsa, gri-skala US biriminin tamamı, RDUS biriminin % 50 si dikkate alınarak ücret hesaplanır. Böyle uygulandığında, her iki inceleme için ayrı rapor yazılır. Aynı seansta birden fazla US incelemesi yapılırsa, (özel birimle tanımlı değilse) birimi en büyük olan incelemenin tamamı, sonraki her bir inceleme biriminin 2/3&rsquo;ü dikkate alınarak toplam inceleme birimi bulunur. RADYOLOJİ - 24.00001: Radyolojik incelemelerde kullanılan kontrast ilaç ve tıbbi sarf malzeme ücretleri (aksi belirtilmemiş ise) işleme dahil değildir, ayrıca ücretlendirilir. Radyolojik incelemenin değerlendirilmesi, yorumlanması ve raporlandırılması Radyoloji Uzmanı tarafından (mutlaka) yapılmalıdır. Radyoloji uzmanı raporuna adını, diploma ve uzmanlık numarasını yazarak imzalamalıdır. Radyolojik girişimlerde, Genel İlkelerin",new,explicit_frequency_fields_not_parsed,pending,
engine_proposal_81cb303c41c0439d9ee79d56,B,24.52441,Ekokardiyografi,sure,partial,24.52441,,{},HUV_06052025.xlsx,"ULTRASONOGRAFİ (USG) İNCELEMELERİ - 24.46231: Gerektiğinde, aynı seansta aynı organ/bölge için hem gri-skala US, hem RDUS incelemesi yapılırsa, gri-skala US biriminin tamamı, RDUS biriminin % 50 si dikkate alınarak ücret hesaplanır. Böyle uygulandığında, her iki inceleme için ayrı rapor yazılır. Aynı seansta birden fazla US incelemesi yapılırsa, (özel birimle tanımlı değilse) birimi en büyük olan incelemenin tamamı, sonraki her bir inceleme biriminin 2/3&rsquo;ü dikkate alınarak toplam inceleme birimi bulunur. RADYOLOJİ - 24.00001: Radyolojik incelemelerde kullanılan kontrast ilaç ve tıbbi sarf malzeme ücretleri (aksi belirtilmemiş ise) işleme dahil değildir, ayrıca ücretlendirilir. Radyolojik incelemenin değerlendirilmesi, yorumlanması ve raporlandırılması Radyoloji Uzmanı tarafından (mutlaka) yapılmalıdır. Radyoloji uzmanı raporuna adını, diploma ve uzmanlık numarasını yazarak imzalamalıdır. Radyolojik girişimlerde, Genel İlkelerin 00.57882 kodlu maddesi (ilgili bölümde/tanımda aksin",new,explicit_frequency_fields_not_parsed,pending,
engine_proposal_52ed4d9a10a8d10ac483b37c,B,24.52671,Endosonografi (endoskopik US),sure,partial,24.52671,,{},HUV_06052025.xlsx,"ULTRASONOGRAFİ (USG) İNCELEMELERİ - 24.46231: Gerektiğinde, aynı seansta aynı organ/bölge için hem gri-skala US, hem RDUS incelemesi yapılırsa, gri-skala US biriminin tamamı, RDUS biriminin % 50 si dikkate alınarak ücret hesaplanır. Böyle uygulandığında, her iki inceleme için ayrı rapor yazılır. Aynı seansta birden fazla US incelemesi yapılırsa, (özel birimle tanımlı değilse) birimi en büyük olan incelemenin tamamı, sonraki her bir inceleme biriminin 2/3&rsquo;ü dikkate alınarak toplam inceleme birimi bulunur. RADYOLOJİ - 24.00001: Radyolojik incelemelerde kullanılan kontrast ilaç ve tıbbi sarf malzeme ücretleri (aksi belirtilmemiş ise) işleme dahil değildir, ayrıca ücretlendirilir. Radyolojik incelemenin değerlendirilmesi, yorumlanması ve raporlandırılması Radyoloji Uzmanı tarafından (mutlaka) yapılmalıdır. Radyoloji uzmanı raporuna adını, diploma ve uzmanlık numarasını yazarak imzalamalıdır. Radyolojik girişimlerde, Genel İlkelerin 00.57882 kodlu maddesi (ilgili bölümde/tanımda aksin",new,explicit_frequency_fields_not_parsed,pending,
engine_proposal_692910a1fbf2a7a86163fe67,B,24.52901,"Yüzeyel organ ultrasonografisi, bir anatomik bölge için (kas-tendon, spinal vb)",sure,partial,24.52901,,{},HUV_06052025.xlsx,"ULTRASONOGRAFİ (USG) İNCELEMELERİ - 24.46231: Gerektiğinde, aynı seansta aynı organ/bölge için hem gri-skala US, hem RDUS incelemesi yapılırsa, gri-skala US biriminin tamamı, RDUS biriminin % 50 si dikkate alınarak ücret hesaplanır. Böyle uygulandığında, her iki inceleme için ayrı rapor yazılır. Aynı seansta birden fazla US incelemesi yapılırsa, (özel birimle tanımlı değilse) birimi en büyük olan incelemenin tamamı, sonraki her bir inceleme biriminin 2/3&rsquo;ü dikkate alınarak toplam inceleme birimi bulunur. RADYOLOJİ - 24.00001: Radyolojik incelemelerde kullanılan kontrast ilaç ve tıbbi sarf malzeme ücretleri (aksi belirtilmemiş ise) işleme dahil değildir, ayrıca ücretlendirilir. Radyolojik incelemenin değerlendirilmesi, yorumlanması ve raporlandırılması Radyoloji Uzmanı tarafından (mutlaka) yapılmalıdır. Radyoloji uzmanı raporuna adını, diploma ve uzmanlık numarasını yazarak imzalamalıdır. Radyolojik girişimlerde, Genel İlkelerin 00.57882 kodlu maddesi (ilgili bölümde/tanımda aksin",new,explicit_frequency_fields_not_parsed,pending,
engine_proposal_91887e05cc6e7fbd396c3032,B,24.53361,Portabl US (zorunlu olarak yatan hastada tetkike ek olarak),sure,partial,24.53361,,{},HUV_06052025.xlsx,"ULTRASONOGRAFİ (USG) İNCELEMELERİ - 24.46231: Gerektiğinde, aynı seansta aynı organ/bölge için hem gri-skala US, hem RDUS incelemesi yapılırsa, gri-skala US biriminin tamamı, RDUS biriminin % 50 si dikkate alınarak ücret hesaplanır. Böyle uygulandığında, her iki inceleme için ayrı rapor yazılır. Aynı seansta birden fazla US incelemesi yapılırsa, (özel birimle tanımlı değilse) birimi en büyük olan incelemenin tamamı, sonraki her bir inceleme biriminin 2/3&rsquo;ü dikkate alınarak toplam inceleme birimi bulunur. RADYOLOJİ - 24.00001: Radyolojik incelemelerde kullanılan kontrast ilaç ve tıbbi sarf malzeme ücretleri (aksi belirtilmemiş ise) işleme dahil değildir, ayrıca ücretlendirilir. Radyolojik incelemenin değerlendirilmesi, yorumlanması ve raporlandırılması Radyoloji Uzmanı tarafından (mutlaka) yapılmalıdır. Radyoloji uzmanı raporuna adını, diploma ve uzmanlık numarasını yazarak imzalamalıdır. Radyolojik girişimlerde, Genel İlkelerin 00.57882 kodlu maddesi (ilgili bölümde/tanımda aksin",new,explicit_frequency_fields_not_parsed,pending,
engine_proposal_33529b4e46a5a16ff8ae5f2e,B,24.53591,US elastografi,sure,partial,24.53591,,{},HUV_06052025.xlsx,"Bu işlem troid, karaciğer ve meme US tetkiklerinde kitlenin sertliği ve konsantrasyonu tayininde US işlemine ek olarak yapılan ayrı bir işlemdir. Uygulanması halinde, biriminin tamamı ile ücretlendirilir. ULTRASONOGRAFİ (USG) İNCELEMELERİ - 24.46231: Gerektiğinde, aynı seansta aynı organ/bölge için hem gri-skala US, hem RDUS incelemesi yapılırsa, gri-skala US biriminin tamamı, RDUS biriminin % 50 si dikkate alınarak ücret hesaplanır. Böyle uygulandığında, her iki inceleme için ayrı rapor yazılır. Aynı seansta birden fazla US incelemesi yapılırsa, (özel birimle tanımlı değilse) birimi en büyük olan incelemenin tamamı, sonraki her bir inceleme biriminin 2/3&rsquo;ü dikkate alınarak toplam inceleme birimi bulunur. RADYOLOJİ - 24.00001: Radyolojik incelemelerde kullanılan kontrast ilaç ve tıbbi sarf malzeme ücretleri (aksi belirtilmemiş ise) işleme dahil değildir, ayrıca ücretlendirilir. Radyolojik incelemenin değerlendirilmesi, yorumlanması ve raporlandırılması Radyoloji Uzmanı tarafından",new,explicit_frequency_fields_not_parsed,pending,
engine_proposal_05dc4ee54f8904b7ce1da9fa,B,24.55661,"Meme RDUS, tek meme",birlikteOdenmez,complete,24.55661|24.49623,,"{""evrakBazliMi"":true,""sourceSutCode"":""803700"",""targetSutCodes"":[""803430"",""803440""]}",EK-2B HİZMET BAŞI İŞLEM PUAN LİSTESİ (Yür. 02.09.2023).xlsx,"803430, 803440 ile birlikte faturalandırılmaz.",new,unresolved_target_sut_codes:803440,pending,
engine_proposal_daa90e19a88eb689e6f23bfe,B,24.55661,"Meme RDUS, tek meme",sure,partial,24.55661,,{},HUV_06052025.xlsx,"RENKLi DOPPLER ULTRASONOGRAFİ (RDUS) İNCELEMELERi - 24.53821: Gerektiğinde, aynı seansta aynı organ/bölge için hem gri-skala US, hem RDUS incelemesi yapılırsa, gri-skala US biriminin tamamı, RDUS biriminin % 50 si dikkate alınarak ücret hesaplanır. Böyle uygulandığında, her iki inceleme için ayrı rapor yazılır. Aynı seansta birden fazla RDUS incelemesi yapılırsa, (özel birimle tanımlı değilse) birimi en büyük olan incelemenin tamamı, sonraki her bir inceleme biriminin 2/3&rsquo;ü dikkate alınarak toplam inceleme birimi bulunur. RADYOLOJİ - 24.00001: Radyolojik incelemelerde kullanılan kontrast ilaç ve tıbbi sarf malzeme ücretleri (aksi belirtilmemiş ise) işleme dahil değildir, ayrıca ücretlendirilir. Radyolojik incelemenin değerlendirilmesi, yorumlanması ve raporlandırılması Radyoloji Uzmanı tarafından (mutlaka) yapılmalıdır. Radyoloji uzmanı raporuna adını, diploma ve uzmanlık numarasını yazarak imzalamalıdır. Radyolojik girişimlerde, Genel İlkelerin 00.57882 kodlu maddesi (ilgili böl",new,explicit_frequency_fields_not_parsed,pending,
engine_proposal_27acdd6206ec09a6a238be50,B,24.56121,Çölyak trunkus RDUS,birlikteOdenmez,partial,24.56121,,"{""evrakBazliMi"":true,""sourceSutCode"":""803730"",""targetSutCodes"":[""803560""]}",EK-2B HİZMET BAŞI İŞLEM PUAN LİSTESİ (Yür. 02.09.2023).xlsx,803560 ile birlikte faturalandırılmaz.,new,unresolved_target_sut_codes:803560,pending,
engine_proposal_eb157390ad65847e69b9cad2,B,24.56121,Çölyak trunkus RDUS,sure,partial,24.56121,,{},HUV_06052025.xlsx,"RENKLi DOPPLER ULTRASONOGRAFİ (RDUS) İNCELEMELERi - 24.53821: Gerektiğinde, aynı seansta aynı organ/bölge için hem gri-skala US, hem RDUS incelemesi yapılırsa, gri-skala US biriminin tamamı, RDUS biriminin % 50 si dikkate alınarak ücret hesaplanır. Böyle uygulandığında, her iki inceleme için ayrı rapor yazılır. Aynı seansta birden fazla RDUS incelemesi yapılırsa, (özel birimle tanımlı değilse) birimi en büyük olan incelemenin tamamı, sonraki her bir inceleme biriminin 2/3&rsquo;ü dikkate alınarak toplam inceleme birimi bulunur. RADYOLOJİ - 24.00001: Radyolojik incelemelerde kullanılan kontrast ilaç ve tıbbi sarf malzeme ücretleri (aksi belirtilmemiş ise) işleme dahil değildir, ayrıca ücretlendirilir. Radyolojik incelemenin değerlendirilmesi, yorumlanması ve raporlandırılması Radyoloji Uzmanı tarafından (mutlaka) yapılmalıdır. Radyoloji uzmanı raporuna adını, diploma ve uzmanlık numarasını yazarak imzalamalıdır. Radyolojik girişimlerde, Genel İlkelerin 00.57882 kodlu maddesi (ilgili böl",new,explicit_frequency_fields_not_parsed,pending,
engine_proposal_ba04124edf621890844737c7,B,24.56351,Süperior mezenter arter/ven RDUS,sure,partial,24.56351,,{},HUV_06052025.xlsx,"RENKLi DOPPLER ULTRASONOGRAFİ (RDUS) İNCELEMELERi - 24.53821: Gerektiğinde, aynı seansta aynı organ/bölge için hem gri-skala US, hem RDUS incelemesi yapılırsa, gri-skala US biriminin tamamı, RDUS biriminin % 50 si dikkate alınarak ücret hesaplanır. Böyle uygulandığında, her iki inceleme için ayrı rapor yazılır. Aynı seansta birden fazla RDUS incelemesi yapılırsa, (özel birimle tanımlı değilse) birimi en büyük olan incelemenin tamamı, sonraki her bir inceleme biriminin 2/3&rsquo;ü dikkate alınarak toplam inceleme birimi bulunur. RADYOLOJİ - 24.00001: Radyolojik incelemelerde kullanılan kontrast ilaç ve tıbbi sarf malzeme ücretleri (aksi belirtilmemiş ise) işleme dahil değildir, ayrıca ücretlendirilir. Radyolojik incelemenin değerlendirilmesi, yorumlanması ve raporlandırılması Radyoloji Uzmanı tarafından (mutlaka) yapılmalıdır. Radyoloji uzmanı raporuna adını, diploma ve uzmanlık numarasını yazarak imzalamalıdır. Radyolojik girişimlerde, Genel İlkelerin 00.57882 kodlu maddesi (ilgili böl",new,explicit_frequency_fields_not_parsed,pending,
engine_proposal_a553b45bcb751f27765a0c03,B,24.56581,Vena kava inferior RDUS,sure,partial,24.56581,,{},HUV_06052025.xlsx,"RENKLi DOPPLER ULTRASONOGRAFİ (RDUS) İNCELEMELERi - 24.53821: Gerektiğinde, aynı seansta aynı organ/bölge için hem gri-skala US, hem RDUS incelemesi yapılırsa, gri-skala US biriminin tamamı, RDUS biriminin % 50 si dikkate alınarak ücret hesaplanır. Böyle uygulandığında, her iki inceleme için ayrı rapor yazılır. Aynı seansta birden fazla RDUS incelemesi yapılırsa, (özel birimle tanımlı değilse) birimi en büyük olan incelemenin tamamı, sonraki her bir inceleme biriminin 2/3&rsquo;ü dikkate alınarak toplam inceleme birimi bulunur. RADYOLOJİ - 24.00001: Radyolojik incelemelerde kullanılan kontrast ilaç ve tıbbi sarf malzeme ücretleri (aksi belirtilmemiş ise) işleme dahil değildir, ayrıca ücretlendirilir. Radyolojik incelemenin değerlendirilmesi, yorumlanması ve raporlandırılması Radyoloji Uzmanı tarafından (mutlaka) yapılmalıdır. Radyoloji uzmanı raporuna adını, diploma ve uzmanlık numarasını yazarak imzalamalıdır. Radyolojik girişimlerde, Genel İlkelerin 00.57882 kodlu maddesi (ilgili böl",new,explicit_frequency_fields_not_parsed,pending,
engine_proposal_00ac59e139d773921d876b95,B,24.57386,"Alt ekstremite derin venler RDUS, iki ekstremite",sure,partial,24.57386,,{},HUV_06052025.xlsx,"RENKLi DOPPLER ULTRASONOGRAFİ (RDUS) İNCELEMELERi - 24.53821: Gerektiğinde, aynı seansta aynı organ/bölge için hem gri-skala US, hem RDUS incelemesi yapılırsa, gri-skala US biriminin tamamı, RDUS biriminin % 50 si dikkate alınarak ücret hesaplanır. Böyle uygulandığında, her iki inceleme için ayrı rapor yazılır. Aynı seansta birden fazla RDUS incelemesi yapılırsa, (özel birimle tanımlı değilse) birimi en büyük olan incelemenin tamamı, sonraki her bir inceleme biriminin 2/3&rsquo;ü dikkate alınarak toplam inceleme birimi bulunur. RADYOLOJİ - 24.00001: Radyolojik incelemelerde kullanılan kontrast ilaç ve tıbbi sarf malzeme ücretleri (aksi belirtilmemiş ise) işleme dahil değildir, ayrıca ücretlendirilir. Radyolojik incelemenin değerlendirilmesi, yorumlanması ve raporlandırılması Radyoloji Uzmanı tarafından (mutlaka) yapılmalıdır. Radyoloji uzmanı raporuna adını, diploma ve uzmanlık numarasını yazarak imzalamalıdır. Radyolojik girişimlerde, Genel İlkelerin 00.57882 kodlu maddesi (ilgili böl",new,explicit_frequency_fields_not_parsed,pending,
engine_proposal_b303f6de532f6c92673de20a,B,24.57501,"Alt ekstremite yüzeyel+derin+perforan venler tümü RDUS, tek ekstremite",sure,partial,24.57501,,{},HUV_06052025.xlsx,"RENKLi DOPPLER ULTRASONOGRAFİ (RDUS) İNCELEMELERi - 24.53821: Gerektiğinde, aynı seansta aynı organ/bölge için hem gri-skala US, hem RDUS incelemesi yapılırsa, gri-skala US biriminin tamamı, RDUS biriminin % 50 si dikkate alınarak ücret hesaplanır. Böyle uygulandığında, her iki inceleme için ayrı rapor yazılır. Aynı seansta birden fazla RDUS incelemesi yapılırsa, (özel birimle tanımlı değilse) birimi en büyük olan incelemenin tamamı, sonraki her bir inceleme biriminin 2/3&rsquo;ü dikkate alınarak toplam inceleme birimi bulunur. RADYOLOJİ - 24.00001: Radyolojik incelemelerde kullanılan kontrast ilaç ve tıbbi sarf malzeme ücretleri (aksi belirtilmemiş ise) işleme dahil değildir, ayrıca ücretlendirilir. Radyolojik incelemenin değerlendirilmesi, yorumlanması ve raporlandırılması Radyoloji Uzmanı tarafından (mutlaka) yapılmalıdır. Radyoloji uzmanı raporuna adını, diploma ve uzmanlık numarasını yazarak imzalamalıdır. Radyolojik girişimlerde, Genel İlkelerin 00.57882 kodlu maddesi (ilgili böl",new,explicit_frequency_fields_not_parsed,pending,
engine_proposal_5edb5d4078ea705e4eb97866,B,24.57616,"Alt ekstremite yüzeyel+derin+perforan venler tümü RDUS, iki ekstremite",sure,partial,24.57616,,{},HUV_06052025.xlsx,"RENKLi DOPPLER ULTRASONOGRAFİ (RDUS) İNCELEMELERi - 24.53821: Gerektiğinde, aynı seansta aynı organ/bölge için hem gri-skala US, hem RDUS incelemesi yapılırsa, gri-skala US biriminin tamamı, RDUS biriminin % 50 si dikkate alınarak ücret hesaplanır. Böyle uygulandığında, her iki inceleme için ayrı rapor yazılır. Aynı seansta birden fazla RDUS incelemesi yapılırsa, (özel birimle tanımlı değilse) birimi en büyük olan incelemenin tamamı, sonraki her bir inceleme biriminin 2/3&rsquo;ü dikkate alınarak toplam inceleme birimi bulunur. RADYOLOJİ - 24.00001: Radyolojik incelemelerde kullanılan kontrast ilaç ve tıbbi sarf malzeme ücretleri (aksi belirtilmemiş ise) işleme dahil değildir, ayrıca ücretlendirilir. Radyolojik incelemenin değerlendirilmesi, yorumlanması ve raporlandırılması Radyoloji Uzmanı tarafından (mutlaka) yapılmalıdır. Radyoloji uzmanı raporuna adını, diploma ve uzmanlık numarasını yazarak imzalamalıdır. Radyolojik girişimlerde, Genel İlkelerin 00.57882 kodlu maddesi (ilgili böl",new,explicit_frequency_fields_not_parsed,pending,
engine_proposal_57e8a78bd104826ca7661e9d,B,24.57731,"Alt ekstremite arterleri RDUS, tek ekstremite",sure,partial,24.57731,,{},HUV_06052025.xlsx,"RENKLi DOPPLER ULTRASONOGRAFİ (RDUS) İNCELEMELERi - 24.53821: Gerektiğinde, aynı seansta aynı organ/bölge için hem gri-skala US, hem RDUS incelemesi yapılırsa, gri-skala US biriminin tamamı, RDUS biriminin % 50 si dikkate alınarak ücret hesaplanır. Böyle uygulandığında, her iki inceleme için ayrı rapor yazılır. Aynı seansta birden fazla RDUS incelemesi yapılırsa, (özel birimle tanımlı değilse) birimi en büyük olan incelemenin tamamı, sonraki her bir inceleme biriminin 2/3&rsquo;ü dikkate alınarak toplam inceleme birimi bulunur. RADYOLOJİ - 24.00001: Radyolojik incelemelerde kullanılan kontrast ilaç ve tıbbi sarf malzeme ücretleri (aksi belirtilmemiş ise) işleme dahil değildir, ayrıca ücretlendirilir. Radyolojik incelemenin değerlendirilmesi, yorumlanması ve raporlandırılması Radyoloji Uzmanı tarafından (mutlaka) yapılmalıdır. Radyoloji uzmanı raporuna adını, diploma ve uzmanlık numarasını yazarak imzalamalıdır. Radyolojik girişimlerde, Genel İlkelerin 00.57882 kodlu maddesi (ilgili böl",new,explicit_frequency_fields_not_parsed,pending,
engine_proposal_0f619578fa849aa31a41176e,B,24.57846,"Alt ekstremite arterleri RDUS, iki ekstremite",sure,partial,24.57846,,{},HUV_06052025.xlsx,"RENKLi DOPPLER ULTRASONOGRAFİ (RDUS) İNCELEMELERi - 24.53821: Gerektiğinde, aynı seansta aynı organ/bölge için hem gri-skala US, hem RDUS incelemesi yapılırsa, gri-skala US biriminin tamamı, RDUS biriminin % 50 si dikkate alınarak ücret hesaplanır. Böyle uygulandığında, her iki inceleme için ayrı rapor yazılır. Aynı seansta birden fazla RDUS incelemesi yapılırsa, (özel birimle tanımlı değilse) birimi en büyük olan incelemenin tamamı, sonraki her bir inceleme biriminin 2/3&rsquo;ü dikkate alınarak toplam inceleme birimi bulunur. RADYOLOJİ - 24.00001: Radyolojik incelemelerde kullanılan kontrast ilaç ve tıbbi sarf malzeme ücretleri (aksi belirtilmemiş ise) işleme dahil değildir, ayrıca ücretlendirilir. Radyolojik incelemenin değerlendirilmesi, yorumlanması ve raporlandırılması Radyoloji Uzmanı tarafından (mutlaka) yapılmalıdır. Radyoloji uzmanı raporuna adını, diploma ve uzmanlık numarasını yazarak imzalamalıdır. Radyolojik girişimlerde, Genel İlkelerin 00.57882 kodlu maddesi (ilgili böl",new,explicit_frequency_fields_not_parsed,pending,
engine_proposal_58a4b43d97d6c9cda8a34058,B,24.57961,Aortoiliyak ve her iki alt ekstremite arterleri RDUS,sure,partial,24.57961,,{},HUV_06052025.xlsx,"RENKLi DOPPLER ULTRASONOGRAFİ (RDUS) İNCELEMELERi - 24.53821: Gerektiğinde, aynı seansta aynı organ/bölge için hem gri-skala US, hem RDUS incelemesi yapılırsa, gri-skala US biriminin tamamı, RDUS biriminin % 50 si dikkate alınarak ücret hesaplanır. Böyle uygulandığında, her iki inceleme için ayrı rapor yazılır. Aynı seansta birden fazla RDUS incelemesi yapılırsa, (özel birimle tanımlı değilse) birimi en büyük olan incelemenin tamamı, sonraki her bir inceleme biriminin 2/3&rsquo;ü dikkate alınarak toplam inceleme birimi bulunur. RADYOLOJİ - 24.00001: Radyolojik incelemelerde kullanılan kontrast ilaç ve tıbbi sarf malzeme ücretleri (aksi belirtilmemiş ise) işleme dahil değildir, ayrıca ücretlendirilir. Radyolojik incelemenin değerlendirilmesi, yorumlanması ve raporlandırılması Radyoloji Uzmanı tarafından (mutlaka) yapılmalıdır. Radyoloji uzmanı raporuna adını, diploma ve uzmanlık numarasını yazarak imzalamalıdır. Radyolojik girişimlerde, Genel İlkelerin 00.57882 kodlu maddesi (ilgili böl",new,explicit_frequency_fields_not_parsed,pending,
engine_proposal_9411506408e6588c3166687c,B,24.58191,Aortoiliyak ve tek ekstremite arterleri RDUS,sure,partial,24.58191,,{},HUV_06052025.xlsx,"RENKLi DOPPLER ULTRASONOGRAFİ (RDUS) İNCELEMELERi - 24.53821: Gerektiğinde, aynı seansta aynı organ/bölge için hem gri-skala US, hem RDUS incelemesi yapılırsa, gri-skala US biriminin tamamı, RDUS biriminin % 50 si dikkate alınarak ücret hesaplanır. Böyle uygulandığında, her iki inceleme için ayrı rapor yazılır. Aynı seansta birden fazla RDUS incelemesi yapılırsa, (özel birimle tanımlı değilse) birimi en büyük olan incelemenin tamamı, sonraki her bir inceleme biriminin 2/3&rsquo;ü dikkate alınarak toplam inceleme birimi bulunur. RADYOLOJİ - 24.00001: Radyolojik incelemelerde kullanılan kontrast ilaç ve tıbbi sarf malzeme ücretleri (aksi belirtilmemiş ise) işleme dahil değildir, ayrıca ücretlendirilir. Radyolojik incelemenin değerlendirilmesi, yorumlanması ve raporlandırılması Radyoloji Uzmanı tarafından (mutlaka) yapılmalıdır. Radyoloji uzmanı raporuna adını, diploma ve uzmanlık numarasını yazarak imzalamalıdır. Radyolojik girişimlerde, Genel İlkelerin 00.57882 kodlu maddesi (ilgili böl",new,explicit_frequency_fields_not_parsed,pending,
engine_proposal_53d122707d1d21d323cc3339,B,24.58421,"Üst ekstremite venleri RDUS, tek ekstremite",sure,partial,24.58421,,{},HUV_06052025.xlsx,"RENKLi DOPPLER ULTRASONOGRAFİ (RDUS) İNCELEMELERi - 24.53821: Gerektiğinde, aynı seansta aynı organ/bölge için hem gri-skala US, hem RDUS incelemesi yapılırsa, gri-skala US biriminin tamamı, RDUS biriminin % 50 si dikkate alınarak ücret hesaplanır. Böyle uygulandığında, her iki inceleme için ayrı rapor yazılır. Aynı seansta birden fazla RDUS incelemesi yapılırsa, (özel birimle tanımlı değilse) birimi en büyük olan incelemenin tamamı, sonraki her bir inceleme biriminin 2/3&rsquo;ü dikkate alınarak toplam inceleme birimi bulunur. RADYOLOJİ - 24.00001: Radyolojik incelemelerde kullanılan kontrast ilaç ve tıbbi sarf malzeme ücretleri (aksi belirtilmemiş ise) işleme dahil değildir, ayrıca ücretlendirilir. Radyolojik incelemenin değerlendirilmesi, yorumlanması ve raporlandırılması Radyoloji Uzmanı tarafından (mutlaka) yapılmalıdır. Radyoloji uzmanı raporuna adını, diploma ve uzmanlık numarasını yazarak imzalamalıdır. Radyolojik girişimlerde, Genel İlkelerin 00.57882 kodlu maddesi (ilgili böl",new,explicit_frequency_fields_not_parsed,pending,
engine_proposal_d6102621ba9d5a842da7dfbd,B,24.58536,"Üst ekstremite venleri RDUS, iki ekstremite",sure,partial,24.58536,,{},HUV_06052025.xlsx,"RENKLi DOPPLER ULTRASONOGRAFİ (RDUS) İNCELEMELERi - 24.53821: Gerektiğinde, aynı seansta aynı organ/bölge için hem gri-skala US, hem RDUS incelemesi yapılırsa, gri-skala US biriminin tamamı, RDUS biriminin % 50 si dikkate alınarak ücret hesaplanır. Böyle uygulandığında, her iki inceleme için ayrı rapor yazılır. Aynı seansta birden fazla RDUS incelemesi yapılırsa, (özel birimle tanımlı değilse) birimi en büyük olan incelemenin tamamı, sonraki her bir inceleme biriminin 2/3&rsquo;ü dikkate alınarak toplam inceleme birimi bulunur. RADYOLOJİ - 24.00001: Radyolojik incelemelerde kullanılan kontrast ilaç ve tıbbi sarf malzeme ücretleri (aksi belirtilmemiş ise) işleme dahil değildir, ayrıca ücretlendirilir. Radyolojik incelemenin değerlendirilmesi, yorumlanması ve raporlandırılması Radyoloji Uzmanı tarafından (mutlaka) yapılmalıdır. Radyoloji uzmanı raporuna adını, diploma ve uzmanlık numarasını yazarak imzalamalıdır. Radyolojik girişimlerde, Genel İlkelerin 00.57882 kodlu maddesi (ilgili böl",new,explicit_frequency_fields_not_parsed,pending,
engine_proposal_56f69c0013e29da998299b62,B,24.58651,"Üst ekstremite arterleri RDUS, tek ekstremite",sure,partial,24.58651,,{},HUV_06052025.xlsx,"RENKLi DOPPLER ULTRASONOGRAFİ (RDUS) İNCELEMELERi - 24.53821: Gerektiğinde, aynı seansta aynı organ/bölge için hem gri-skala US, hem RDUS incelemesi yapılırsa, gri-skala US biriminin tamamı, RDUS biriminin % 50 si dikkate alınarak ücret hesaplanır. Böyle uygulandığında, her iki inceleme için ayrı rapor yazılır. Aynı seansta birden fazla RDUS incelemesi yapılırsa, (özel birimle tanımlı değilse) birimi en büyük olan incelemenin tamamı, sonraki her bir inceleme biriminin 2/3&rsquo;ü dikkate alınarak toplam inceleme birimi bulunur. RADYOLOJİ - 24.00001: Radyolojik incelemelerde kullanılan kontrast ilaç ve tıbbi sarf malzeme ücretleri (aksi belirtilmemiş ise) işleme dahil değildir, ayrıca ücretlendirilir. Radyolojik incelemenin değerlendirilmesi, yorumlanması ve raporlandırılması Radyoloji Uzmanı tarafından (mutlaka) yapılmalıdır. Radyoloji uzmanı raporuna adını, diploma ve uzmanlık numarasını yazarak imzalamalıdır. Radyolojik girişimlerde, Genel İlkelerin 00.57882 kodlu maddesi (ilgili böl",new,explicit_frequency_fields_not_parsed,pending,
engine_proposal_e053047e4825964384dd7be9,B,24.58766,"Üst ekstremite arterleri RDUS, iki ekstremite",sure,partial,24.58766,,{},HUV_06052025.xlsx,"RENKLi DOPPLER ULTRASONOGRAFİ (RDUS) İNCELEMELERi - 24.53821: Gerektiğinde, aynı seansta aynı organ/bölge için hem gri-skala US, hem RDUS incelemesi yapılırsa, gri-skala US biriminin tamamı, RDUS biriminin % 50 si dikkate alınarak ücret hesaplanır. Böyle uygulandığında, her iki inceleme için ayrı rapor yazılır. Aynı seansta birden fazla RDUS incelemesi yapılırsa, (özel birimle tanımlı değilse) birimi en büyük olan incelemenin tamamı, sonraki her bir inceleme biriminin 2/3&rsquo;ü dikkate alınarak toplam inceleme birimi bulunur. RADYOLOJİ - 24.00001: Radyolojik incelemelerde kullanılan kontrast ilaç ve tıbbi sarf malzeme ücretleri (aksi belirtilmemiş ise) işleme dahil değildir, ayrıca ücretlendirilir. Radyolojik incelemenin değerlendirilmesi, yorumlanması ve raporlandırılması Radyoloji Uzmanı tarafından (mutlaka) yapılmalıdır. Radyoloji uzmanı raporuna adını, diploma ve uzmanlık numarasını yazarak imzalamalıdır. Radyolojik girişimlerde, Genel İlkelerin 00.57882 kodlu maddesi (ilgili böl",new,explicit_frequency_fields_not_parsed,pending,
engine_proposal_4e760d291989edf85e239b0e,B,24.58881,Arteriyovenöz fistül RDUS,sure,partial,24.58881,,{},HUV_06052025.xlsx,"RENKLi DOPPLER ULTRASONOGRAFİ (RDUS) İNCELEMELERi - 24.53821: Gerektiğinde, aynı seansta aynı organ/bölge için hem gri-skala US, hem RDUS incelemesi yapılırsa, gri-skala US biriminin tamamı, RDUS biriminin % 50 si dikkate alınarak ücret hesaplanır. Böyle uygulandığında, her iki inceleme için ayrı rapor yazılır. Aynı seansta birden fazla RDUS incelemesi yapılırsa, (özel birimle tanımlı değilse) birimi en büyük olan incelemenin tamamı, sonraki her bir inceleme biriminin 2/3&rsquo;ü dikkate alınarak toplam inceleme birimi bulunur. RADYOLOJİ - 24.00001: Radyolojik incelemelerde kullanılan kontrast ilaç ve tıbbi sarf malzeme ücretleri (aksi belirtilmemiş ise) işleme dahil değildir, ayrıca ücretlendirilir. Radyolojik incelemenin değerlendirilmesi, yorumlanması ve raporlandırılması Radyoloji Uzmanı tarafından (mutlaka) yapılmalıdır. Radyoloji uzmanı raporuna adını, diploma ve uzmanlık numarasını yazarak imzalamalıdır. Radyolojik girişimlerde, Genel İlkelerin 00.57882 kodlu maddesi (ilgili böl",new,explicit_frequency_fields_not_parsed,pending,
engine_proposal_17628cf068b2c19c0332aec5,B,24.59341,Hepatik ven sistemi RDUS,sure,partial,24.59341,,{},HUV_06052025.xlsx,"RENKLi DOPPLER ULTRASONOGRAFİ (RDUS) İNCELEMELERi - 24.53821: Gerektiğinde, aynı seansta aynı organ/bölge için hem gri-skala US, hem RDUS incelemesi yapılırsa, gri-skala US biriminin tamamı, RDUS biriminin % 50 si dikkate alınarak ücret hesaplanır. Böyle uygulandığında, her iki inceleme için ayrı rapor yazılır. Aynı seansta birden fazla RDUS incelemesi yapılırsa, (özel birimle tanımlı değilse) birimi en büyük olan incelemenin tamamı, sonraki her bir inceleme biriminin 2/3&rsquo;ü dikkate alınarak toplam inceleme birimi bulunur. RADYOLOJİ - 24.00001: Radyolojik incelemelerde kullanılan kontrast ilaç ve tıbbi sarf malzeme ücretleri (aksi belirtilmemiş ise) işleme dahil değildir, ayrıca ücretlendirilir. Radyolojik incelemenin değerlendirilmesi, yorumlanması ve raporlandırılması Radyoloji Uzmanı tarafından (mutlaka) yapılmalıdır. Radyoloji uzmanı raporuna adını, diploma ve uzmanlık numarasını yazarak imzalamalıdır. Radyolojik girişimlerde, Genel İlkelerin 00.57882 kodlu maddesi (ilgili böl",new,explicit_frequency_fields_not_parsed,pending,
engine_proposal_72ac73933370e40a34af2628,B,24.59571,"Renal arter RDUS, iki taraflı",sure,partial,24.59571,,{},HUV_06052025.xlsx,"RENKLi DOPPLER ULTRASONOGRAFİ (RDUS) İNCELEMELERi - 24.53821: Gerektiğinde, aynı seansta aynı organ/bölge için hem gri-skala US, hem RDUS incelemesi yapılırsa, gri-skala US biriminin tamamı, RDUS biriminin % 50 si dikkate alınarak ücret hesaplanır. Böyle uygulandığında, her iki inceleme için ayrı rapor yazılır. Aynı seansta birden fazla RDUS incelemesi yapılırsa, (özel birimle tanımlı değilse) birimi en büyük olan incelemenin tamamı, sonraki her bir inceleme biriminin 2/3&rsquo;ü dikkate alınarak toplam inceleme birimi bulunur. RADYOLOJİ - 24.00001: Radyolojik incelemelerde kullanılan kontrast ilaç ve tıbbi sarf malzeme ücretleri (aksi belirtilmemiş ise) işleme dahil değildir, ayrıca ücretlendirilir. Radyolojik incelemenin değerlendirilmesi, yorumlanması ve raporlandırılması Radyoloji Uzmanı tarafından (mutlaka) yapılmalıdır. Radyoloji uzmanı raporuna adını, diploma ve uzmanlık numarasını yazarak imzalamalıdır. Radyolojik girişimlerde, Genel İlkelerin 00.57882 kodlu maddesi (ilgili böl",new,explicit_frequency_fields_not_parsed,pending,
engine_proposal_aaefaaba28fdf212bf64e293,B,24.59801,"Renal ven RDUS, iki taraflı",sure,partial,24.59801,,{},HUV_06052025.xlsx,"RENKLi DOPPLER ULTRASONOGRAFİ (RDUS) İNCELEMELERi - 24.53821: Gerektiğinde, aynı seansta aynı organ/bölge için hem gri-skala US, hem RDUS incelemesi yapılırsa, gri-skala US biriminin tamamı, RDUS biriminin % 50 si dikkate alınarak ücret hesaplanır. Böyle uygulandığında, her iki inceleme için ayrı rapor yazılır. Aynı seansta birden fazla RDUS incelemesi yapılırsa, (özel birimle tanımlı değilse) birimi en büyük olan incelemenin tamamı, sonraki her bir inceleme biriminin 2/3&rsquo;ü dikkate alınarak toplam inceleme birimi bulunur. RADYOLOJİ - 24.00001: Radyolojik incelemelerde kullanılan kontrast ilaç ve tıbbi sarf malzeme ücretleri (aksi belirtilmemiş ise) işleme dahil değildir, ayrıca ücretlendirilir. Radyolojik incelemenin değerlendirilmesi, yorumlanması ve raporlandırılması Radyoloji Uzmanı tarafından (mutlaka) yapılmalıdır. Radyoloji uzmanı raporuna adını, diploma ve uzmanlık numarasını yazarak imzalamalıdır. Radyolojik girişimlerde, Genel İlkelerin 00.57882 kodlu maddesi (ilgili böl",new,explicit_frequency_fields_not_parsed,pending,
engine_proposal_26997229791279b824361720,B,24.60031,"Renal parankim RDUS, iki taraflı",sure,partial,24.60031,,{},HUV_06052025.xlsx,"RENKLi DOPPLER ULTRASONOGRAFİ (RDUS) İNCELEMELERi - 24.53821: Gerektiğinde, aynı seansta aynı organ/bölge için hem gri-skala US, hem RDUS incelemesi yapılırsa, gri-skala US biriminin tamamı, RDUS biriminin % 50 si dikkate alınarak ücret hesaplanır. Böyle uygulandığında, her iki inceleme için ayrı rapor yazılır. Aynı seansta birden fazla RDUS incelemesi yapılırsa, (özel birimle tanımlı değilse) birimi en büyük olan incelemenin tamamı, sonraki her bir inceleme biriminin 2/3&rsquo;ü dikkate alınarak toplam inceleme birimi bulunur. RADYOLOJİ - 24.00001: Radyolojik incelemelerde kullanılan kontrast ilaç ve tıbbi sarf malzeme ücretleri (aksi belirtilmemiş ise) işleme dahil değildir, ayrıca ücretlendirilir. Radyolojik incelemenin değerlendirilmesi, yorumlanması ve raporlandırılması Radyoloji Uzmanı tarafından (mutlaka) yapılmalıdır. Radyoloji uzmanı raporuna adını, diploma ve uzmanlık numarasını yazarak imzalamalıdır. Radyolojik girişimlerde, Genel İlkelerin 00.57882 kodlu maddesi (ilgili böl",new,explicit_frequency_fields_not_parsed,pending,
engine_proposal_6c983fec10cc92300575be59,B,24.60261,Renal transplant RDUS,sure,partial,24.60261,,{},HUV_06052025.xlsx,"RENKLi DOPPLER ULTRASONOGRAFİ (RDUS) İNCELEMELERi - 24.53821: Gerektiğinde, aynı seansta aynı organ/bölge için hem gri-skala US, hem RDUS incelemesi yapılırsa, gri-skala US biriminin tamamı, RDUS biriminin % 50 si dikkate alınarak ücret hesaplanır. Böyle uygulandığında, her iki inceleme için ayrı rapor yazılır. Aynı seansta birden fazla RDUS incelemesi yapılırsa, (özel birimle tanımlı değilse) birimi en büyük olan incelemenin tamamı, sonraki her bir inceleme biriminin 2/3&rsquo;ü dikkate alınarak toplam inceleme birimi bulunur. RADYOLOJİ - 24.00001: Radyolojik incelemelerde kullanılan kontrast ilaç ve tıbbi sarf malzeme ücretleri (aksi belirtilmemiş ise) işleme dahil değildir, ayrıca ücretlendirilir. Radyolojik incelemenin değerlendirilmesi, yorumlanması ve raporlandırılması Radyoloji Uzmanı tarafından (mutlaka) yapılmalıdır. Radyoloji uzmanı raporuna adını, diploma ve uzmanlık numarasını yazarak imzalamalıdır. Radyolojik girişimlerde, Genel İlkelerin 00.57882 kodlu maddesi (ilgili böl",new,explicit_frequency_fields_not_parsed,pending,
engine_proposal_c424aac4a58459b60eb03394,B,24.60951,Transvajinal RDUS,sure,partial,24.60951,,{},HUV_06052025.xlsx,"RENKLi DOPPLER ULTRASONOGRAFİ (RDUS) İNCELEMELERi - 24.53821: Gerektiğinde, aynı seansta aynı organ/bölge için hem gri-skala US, hem RDUS incelemesi yapılırsa, gri-skala US biriminin tamamı, RDUS biriminin % 50 si dikkate alınarak ücret hesaplanır. Böyle uygulandığında, her iki inceleme için ayrı rapor yazılır. Aynı seansta birden fazla RDUS incelemesi yapılırsa, (özel birimle tanımlı değilse) birimi en büyük olan incelemenin tamamı, sonraki her bir inceleme biriminin 2/3&rsquo;ü dikkate alınarak toplam inceleme birimi bulunur. RADYOLOJİ - 24.00001: Radyolojik incelemelerde kullanılan kontrast ilaç ve tıbbi sarf malzeme ücretleri (aksi belirtilmemiş ise) işleme dahil değildir, ayrıca ücretlendirilir. Radyolojik incelemenin değerlendirilmesi, yorumlanması ve raporlandırılması Radyoloji Uzmanı tarafından (mutlaka) yapılmalıdır. Radyoloji uzmanı raporuna adını, diploma ve uzmanlık numarasını yazarak imzalamalıdır. Radyolojik girişimlerde, Genel İlkelerin 00.57882 kodlu maddesi (ilgili böl",new,explicit_frequency_fields_not_parsed,pending,
engine_proposal_ec880b6a7c4a023e2c23560f,B,24.62791,Ekokardiyografi (B MOD+RDUS birlikte),sure,partial,24.62791,,{},HUV_06052025.xlsx,"RENKLi DOPPLER ULTRASONOGRAFİ (RDUS) İNCELEMELERi - 24.53821: Gerektiğinde, aynı seansta aynı organ/bölge için hem gri-skala US, hem RDUS incelemesi yapılırsa, gri-skala US biriminin tamamı, RDUS biriminin % 50 si dikkate alınarak ücret hesaplanır. Böyle uygulandığında, her iki inceleme için ayrı rapor yazılır. Aynı seansta birden fazla RDUS incelemesi yapılırsa, (özel birimle tanımlı değilse) birimi en büyük olan incelemenin tamamı, sonraki her bir inceleme biriminin 2/3&rsquo;ü dikkate alınarak toplam inceleme birimi bulunur. RADYOLOJİ - 24.00001: Radyolojik incelemelerde kullanılan kontrast ilaç ve tıbbi sarf malzeme ücretleri (aksi belirtilmemiş ise) işleme dahil değildir, ayrıca ücretlendirilir. Radyolojik incelemenin değerlendirilmesi, yorumlanması ve raporlandırılması Radyoloji Uzmanı tarafından (mutlaka) yapılmalıdır. Radyoloji uzmanı raporuna adını, diploma ve uzmanlık numarasını yazarak imzalamalıdır. Radyolojik girişimlerde, Genel İlkelerin 00.57882 kodlu maddesi (ilgili böl",new,explicit_frequency_fields_not_parsed,pending,
engine_proposal_2b022167c32fc541634ce8d7,B,24.63021,Portabl RDUS (zorunlu yatan hastada tetkike ek olarak),sure,partial,24.63021,,{},HUV_06052025.xlsx,"RENKLi DOPPLER ULTRASONOGRAFİ (RDUS) İNCELEMELERi - 24.53821: Gerektiğinde, aynı seansta aynı organ/bölge için hem gri-skala US, hem RDUS incelemesi yapılırsa, gri-skala US biriminin tamamı, RDUS biriminin % 50 si dikkate alınarak ücret hesaplanır. Böyle uygulandığında, her iki inceleme için ayrı rapor yazılır. Aynı seansta birden fazla RDUS incelemesi yapılırsa, (özel birimle tanımlı değilse) birimi en büyük olan incelemenin tamamı, sonraki her bir inceleme biriminin 2/3&rsquo;ü dikkate alınarak toplam inceleme birimi bulunur. RADYOLOJİ - 24.00001: Radyolojik incelemelerde kullanılan kontrast ilaç ve tıbbi sarf malzeme ücretleri (aksi belirtilmemiş ise) işleme dahil değildir, ayrıca ücretlendirilir. Radyolojik incelemenin değerlendirilmesi, yorumlanması ve raporlandırılması Radyoloji Uzmanı tarafından (mutlaka) yapılmalıdır. Radyoloji uzmanı raporuna adını, diploma ve uzmanlık numarasını yazarak imzalamalıdır. Radyolojik girişimlerde, Genel İlkelerin 00.57882 kodlu maddesi (ilgili böl",new,explicit_frequency_fields_not_parsed,pending,
engine_proposal_8b4da1d48bf38352ffab38fd,B,24.63711,Bilgisayarlı alt abdomen tomografisi,sure,partial,24.63711,,{},HUV_06052025.xlsx,"RADYOLOJİ - 24.00001: Radyolojik incelemelerde kullanılan kontrast ilaç ve tıbbi sarf malzeme ücretleri (aksi belirtilmemiş ise) işleme dahil değildir, ayrıca ücretlendirilir. Radyolojik incelemenin değerlendirilmesi, yorumlanması ve raporlandırılması Radyoloji Uzmanı tarafından (mutlaka) yapılmalıdır. Radyoloji uzmanı raporuna adını, diploma ve uzmanlık numarasını yazarak imzalamalıdır. Radyolojik girişimlerde, Genel İlkelerin 00.57882 kodlu maddesi (ilgili bölümde/tanımda aksine bir açıklama yoksa) uygulanmaz. Aynı seansta birden fazla radyoloji incelemesi yapılması halinde, (ilgili bölüm/işlem özel kural/birim ile tanımlı değilse) her bir işlem ayrı ve tam birimi ile ücretlendirilir.",new,explicit_frequency_fields_not_parsed,pending,
engine_proposal_df72016fdbb53ba5277292ca,B,24.63941,Bilgisayarlı üst abdomen tomografisi,birlikteOdenmez,partial,24.63941,,"{""evrakBazliMi"":true,""sourceSutCode"":""803590"",""targetSutCodes"":[""803480""]}",EK-2B HİZMET BAŞI İŞLEM PUAN LİSTESİ (Yür. 02.09.2023).xlsx,803480 ve diğer abdominal Ultrasonografiler ile birlikte faturalandırılmaz.,new,source_crosswalk_not_trusted|unresolved_target_sut_codes:803480,pending,
engine_proposal_5cf3cc9567f57e657a039a15,B,24.63941,Bilgisayarlı üst abdomen tomografisi,sure,partial,24.63941,,{},HUV_06052025.xlsx,"RADYOLOJİ - 24.00001: Radyolojik incelemelerde kullanılan kontrast ilaç ve tıbbi sarf malzeme ücretleri (aksi belirtilmemiş ise) işleme dahil değildir, ayrıca ücretlendirilir. Radyolojik incelemenin değerlendirilmesi, yorumlanması ve raporlandırılması Radyoloji Uzmanı tarafından (mutlaka) yapılmalıdır. Radyoloji uzmanı raporuna adını, diploma ve uzmanlık numarasını yazarak imzalamalıdır. Radyolojik girişimlerde, Genel İlkelerin 00.57882 kodlu maddesi (ilgili bölümde/tanımda aksine bir açıklama yoksa) uygulanmaz. Aynı seansta birden fazla radyoloji incelemesi yapılması halinde, (ilgili bölüm/işlem özel kural/birim ile tanımlı değilse) her bir işlem ayrı ve tam birimi ile ücretlendirilir.",new,explicit_frequency_fields_not_parsed,pending,
engine_proposal_566c90b99a6f899d659d467e,B,24.64171,Bilgisayarlı beyin (aksiyal+koronal) tomografisi,sure,partial,24.64171,,{},HUV_06052025.xlsx,"RADYOLOJİ - 24.00001: Radyolojik incelemelerde kullanılan kontrast ilaç ve tıbbi sarf malzeme ücretleri (aksi belirtilmemiş ise) işleme dahil değildir, ayrıca ücretlendirilir. Radyolojik incelemenin değerlendirilmesi, yorumlanması ve raporlandırılması Radyoloji Uzmanı tarafından (mutlaka) yapılmalıdır. Radyoloji uzmanı raporuna adını, diploma ve uzmanlık numarasını yazarak imzalamalıdır. Radyolojik girişimlerde, Genel İlkelerin 00.57882 kodlu maddesi (ilgili bölümde/tanımda aksine bir açıklama yoksa) uygulanmaz. Aynı seansta birden fazla radyoloji incelemesi yapılması halinde, (ilgili bölüm/işlem özel kural/birim ile tanımlı değilse) her bir işlem ayrı ve tam birimi ile ücretlendirilir.",new,explicit_frequency_fields_not_parsed,pending,
engine_proposal_986a84eb4401affc11aa4028,B,24.64401,Bilgisayarlı beyin tomografisi,sure,partial,24.64401,,{},HUV_06052025.xlsx,"RADYOLOJİ - 24.00001: Radyolojik incelemelerde kullanılan kontrast ilaç ve tıbbi sarf malzeme ücretleri (aksi belirtilmemiş ise) işleme dahil değildir, ayrıca ücretlendirilir. Radyolojik incelemenin değerlendirilmesi, yorumlanması ve raporlandırılması Radyoloji Uzmanı tarafından (mutlaka) yapılmalıdır. Radyoloji uzmanı raporuna adını, diploma ve uzmanlık numarasını yazarak imzalamalıdır. Radyolojik girişimlerde, Genel İlkelerin 00.57882 kodlu maddesi (ilgili bölümde/tanımda aksine bir açıklama yoksa) uygulanmaz. Aynı seansta birden fazla radyoloji incelemesi yapılması halinde, (ilgili bölüm/işlem özel kural/birim ile tanımlı değilse) her bir işlem ayrı ve tam birimi ile ücretlendirilir.",new,explicit_frequency_fields_not_parsed,pending,
engine_proposal_6b2a1f9f2a7fe2ab7c351c75,B,24.64631,"BT eşliğinde girişimsel tetkik, spiral olmayan BT cihazı ile",sure,partial,24.64631,,{},HUV_06052025.xlsx,"RADYOLOJİ - 24.00001: Radyolojik incelemelerde kullanılan kontrast ilaç ve tıbbi sarf malzeme ücretleri (aksi belirtilmemiş ise) işleme dahil değildir, ayrıca ücretlendirilir. Radyolojik incelemenin değerlendirilmesi, yorumlanması ve raporlandırılması Radyoloji Uzmanı tarafından (mutlaka) yapılmalıdır. Radyoloji uzmanı raporuna adını, diploma ve uzmanlık numarasını yazarak imzalamalıdır. Radyolojik girişimlerde, Genel İlkelerin 00.57882 kodlu maddesi (ilgili bölümde/tanımda aksine bir açıklama yoksa) uygulanmaz. Aynı seansta birden fazla radyoloji incelemesi yapılması halinde, (ilgili bölüm/işlem özel kural/birim ile tanımlı değilse) her bir işlem ayrı ve tam birimi ile ücretlendirilir.",new,explicit_frequency_fields_not_parsed,pending,
engine_proposal_9164ab919e90187ee19c8fe4,B,24.64861,"Bilgisayarlı temporal kemik tomografisi YRBT, tek kemik",sure,partial,24.64861,,{},HUV_06052025.xlsx,"RADYOLOJİ - 24.00001: Radyolojik incelemelerde kullanılan kontrast ilaç ve tıbbi sarf malzeme ücretleri (aksi belirtilmemiş ise) işleme dahil değildir, ayrıca ücretlendirilir. Radyolojik incelemenin değerlendirilmesi, yorumlanması ve raporlandırılması Radyoloji Uzmanı tarafından (mutlaka) yapılmalıdır. Radyoloji uzmanı raporuna adını, diploma ve uzmanlık numarasını yazarak imzalamalıdır. Radyolojik girişimlerde, Genel İlkelerin 00.57882 kodlu maddesi (ilgili bölümde/tanımda aksine bir açıklama yoksa) uygulanmaz. Aynı seansta birden fazla radyoloji incelemesi yapılması halinde, (ilgili bölüm/işlem özel kural/birim ile tanımlı değilse) her bir işlem ayrı ve tam birimi ile ücretlendirilir.",new,explicit_frequency_fields_not_parsed,pending,
engine_proposal_097951c74d5c785460445f97,B,24.65091,Bilgisayarlı ekstremite tomografisi (20-50 cm),sure,partial,24.65091,,{},HUV_06052025.xlsx,"RADYOLOJİ - 24.00001: Radyolojik incelemelerde kullanılan kontrast ilaç ve tıbbi sarf malzeme ücretleri (aksi belirtilmemiş ise) işleme dahil değildir, ayrıca ücretlendirilir. Radyolojik incelemenin değerlendirilmesi, yorumlanması ve raporlandırılması Radyoloji Uzmanı tarafından (mutlaka) yapılmalıdır. Radyoloji uzmanı raporuna adını, diploma ve uzmanlık numarasını yazarak imzalamalıdır. Radyolojik girişimlerde, Genel İlkelerin 00.57882 kodlu maddesi (ilgili bölümde/tanımda aksine bir açıklama yoksa) uygulanmaz. Aynı seansta birden fazla radyoloji incelemesi yapılması halinde, (ilgili bölüm/işlem özel kural/birim ile tanımlı değilse) her bir işlem ayrı ve tam birimi ile ücretlendirilir.",new,explicit_frequency_fields_not_parsed,pending,
engine_proposal_b1f1d5321486d8463877c7b8,B,24.65321,Bilgisayarlı hava veya opaklı sisternografi tomografisi,sure,partial,24.65321,,{},HUV_06052025.xlsx,"RADYOLOJİ - 24.00001: Radyolojik incelemelerde kullanılan kontrast ilaç ve tıbbi sarf malzeme ücretleri (aksi belirtilmemiş ise) işleme dahil değildir, ayrıca ücretlendirilir. Radyolojik incelemenin değerlendirilmesi, yorumlanması ve raporlandırılması Radyoloji Uzmanı tarafından (mutlaka) yapılmalıdır. Radyoloji uzmanı raporuna adını, diploma ve uzmanlık numarasını yazarak imzalamalıdır. Radyolojik girişimlerde, Genel İlkelerin 00.57882 kodlu maddesi (ilgili bölümde/tanımda aksine bir açıklama yoksa) uygulanmaz. Aynı seansta birden fazla radyoloji incelemesi yapılması halinde, (ilgili bölüm/işlem özel kural/birim ile tanımlı değilse) her bir işlem ayrı ve tam birimi ile ücretlendirilir.",new,explicit_frequency_fields_not_parsed,pending,
engine_proposal_a5cd84541efd1da915ee1a08,B,24.65551,Bilgisayarlı hipofiz tomografisi,sure,partial,24.65551,,{},HUV_06052025.xlsx,"RADYOLOJİ - 24.00001: Radyolojik incelemelerde kullanılan kontrast ilaç ve tıbbi sarf malzeme ücretleri (aksi belirtilmemiş ise) işleme dahil değildir, ayrıca ücretlendirilir. Radyolojik incelemenin değerlendirilmesi, yorumlanması ve raporlandırılması Radyoloji Uzmanı tarafından (mutlaka) yapılmalıdır. Radyoloji uzmanı raporuna adını, diploma ve uzmanlık numarasını yazarak imzalamalıdır. Radyolojik girişimlerde, Genel İlkelerin 00.57882 kodlu maddesi (ilgili bölümde/tanımda aksine bir açıklama yoksa) uygulanmaz. Aynı seansta birden fazla radyoloji incelemesi yapılması halinde, (ilgili bölüm/işlem özel kural/birim ile tanımlı değilse) her bir işlem ayrı ve tam birimi ile ücretlendirilir.",new,explicit_frequency_fields_not_parsed,pending,
engine_proposal_e0cd3969e5929167930a5527,B,24.65781,"Bilgisayarlı tomografi, radyoterapi planlaması için",sure,partial,24.65781,,{},HUV_06052025.xlsx,"Radyoterapi sürecinde tasarım+planlama amacı ile hastada BT veya MRG uygulanması, RT tasarım+planlama hizmeti kapsamındadır, ek işlem olarak değerlendirilmez. RADYOLOJİ - 24.00001: Radyolojik incelemelerde kullanılan kontrast ilaç ve tıbbi sarf malzeme ücretleri (aksi belirtilmemiş ise) işleme dahil değildir, ayrıca ücretlendirilir. Radyolojik incelemenin değerlendirilmesi, yorumlanması ve raporlandırılması Radyoloji Uzmanı tarafından (mutlaka) yapılmalıdır. Radyoloji uzmanı raporuna adını, diploma ve uzmanlık numarasını yazarak imzalamalıdır. Radyolojik girişimlerde, Genel İlkelerin 00.57882 kodlu maddesi (ilgili bölümde/tanımda aksine bir açıklama yoksa) uygulanmaz. Aynı seansta birden fazla radyoloji incelemesi yapılması halinde, (ilgili bölüm/işlem özel kural/birim ile tanımlı değilse) her bir işlem ayrı ve tam birimi ile ücretlendirilir.",new,explicit_frequency_fields_not_parsed,pending,
engine_proposal_c432678e40a42cd92894cf34,B,24.66011,Bilgisayarlı nazofarinks tomografisi,sure,partial,24.66011,,{},HUV_06052025.xlsx,"RADYOLOJİ - 24.00001: Radyolojik incelemelerde kullanılan kontrast ilaç ve tıbbi sarf malzeme ücretleri (aksi belirtilmemiş ise) işleme dahil değildir, ayrıca ücretlendirilir. Radyolojik incelemenin değerlendirilmesi, yorumlanması ve raporlandırılması Radyoloji Uzmanı tarafından (mutlaka) yapılmalıdır. Radyoloji uzmanı raporuna adını, diploma ve uzmanlık numarasını yazarak imzalamalıdır. Radyolojik girişimlerde, Genel İlkelerin 00.57882 kodlu maddesi (ilgili bölümde/tanımda aksine bir açıklama yoksa) uygulanmaz. Aynı seansta birden fazla radyoloji incelemesi yapılması halinde, (ilgili bölüm/işlem özel kural/birim ile tanımlı değilse) her bir işlem ayrı ve tam birimi ile ücretlendirilir.",new,explicit_frequency_fields_not_parsed,pending,
engine_proposal_4512d862e842f059adae1329,B,24.66241,Bilgisayarlı larinks tomografisi,sure,partial,24.66241,,{},HUV_06052025.xlsx,"RADYOLOJİ - 24.00001: Radyolojik incelemelerde kullanılan kontrast ilaç ve tıbbi sarf malzeme ücretleri (aksi belirtilmemiş ise) işleme dahil değildir, ayrıca ücretlendirilir. Radyolojik incelemenin değerlendirilmesi, yorumlanması ve raporlandırılması Radyoloji Uzmanı tarafından (mutlaka) yapılmalıdır. Radyoloji uzmanı raporuna adını, diploma ve uzmanlık numarasını yazarak imzalamalıdır. Radyolojik girişimlerde, Genel İlkelerin 00.57882 kodlu maddesi (ilgili bölümde/tanımda aksine bir açıklama yoksa) uygulanmaz. Aynı seansta birden fazla radyoloji incelemesi yapılması halinde, (ilgili bölüm/işlem özel kural/birim ile tanımlı değilse) her bir işlem ayrı ve tam birimi ile ücretlendirilir.",new,explicit_frequency_fields_not_parsed,pending,
engine_proposal_05351437a9925f4715fded66,B,24.66471,Bilgisayarlı orbita tomografisi,sure,partial,24.66471,,{},HUV_06052025.xlsx,"RADYOLOJİ - 24.00001: Radyolojik incelemelerde kullanılan kontrast ilaç ve tıbbi sarf malzeme ücretleri (aksi belirtilmemiş ise) işleme dahil değildir, ayrıca ücretlendirilir. Radyolojik incelemenin değerlendirilmesi, yorumlanması ve raporlandırılması Radyoloji Uzmanı tarafından (mutlaka) yapılmalıdır. Radyoloji uzmanı raporuna adını, diploma ve uzmanlık numarasını yazarak imzalamalıdır. Radyolojik girişimlerde, Genel İlkelerin 00.57882 kodlu maddesi (ilgili bölümde/tanımda aksine bir açıklama yoksa) uygulanmaz. Aynı seansta birden fazla radyoloji incelemesi yapılması halinde, (ilgili bölüm/işlem özel kural/birim ile tanımlı değilse) her bir işlem ayrı ve tam birimi ile ücretlendirilir.",new,explicit_frequency_fields_not_parsed,pending,
engine_proposal_b16c41f9590ac213859e0155,B,24.66701,Bilgisayarlı tempomandibular eklem tomografisi,sure,partial,24.66701,,{},HUV_06052025.xlsx,"RADYOLOJİ - 24.00001: Radyolojik incelemelerde kullanılan kontrast ilaç ve tıbbi sarf malzeme ücretleri (aksi belirtilmemiş ise) işleme dahil değildir, ayrıca ücretlendirilir. Radyolojik incelemenin değerlendirilmesi, yorumlanması ve raporlandırılması Radyoloji Uzmanı tarafından (mutlaka) yapılmalıdır. Radyoloji uzmanı raporuna adını, diploma ve uzmanlık numarasını yazarak imzalamalıdır. Radyolojik girişimlerde, Genel İlkelerin 00.57882 kodlu maddesi (ilgili bölümde/tanımda aksine bir açıklama yoksa) uygulanmaz. Aynı seansta birden fazla radyoloji incelemesi yapılması halinde, (ilgili bölüm/işlem özel kural/birim ile tanımlı değilse) her bir işlem ayrı ve tam birimi ile ücretlendirilir.",new,explicit_frequency_fields_not_parsed,pending,
engine_proposal_2493ec521a7a4769b6001a07,B,24.66931,Bilgisayarlı toraks tomografisi,sure,partial,24.66931,,{},HUV_06052025.xlsx,"RADYOLOJİ - 24.00001: Radyolojik incelemelerde kullanılan kontrast ilaç ve tıbbi sarf malzeme ücretleri (aksi belirtilmemiş ise) işleme dahil değildir, ayrıca ücretlendirilir. Radyolojik incelemenin değerlendirilmesi, yorumlanması ve raporlandırılması Radyoloji Uzmanı tarafından (mutlaka) yapılmalıdır. Radyoloji uzmanı raporuna adını, diploma ve uzmanlık numarasını yazarak imzalamalıdır. Radyolojik girişimlerde, Genel İlkelerin 00.57882 kodlu maddesi (ilgili bölümde/tanımda aksine bir açıklama yoksa) uygulanmaz. Aynı seansta birden fazla radyoloji incelemesi yapılması halinde, (ilgili bölüm/işlem özel kural/birim ile tanımlı değilse) her bir işlem ayrı ve tam birimi ile ücretlendirilir.",new,explicit_frequency_fields_not_parsed,pending,
engine_proposal_ab9c024ca80492cb72afa4b2,B,24.67161,Bilgisayarlı vertebra (4 adet) tomografisi,sure,partial,24.67161,,{},HUV_06052025.xlsx,"RADYOLOJİ - 24.00001: Radyolojik incelemelerde kullanılan kontrast ilaç ve tıbbi sarf malzeme ücretleri (aksi belirtilmemiş ise) işleme dahil değildir, ayrıca ücretlendirilir. Radyolojik incelemenin değerlendirilmesi, yorumlanması ve raporlandırılması Radyoloji Uzmanı tarafından (mutlaka) yapılmalıdır. Radyoloji uzmanı raporuna adını, diploma ve uzmanlık numarasını yazarak imzalamalıdır. Radyolojik girişimlerde, Genel İlkelerin 00.57882 kodlu maddesi (ilgili bölümde/tanımda aksine bir açıklama yoksa) uygulanmaz. Aynı seansta birden fazla radyoloji incelemesi yapılması halinde, (ilgili bölüm/işlem özel kural/birim ile tanımlı değilse) her bir işlem ayrı ve tam birimi ile ücretlendirilir.",new,explicit_frequency_fields_not_parsed,pending,
engine_proposal_4a4a7d048102d1f5b6d9c442,B,24.67391,Baskılı (yüklemeli) Vertebra (4 adet) BT,sure,partial,24.67391,,{},HUV_06052025.xlsx,"RADYOLOJİ - 24.00001: Radyolojik incelemelerde kullanılan kontrast ilaç ve tıbbi sarf malzeme ücretleri (aksi belirtilmemiş ise) işleme dahil değildir, ayrıca ücretlendirilir. Radyolojik incelemenin değerlendirilmesi, yorumlanması ve raporlandırılması Radyoloji Uzmanı tarafından (mutlaka) yapılmalıdır. Radyoloji uzmanı raporuna adını, diploma ve uzmanlık numarasını yazarak imzalamalıdır. Radyolojik girişimlerde, Genel İlkelerin 00.57882 kodlu maddesi (ilgili bölümde/tanımda aksine bir açıklama yoksa) uygulanmaz. Aynı seansta birden fazla radyoloji incelemesi yapılması halinde, (ilgili bölüm/işlem özel kural/birim ile tanımlı değilse) her bir işlem ayrı ve tam birimi ile ücretlendirilir.",new,explicit_frequency_fields_not_parsed,pending,
engine_proposal_5a2824d5c046a0dad5d92ead,B,24.67621,Yüksek rezolüsyonlu akciğer BT,sure,partial,24.67621,,{},HUV_06052025.xlsx,"RADYOLOJİ - 24.00001: Radyolojik incelemelerde kullanılan kontrast ilaç ve tıbbi sarf malzeme ücretleri (aksi belirtilmemiş ise) işleme dahil değildir, ayrıca ücretlendirilir. Radyolojik incelemenin değerlendirilmesi, yorumlanması ve raporlandırılması Radyoloji Uzmanı tarafından (mutlaka) yapılmalıdır. Radyoloji uzmanı raporuna adını, diploma ve uzmanlık numarasını yazarak imzalamalıdır. Radyolojik girişimlerde, Genel İlkelerin 00.57882 kodlu maddesi (ilgili bölümde/tanımda aksine bir açıklama yoksa) uygulanmaz. Aynı seansta birden fazla radyoloji incelemesi yapılması halinde, (ilgili bölüm/işlem özel kural/birim ile tanımlı değilse) her bir işlem ayrı ve tam birimi ile ücretlendirilir.",new,explicit_frequency_fields_not_parsed,pending,
engine_proposal_2d7af67b6d1f47f69e0f1765,B,24.67851,"Yüksek rezolüsyonlu akciğer BT, ekspiratuar",sure,partial,24.67851,,{},HUV_06052025.xlsx,"RADYOLOJİ - 24.00001: Radyolojik incelemelerde kullanılan kontrast ilaç ve tıbbi sarf malzeme ücretleri (aksi belirtilmemiş ise) işleme dahil değildir, ayrıca ücretlendirilir. Radyolojik incelemenin değerlendirilmesi, yorumlanması ve raporlandırılması Radyoloji Uzmanı tarafından (mutlaka) yapılmalıdır. Radyoloji uzmanı raporuna adını, diploma ve uzmanlık numarasını yazarak imzalamalıdır. Radyolojik girişimlerde, Genel İlkelerin 00.57882 kodlu maddesi (ilgili bölümde/tanımda aksine bir açıklama yoksa) uygulanmaz. Aynı seansta birden fazla radyoloji incelemesi yapılması halinde, (ilgili bölüm/işlem özel kural/birim ile tanımlı değilse) her bir işlem ayrı ve tam birimi ile ücretlendirilir.",new,explicit_frequency_fields_not_parsed,pending,
engine_proposal_fb0764d13913774b7338d132,B,24.68081,Bilgisayarlı paranazal sinüs tomografisi,sure,partial,24.68081,,{},HUV_06052025.xlsx,"RADYOLOJİ - 24.00001: Radyolojik incelemelerde kullanılan kontrast ilaç ve tıbbi sarf malzeme ücretleri (aksi belirtilmemiş ise) işleme dahil değildir, ayrıca ücretlendirilir. Radyolojik incelemenin değerlendirilmesi, yorumlanması ve raporlandırılması Radyoloji Uzmanı tarafından (mutlaka) yapılmalıdır. Radyoloji uzmanı raporuna adını, diploma ve uzmanlık numarasını yazarak imzalamalıdır. Radyolojik girişimlerde, Genel İlkelerin 00.57882 kodlu maddesi (ilgili bölümde/tanımda aksine bir açıklama yoksa) uygulanmaz. Aynı seansta birden fazla radyoloji incelemesi yapılması halinde, (ilgili bölüm/işlem özel kural/birim ile tanımlı değilse) her bir işlem ayrı ve tam birimi ile ücretlendirilir.",new,explicit_frequency_fields_not_parsed,pending,
engine_proposal_41336f120f19a7bae0efab0a,B,24.68311,Bilgisayarlı boyun tomografisi,sure,partial,24.68311,,{},HUV_06052025.xlsx,"RADYOLOJİ - 24.00001: Radyolojik incelemelerde kullanılan kontrast ilaç ve tıbbi sarf malzeme ücretleri (aksi belirtilmemiş ise) işleme dahil değildir, ayrıca ücretlendirilir. Radyolojik incelemenin değerlendirilmesi, yorumlanması ve raporlandırılması Radyoloji Uzmanı tarafından (mutlaka) yapılmalıdır. Radyoloji uzmanı raporuna adını, diploma ve uzmanlık numarasını yazarak imzalamalıdır. Radyolojik girişimlerde, Genel İlkelerin 00.57882 kodlu maddesi (ilgili bölümde/tanımda aksine bir açıklama yoksa) uygulanmaz. Aynı seansta birden fazla radyoloji incelemesi yapılması halinde, (ilgili bölüm/işlem özel kural/birim ile tanımlı değilse) her bir işlem ayrı ve tam birimi ile ücretlendirilir.",new,explicit_frequency_fields_not_parsed,pending,
engine_proposal_0acafb44ae87ee9a616a381b,B,24.68541,"Bilgisayarlı maksillofasiyal tomografi, aksiyal",sure,partial,24.68541,,{},HUV_06052025.xlsx,"RADYOLOJİ - 24.00001: Radyolojik incelemelerde kullanılan kontrast ilaç ve tıbbi sarf malzeme ücretleri (aksi belirtilmemiş ise) işleme dahil değildir, ayrıca ücretlendirilir. Radyolojik incelemenin değerlendirilmesi, yorumlanması ve raporlandırılması Radyoloji Uzmanı tarafından (mutlaka) yapılmalıdır. Radyoloji uzmanı raporuna adını, diploma ve uzmanlık numarasını yazarak imzalamalıdır. Radyolojik girişimlerde, Genel İlkelerin 00.57882 kodlu maddesi (ilgili bölümde/tanımda aksine bir açıklama yoksa) uygulanmaz. Aynı seansta birden fazla radyoloji incelemesi yapılması halinde, (ilgili bölüm/işlem özel kural/birim ile tanımlı değilse) her bir işlem ayrı ve tam birimi ile ücretlendirilir.",new,explicit_frequency_fields_not_parsed,pending,
engine_proposal_1604c7f8bf79f9941d45f289,B,24.68771,"Bilgisayarlı maksillofasiyal tomografi, koronal",sure,partial,24.68771,,{},HUV_06052025.xlsx,"RADYOLOJİ - 24.00001: Radyolojik incelemelerde kullanılan kontrast ilaç ve tıbbi sarf malzeme ücretleri (aksi belirtilmemiş ise) işleme dahil değildir, ayrıca ücretlendirilir. Radyolojik incelemenin değerlendirilmesi, yorumlanması ve raporlandırılması Radyoloji Uzmanı tarafından (mutlaka) yapılmalıdır. Radyoloji uzmanı raporuna adını, diploma ve uzmanlık numarasını yazarak imzalamalıdır. Radyolojik girişimlerde, Genel İlkelerin 00.57882 kodlu maddesi (ilgili bölümde/tanımda aksine bir açıklama yoksa) uygulanmaz. Aynı seansta birden fazla radyoloji incelemesi yapılması halinde, (ilgili bölüm/işlem özel kural/birim ile tanımlı değilse) her bir işlem ayrı ve tam birimi ile ücretlendirilir.",new,explicit_frequency_fields_not_parsed,pending,
engine_proposal_a251bfb92d853fc6e276473c,B,24.69001,"Bilgisayarlı kantitatif tomografi (kalsiyum skorlama, BMD gibi)",sure,partial,24.69001,,{},HUV_06052025.xlsx,"RADYOLOJİ - 24.00001: Radyolojik incelemelerde kullanılan kontrast ilaç ve tıbbi sarf malzeme ücretleri (aksi belirtilmemiş ise) işleme dahil değildir, ayrıca ücretlendirilir. Radyolojik incelemenin değerlendirilmesi, yorumlanması ve raporlandırılması Radyoloji Uzmanı tarafından (mutlaka) yapılmalıdır. Radyoloji uzmanı raporuna adını, diploma ve uzmanlık numarasını yazarak imzalamalıdır. Radyolojik girişimlerde, Genel İlkelerin 00.57882 kodlu maddesi (ilgili bölümde/tanımda aksine bir açıklama yoksa) uygulanmaz. Aynı seansta birden fazla radyoloji incelemesi yapılması halinde, (ilgili bölüm/işlem özel kural/birim ile tanımlı değilse) her bir işlem ayrı ve tam birimi ile ücretlendirilir.",new,explicit_frequency_fields_not_parsed,pending,
engine_proposal_d1a834fb74d67a0765899c25,B,24.69231,Bilgisayarlı dental tomografi,sure,partial,24.69231,,{},HUV_06052025.xlsx,"RADYOLOJİ - 24.00001: Radyolojik incelemelerde kullanılan kontrast ilaç ve tıbbi sarf malzeme ücretleri (aksi belirtilmemiş ise) işleme dahil değildir, ayrıca ücretlendirilir. Radyolojik incelemenin değerlendirilmesi, yorumlanması ve raporlandırılması Radyoloji Uzmanı tarafından (mutlaka) yapılmalıdır. Radyoloji uzmanı raporuna adını, diploma ve uzmanlık numarasını yazarak imzalamalıdır. Radyolojik girişimlerde, Genel İlkelerin 00.57882 kodlu maddesi (ilgili bölümde/tanımda aksine bir açıklama yoksa) uygulanmaz. Aynı seansta birden fazla radyoloji incelemesi yapılması halinde, (ilgili bölüm/işlem özel kural/birim ile tanımlı değilse) her bir işlem ayrı ve tam birimi ile ücretlendirilir.",new,explicit_frequency_fields_not_parsed,pending,
engine_proposal_07f717e0bcbec906f4c6949f,B,24.69461,"Bilgisayarlı tomografi, diğer",sure,partial,24.69461,,{},HUV_06052025.xlsx,"RADYOLOJİ - 24.00001: Radyolojik incelemelerde kullanılan kontrast ilaç ve tıbbi sarf malzeme ücretleri (aksi belirtilmemiş ise) işleme dahil değildir, ayrıca ücretlendirilir. Radyolojik incelemenin değerlendirilmesi, yorumlanması ve raporlandırılması Radyoloji Uzmanı tarafından (mutlaka) yapılmalıdır. Radyoloji uzmanı raporuna adını, diploma ve uzmanlık numarasını yazarak imzalamalıdır. Radyolojik girişimlerde, Genel İlkelerin 00.57882 kodlu maddesi (ilgili bölümde/tanımda aksine bir açıklama yoksa) uygulanmaz. Aynı seansta birden fazla radyoloji incelemesi yapılması halinde, (ilgili bölüm/işlem özel kural/birim ile tanımlı değilse) her bir işlem ayrı ve tam birimi ile ücretlendirilir.",new,explicit_frequency_fields_not_parsed,pending,
engine_proposal_b584bed9dfade11ff5e923c9,B,24.69921,"BT, 3 boyutlu görüntüleme farkı (MD/S) ile, tek anatomik bölge (kranyum, vertebra, eklem, vb)",birlikteOdenmez,partial,24.69921,,{},HUV_06052025.xlsx,"Bu işlem, (endikasyonu olmak kaydı ile) standart tek anatomik bölge BT incelemesine ek işlem olarak değerlendirilir ve uygulandığında liste birimi ile ücretlendirilir. MULTİDEDEKTÖR VEYA SPİRAL BT CİHAZI İLE (MD/S) - 24.69691: Gereken hallerde, radyoloji ünitesinde veya radyoloji ünitesi dışında (ameliyat salonunda) girişimsel / cerrahi işlemlerde, (standart radyoloji incelemesi ve raporu olmaksızın) yalnız hasta güvenliğini sağlamak/artırmak için rehberlik amacı ile peroperatif BT kullanılması, (özel birimle tanımlı değilse veya incelemenin kapsamında değilse) rehberlik yapılan organ / bölgenin listede tanımlı BT birimi (tamamı) ile ücretlendirilir. Bir organ/eklem/bölge/alanda yapılan BT incelemesi ile birlikte aynı seansta, aynı/farklı organ/eklem/bölge/alanda BT incelemesi yapılır ise, (incelemenin tümünü kapsayan özel bir tanım yoksa), birimi en büyük olan inceleme biriminin tamamı, sonraki her bir organ, eklem, bölge, alan inceleme biriminin 2/3 ü dikkate alınarak ücretlendirilir",new,canonical_together_target_not_found,pending,
engine_proposal_3d3166a0957e02b3f32ea8ca,B,24.69921,"BT, 3 boyutlu görüntüleme farkı (MD/S) ile, tek anatomik bölge (kranyum, vertebra, eklem, vb)",sure,partial,24.69921,,{},HUV_06052025.xlsx,"Bu işlem, (endikasyonu olmak kaydı ile) standart tek anatomik bölge BT incelemesine ek işlem olarak değerlendirilir ve uygulandığında liste birimi ile ücretlendirilir. MULTİDEDEKTÖR VEYA SPİRAL BT CİHAZI İLE (MD/S) - 24.69691: Gereken hallerde, radyoloji ünitesinde veya radyoloji ünitesi dışında (ameliyat salonunda) girişimsel / cerrahi işlemlerde, (standart radyoloji incelemesi ve raporu olmaksızın) yalnız hasta güvenliğini sağlamak/artırmak için rehberlik amacı ile peroperatif BT kullanılması, (özel birimle tanımlı değilse veya incelemenin kapsamında değilse) rehberlik yapılan organ / bölgenin listede tanımlı BT birimi (tamamı) ile ücretlendirilir. Bir organ/eklem/bölge/alanda yapılan BT incelemesi ile birlikte aynı seansta, aynı/farklı organ/eklem/bölge/alanda BT incelemesi yapılır ise, (incelemenin tümünü kapsayan özel bir tanım yoksa), birimi en büyük olan inceleme biriminin tamamı, sonraki her bir organ, eklem, bölge, alan inceleme biriminin 2/3 ü dikkate alınarak ücretlendirilir",new,explicit_frequency_fields_not_parsed,pending,
engine_proposal_84355957b734a72bbc83c6f6,B,24.70151,"BT anjiyografi, tek anatomik bölge için (MD/S)",birlikteOdenmez,partial,24.70151,,{},HUV_06052025.xlsx,"Uygulamanın gereği olarak yapılan kontrastlı tetkik işlemi ve/veya 3 boyutlu BT (MD/S) ile görüntüleme farkı, bu incelemenin kapsamındadır, ek işlem olarak değerlendirilmez. Ancak, uygulamada kullanılan kontrast ilacı işlem kapsamında değildir, ek olarak ücretlendirilir. MULTİDEDEKTÖR VEYA SPİRAL BT CİHAZI İLE (MD/S) - 24.69691: Gereken hallerde, radyoloji ünitesinde veya radyoloji ünitesi dışında (ameliyat salonunda) girişimsel / cerrahi işlemlerde, (standart radyoloji incelemesi ve raporu olmaksızın) yalnız hasta güvenliğini sağlamak/artırmak için rehberlik amacı ile peroperatif BT kullanılması, (özel birimle tanımlı değilse veya incelemenin kapsamında değilse) rehberlik yapılan organ / bölgenin listede tanımlı BT birimi (tamamı) ile ücretlendirilir. Bir organ/eklem/bölge/alanda yapılan BT incelemesi ile birlikte aynı seansta, aynı/farklı organ/eklem/bölge/alanda BT incelemesi yapılır ise, (incelemenin tümünü kapsayan özel bir tanım yoksa), birimi en büyük olan inceleme biriminin tam",new,canonical_together_target_not_found,pending,
engine_proposal_c757dd69e3abbbfa08898b4b,B,24.70151,"BT anjiyografi, tek anatomik bölge için (MD/S)",sure,partial,24.70151,,{},HUV_06052025.xlsx,"Uygulamanın gereği olarak yapılan kontrastlı tetkik işlemi ve/veya 3 boyutlu BT (MD/S) ile görüntüleme farkı, bu incelemenin kapsamındadır, ek işlem olarak değerlendirilmez. Ancak, uygulamada kullanılan kontrast ilacı işlem kapsamında değildir, ek olarak ücretlendirilir. MULTİDEDEKTÖR VEYA SPİRAL BT CİHAZI İLE (MD/S) - 24.69691: Gereken hallerde, radyoloji ünitesinde veya radyoloji ünitesi dışında (ameliyat salonunda) girişimsel / cerrahi işlemlerde, (standart radyoloji incelemesi ve raporu olmaksızın) yalnız hasta güvenliğini sağlamak/artırmak için rehberlik amacı ile peroperatif BT kullanılması, (özel birimle tanımlı değilse veya incelemenin kapsamında değilse) rehberlik yapılan organ / bölgenin listede tanımlı BT birimi (tamamı) ile ücretlendirilir. Bir organ/eklem/bölge/alanda yapılan BT incelemesi ile birlikte aynı seansta, aynı/farklı organ/eklem/bölge/alanda BT incelemesi yapılır ise, (incelemenin tümünü kapsayan özel bir tanım yoksa), birimi en büyük olan inceleme biriminin tam",new,explicit_frequency_fields_not_parsed,pending,
engine_proposal_0a650de88f139ce7209040fa,B,24.70381,Bilgisayarlı beyin tomografisi (aksiyal+koronal) (MD veya S),birlikteOdenmez,partial,24.70381,,{},HUV_06052025.xlsx,"MULTİDEDEKTÖR VEYA SPİRAL BT CİHAZI İLE (MD/S) - 24.69691: Gereken hallerde, radyoloji ünitesinde veya radyoloji ünitesi dışında (ameliyat salonunda) girişimsel / cerrahi işlemlerde, (standart radyoloji incelemesi ve raporu olmaksızın) yalnız hasta güvenliğini sağlamak/artırmak için rehberlik amacı ile peroperatif BT kullanılması, (özel birimle tanımlı değilse veya incelemenin kapsamında değilse) rehberlik yapılan organ / bölgenin listede tanımlı BT birimi (tamamı) ile ücretlendirilir. Bir organ/eklem/bölge/alanda yapılan BT incelemesi ile birlikte aynı seansta, aynı/farklı organ/eklem/bölge/alanda BT incelemesi yapılır ise, (incelemenin tümünü kapsayan özel bir tanım yoksa), birimi en büyük olan inceleme biriminin tamamı, sonraki her bir organ, eklem, bölge, alan inceleme biriminin 2/3 ü dikkate alınarak ücretlendirilir. RADYOLOJİ - 24.00001: Radyolojik incelemelerde kullanılan kontrast ilaç ve tıbbi sarf malzeme ücretleri (aksi belirtilmemiş ise) işleme dahil değildir, ayrıca ücretle",new,canonical_together_target_not_found,pending,
engine_proposal_97cd1f164730037ed740fc56,B,24.70381,Bilgisayarlı beyin tomografisi (aksiyal+koronal) (MD veya S),sure,partial,24.70381,,{},HUV_06052025.xlsx,"MULTİDEDEKTÖR VEYA SPİRAL BT CİHAZI İLE (MD/S) - 24.69691: Gereken hallerde, radyoloji ünitesinde veya radyoloji ünitesi dışında (ameliyat salonunda) girişimsel / cerrahi işlemlerde, (standart radyoloji incelemesi ve raporu olmaksızın) yalnız hasta güvenliğini sağlamak/artırmak için rehberlik amacı ile peroperatif BT kullanılması, (özel birimle tanımlı değilse veya incelemenin kapsamında değilse) rehberlik yapılan organ / bölgenin listede tanımlı BT birimi (tamamı) ile ücretlendirilir. Bir organ/eklem/bölge/alanda yapılan BT incelemesi ile birlikte aynı seansta, aynı/farklı organ/eklem/bölge/alanda BT incelemesi yapılır ise, (incelemenin tümünü kapsayan özel bir tanım yoksa), birimi en büyük olan inceleme biriminin tamamı, sonraki her bir organ, eklem, bölge, alan inceleme biriminin 2/3 ü dikkate alınarak ücretlendirilir. RADYOLOJİ - 24.00001: Radyolojik incelemelerde kullanılan kontrast ilaç ve tıbbi sarf malzeme ücretleri (aksi belirtilmemiş ise) işleme dahil değildir, ayrıca ücretle",new,explicit_frequency_fields_not_parsed,pending,
engine_proposal_6840cdd9a588ceda60fa5cc9,B,24.70611,Bilgisayarlı beyin tomografisi (MD/S),birlikteOdenmez,partial,24.70611,,{},HUV_06052025.xlsx,"MULTİDEDEKTÖR VEYA SPİRAL BT CİHAZI İLE (MD/S) - 24.69691: Gereken hallerde, radyoloji ünitesinde veya radyoloji ünitesi dışında (ameliyat salonunda) girişimsel / cerrahi işlemlerde, (standart radyoloji incelemesi ve raporu olmaksızın) yalnız hasta güvenliğini sağlamak/artırmak için rehberlik amacı ile peroperatif BT kullanılması, (özel birimle tanımlı değilse veya incelemenin kapsamında değilse) rehberlik yapılan organ / bölgenin listede tanımlı BT birimi (tamamı) ile ücretlendirilir. Bir organ/eklem/bölge/alanda yapılan BT incelemesi ile birlikte aynı seansta, aynı/farklı organ/eklem/bölge/alanda BT incelemesi yapılır ise, (incelemenin tümünü kapsayan özel bir tanım yoksa), birimi en büyük olan inceleme biriminin tamamı, sonraki her bir organ, eklem, bölge, alan inceleme biriminin 2/3 ü dikkate alınarak ücretlendirilir. RADYOLOJİ - 24.00001: Radyolojik incelemelerde kullanılan kontrast ilaç ve tıbbi sarf malzeme ücretleri (aksi belirtilmemiş ise) işleme dahil değildir, ayrıca ücretle",new,canonical_together_target_not_found,pending,
engine_proposal_2837957f61bd20364e6c1c9a,B,24.70611,Bilgisayarlı beyin tomografisi (MD/S),sure,partial,24.70611,,{},HUV_06052025.xlsx,"MULTİDEDEKTÖR VEYA SPİRAL BT CİHAZI İLE (MD/S) - 24.69691: Gereken hallerde, radyoloji ünitesinde veya radyoloji ünitesi dışında (ameliyat salonunda) girişimsel / cerrahi işlemlerde, (standart radyoloji incelemesi ve raporu olmaksızın) yalnız hasta güvenliğini sağlamak/artırmak için rehberlik amacı ile peroperatif BT kullanılması, (özel birimle tanımlı değilse veya incelemenin kapsamında değilse) rehberlik yapılan organ / bölgenin listede tanımlı BT birimi (tamamı) ile ücretlendirilir. Bir organ/eklem/bölge/alanda yapılan BT incelemesi ile birlikte aynı seansta, aynı/farklı organ/eklem/bölge/alanda BT incelemesi yapılır ise, (incelemenin tümünü kapsayan özel bir tanım yoksa), birimi en büyük olan inceleme biriminin tamamı, sonraki her bir organ, eklem, bölge, alan inceleme biriminin 2/3 ü dikkate alınarak ücretlendirilir. RADYOLOJİ - 24.00001: Radyolojik incelemelerde kullanılan kontrast ilaç ve tıbbi sarf malzeme ücretleri (aksi belirtilmemiş ise) işleme dahil değildir, ayrıca ücretle",new,explicit_frequency_fields_not_parsed,pending,
engine_proposal_6859505ab53062bbb20854df,B,24.70841,Bilgisayarlı hipofiz tomografisi (MD/S),birlikteOdenmez,partial,24.70841,,{},HUV_06052025.xlsx,"MULTİDEDEKTÖR VEYA SPİRAL BT CİHAZI İLE (MD/S) - 24.69691: Gereken hallerde, radyoloji ünitesinde veya radyoloji ünitesi dışında (ameliyat salonunda) girişimsel / cerrahi işlemlerde, (standart radyoloji incelemesi ve raporu olmaksızın) yalnız hasta güvenliğini sağlamak/artırmak için rehberlik amacı ile peroperatif BT kullanılması, (özel birimle tanımlı değilse veya incelemenin kapsamında değilse) rehberlik yapılan organ / bölgenin listede tanımlı BT birimi (tamamı) ile ücretlendirilir. Bir organ/eklem/bölge/alanda yapılan BT incelemesi ile birlikte aynı seansta, aynı/farklı organ/eklem/bölge/alanda BT incelemesi yapılır ise, (incelemenin tümünü kapsayan özel bir tanım yoksa), birimi en büyük olan inceleme biriminin tamamı, sonraki her bir organ, eklem, bölge, alan inceleme biriminin 2/3 ü dikkate alınarak ücretlendirilir. RADYOLOJİ - 24.00001: Radyolojik incelemelerde kullanılan kontrast ilaç ve tıbbi sarf malzeme ücretleri (aksi belirtilmemiş ise) işleme dahil değildir, ayrıca ücretle",new,canonical_together_target_not_found,pending,
engine_proposal_57427734355bcbb3263d0aff,B,24.70841,Bilgisayarlı hipofiz tomografisi (MD/S),sure,partial,24.70841,,{},HUV_06052025.xlsx,"MULTİDEDEKTÖR VEYA SPİRAL BT CİHAZI İLE (MD/S) - 24.69691: Gereken hallerde, radyoloji ünitesinde veya radyoloji ünitesi dışında (ameliyat salonunda) girişimsel / cerrahi işlemlerde, (standart radyoloji incelemesi ve raporu olmaksızın) yalnız hasta güvenliğini sağlamak/artırmak için rehberlik amacı ile peroperatif BT kullanılması, (özel birimle tanımlı değilse veya incelemenin kapsamında değilse) rehberlik yapılan organ / bölgenin listede tanımlı BT birimi (tamamı) ile ücretlendirilir. Bir organ/eklem/bölge/alanda yapılan BT incelemesi ile birlikte aynı seansta, aynı/farklı organ/eklem/bölge/alanda BT incelemesi yapılır ise, (incelemenin tümünü kapsayan özel bir tanım yoksa), birimi en büyük olan inceleme biriminin tamamı, sonraki her bir organ, eklem, bölge, alan inceleme biriminin 2/3 ü dikkate alınarak ücretlendirilir. RADYOLOJİ - 24.00001: Radyolojik incelemelerde kullanılan kontrast ilaç ve tıbbi sarf malzeme ücretleri (aksi belirtilmemiş ise) işleme dahil değildir, ayrıca ücretle",new,explicit_frequency_fields_not_parsed,pending,
engine_proposal_fe5a93ce40cb257631811b74,B,24.71071,Bilgisayarlı hava veya opaklı sisternografi tomografisi (MD/S),birlikteOdenmez,partial,24.71071,,{},HUV_06052025.xlsx,"MULTİDEDEKTÖR VEYA SPİRAL BT CİHAZI İLE (MD/S) - 24.69691: Gereken hallerde, radyoloji ünitesinde veya radyoloji ünitesi dışında (ameliyat salonunda) girişimsel / cerrahi işlemlerde, (standart radyoloji incelemesi ve raporu olmaksızın) yalnız hasta güvenliğini sağlamak/artırmak için rehberlik amacı ile peroperatif BT kullanılması, (özel birimle tanımlı değilse veya incelemenin kapsamında değilse) rehberlik yapılan organ / bölgenin listede tanımlı BT birimi (tamamı) ile ücretlendirilir. Bir organ/eklem/bölge/alanda yapılan BT incelemesi ile birlikte aynı seansta, aynı/farklı organ/eklem/bölge/alanda BT incelemesi yapılır ise, (incelemenin tümünü kapsayan özel bir tanım yoksa), birimi en büyük olan inceleme biriminin tamamı, sonraki her bir organ, eklem, bölge, alan inceleme biriminin 2/3 ü dikkate alınarak ücretlendirilir. RADYOLOJİ - 24.00001: Radyolojik incelemelerde kullanılan kontrast ilaç ve tıbbi sarf malzeme ücretleri (aksi belirtilmemiş ise) işleme dahil değildir, ayrıca ücretle",new,canonical_together_target_not_found,pending,
engine_proposal_9ea53aad42eb6ce3c4229bb2,B,24.71071,Bilgisayarlı hava veya opaklı sisternografi tomografisi (MD/S),sure,partial,24.71071,,{},HUV_06052025.xlsx,"MULTİDEDEKTÖR VEYA SPİRAL BT CİHAZI İLE (MD/S) - 24.69691: Gereken hallerde, radyoloji ünitesinde veya radyoloji ünitesi dışında (ameliyat salonunda) girişimsel / cerrahi işlemlerde, (standart radyoloji incelemesi ve raporu olmaksızın) yalnız hasta güvenliğini sağlamak/artırmak için rehberlik amacı ile peroperatif BT kullanılması, (özel birimle tanımlı değilse veya incelemenin kapsamında değilse) rehberlik yapılan organ / bölgenin listede tanımlı BT birimi (tamamı) ile ücretlendirilir. Bir organ/eklem/bölge/alanda yapılan BT incelemesi ile birlikte aynı seansta, aynı/farklı organ/eklem/bölge/alanda BT incelemesi yapılır ise, (incelemenin tümünü kapsayan özel bir tanım yoksa), birimi en büyük olan inceleme biriminin tamamı, sonraki her bir organ, eklem, bölge, alan inceleme biriminin 2/3 ü dikkate alınarak ücretlendirilir. RADYOLOJİ - 24.00001: Radyolojik incelemelerde kullanılan kontrast ilaç ve tıbbi sarf malzeme ücretleri (aksi belirtilmemiş ise) işleme dahil değildir, ayrıca ücretle",new,explicit_frequency_fields_not_parsed,pending,
engine_proposal_620258e062829d40016bb75f,B,24.71301,Bilgisayarlı orbita tomografisi (MD/S),birlikteOdenmez,partial,24.71301,,{},HUV_06052025.xlsx,"MULTİDEDEKTÖR VEYA SPİRAL BT CİHAZI İLE (MD/S) - 24.69691: Gereken hallerde, radyoloji ünitesinde veya radyoloji ünitesi dışında (ameliyat salonunda) girişimsel / cerrahi işlemlerde, (standart radyoloji incelemesi ve raporu olmaksızın) yalnız hasta güvenliğini sağlamak/artırmak için rehberlik amacı ile peroperatif BT kullanılması, (özel birimle tanımlı değilse veya incelemenin kapsamında değilse) rehberlik yapılan organ / bölgenin listede tanımlı BT birimi (tamamı) ile ücretlendirilir. Bir organ/eklem/bölge/alanda yapılan BT incelemesi ile birlikte aynı seansta, aynı/farklı organ/eklem/bölge/alanda BT incelemesi yapılır ise, (incelemenin tümünü kapsayan özel bir tanım yoksa), birimi en büyük olan inceleme biriminin tamamı, sonraki her bir organ, eklem, bölge, alan inceleme biriminin 2/3 ü dikkate alınarak ücretlendirilir. RADYOLOJİ - 24.00001: Radyolojik incelemelerde kullanılan kontrast ilaç ve tıbbi sarf malzeme ücretleri (aksi belirtilmemiş ise) işleme dahil değildir, ayrıca ücretle",new,canonical_together_target_not_found,pending,
engine_proposal_3f8947ad0a313024ad19514d,B,24.71301,Bilgisayarlı orbita tomografisi (MD/S),sure,partial,24.71301,,{},HUV_06052025.xlsx,"MULTİDEDEKTÖR VEYA SPİRAL BT CİHAZI İLE (MD/S) - 24.69691: Gereken hallerde, radyoloji ünitesinde veya radyoloji ünitesi dışında (ameliyat salonunda) girişimsel / cerrahi işlemlerde, (standart radyoloji incelemesi ve raporu olmaksızın) yalnız hasta güvenliğini sağlamak/artırmak için rehberlik amacı ile peroperatif BT kullanılması, (özel birimle tanımlı değilse veya incelemenin kapsamında değilse) rehberlik yapılan organ / bölgenin listede tanımlı BT birimi (tamamı) ile ücretlendirilir. Bir organ/eklem/bölge/alanda yapılan BT incelemesi ile birlikte aynı seansta, aynı/farklı organ/eklem/bölge/alanda BT incelemesi yapılır ise, (incelemenin tümünü kapsayan özel bir tanım yoksa), birimi en büyük olan inceleme biriminin tamamı, sonraki her bir organ, eklem, bölge, alan inceleme biriminin 2/3 ü dikkate alınarak ücretlendirilir. RADYOLOJİ - 24.00001: Radyolojik incelemelerde kullanılan kontrast ilaç ve tıbbi sarf malzeme ücretleri (aksi belirtilmemiş ise) işleme dahil değildir, ayrıca ücretle",new,explicit_frequency_fields_not_parsed,pending,
engine_proposal_91c7fbb658393fa227820f05,B,24.71531,"Bilgisayarlı temporal kemik tomografisi YRBT, tek kemik (MD/S)",birlikteOdenmez,partial,24.71531,,{},HUV_06052025.xlsx,"MULTİDEDEKTÖR VEYA SPİRAL BT CİHAZI İLE (MD/S) - 24.69691: Gereken hallerde, radyoloji ünitesinde veya radyoloji ünitesi dışında (ameliyat salonunda) girişimsel / cerrahi işlemlerde, (standart radyoloji incelemesi ve raporu olmaksızın) yalnız hasta güvenliğini sağlamak/artırmak için rehberlik amacı ile peroperatif BT kullanılması, (özel birimle tanımlı değilse veya incelemenin kapsamında değilse) rehberlik yapılan organ / bölgenin listede tanımlı BT birimi (tamamı) ile ücretlendirilir. Bir organ/eklem/bölge/alanda yapılan BT incelemesi ile birlikte aynı seansta, aynı/farklı organ/eklem/bölge/alanda BT incelemesi yapılır ise, (incelemenin tümünü kapsayan özel bir tanım yoksa), birimi en büyük olan inceleme biriminin tamamı, sonraki her bir organ, eklem, bölge, alan inceleme biriminin 2/3 ü dikkate alınarak ücretlendirilir. RADYOLOJİ - 24.00001: Radyolojik incelemelerde kullanılan kontrast ilaç ve tıbbi sarf malzeme ücretleri (aksi belirtilmemiş ise) işleme dahil değildir, ayrıca ücretle",new,canonical_together_target_not_found,pending,
engine_proposal_6fcba1fe6df089a0b503acfb,B,24.71531,"Bilgisayarlı temporal kemik tomografisi YRBT, tek kemik (MD/S)",sure,partial,24.71531,,{},HUV_06052025.xlsx,"MULTİDEDEKTÖR VEYA SPİRAL BT CİHAZI İLE (MD/S) - 24.69691: Gereken hallerde, radyoloji ünitesinde veya radyoloji ünitesi dışında (ameliyat salonunda) girişimsel / cerrahi işlemlerde, (standart radyoloji incelemesi ve raporu olmaksızın) yalnız hasta güvenliğini sağlamak/artırmak için rehberlik amacı ile peroperatif BT kullanılması, (özel birimle tanımlı değilse veya incelemenin kapsamında değilse) rehberlik yapılan organ / bölgenin listede tanımlı BT birimi (tamamı) ile ücretlendirilir. Bir organ/eklem/bölge/alanda yapılan BT incelemesi ile birlikte aynı seansta, aynı/farklı organ/eklem/bölge/alanda BT incelemesi yapılır ise, (incelemenin tümünü kapsayan özel bir tanım yoksa), birimi en büyük olan inceleme biriminin tamamı, sonraki her bir organ, eklem, bölge, alan inceleme biriminin 2/3 ü dikkate alınarak ücretlendirilir. RADYOLOJİ - 24.00001: Radyolojik incelemelerde kullanılan kontrast ilaç ve tıbbi sarf malzeme ücretleri (aksi belirtilmemiş ise) işleme dahil değildir, ayrıca ücretle",new,explicit_frequency_fields_not_parsed,pending,
engine_proposal_793a870016e3cdc9db6fd27d,B,24.71761,"Bilgisayarlı temporomandibuler eklem (TME) tomografisi, tek eklem (MD/S)",birlikteOdenmez,partial,24.71761,,{},HUV_06052025.xlsx,"MULTİDEDEKTÖR VEYA SPİRAL BT CİHAZI İLE (MD/S) - 24.69691: Gereken hallerde, radyoloji ünitesinde veya radyoloji ünitesi dışında (ameliyat salonunda) girişimsel / cerrahi işlemlerde, (standart radyoloji incelemesi ve raporu olmaksızın) yalnız hasta güvenliğini sağlamak/artırmak için rehberlik amacı ile peroperatif BT kullanılması, (özel birimle tanımlı değilse veya incelemenin kapsamında değilse) rehberlik yapılan organ / bölgenin listede tanımlı BT birimi (tamamı) ile ücretlendirilir. Bir organ/eklem/bölge/alanda yapılan BT incelemesi ile birlikte aynı seansta, aynı/farklı organ/eklem/bölge/alanda BT incelemesi yapılır ise, (incelemenin tümünü kapsayan özel bir tanım yoksa), birimi en büyük olan inceleme biriminin tamamı, sonraki her bir organ, eklem, bölge, alan inceleme biriminin 2/3 ü dikkate alınarak ücretlendirilir. RADYOLOJİ - 24.00001: Radyolojik incelemelerde kullanılan kontrast ilaç ve tıbbi sarf malzeme ücretleri (aksi belirtilmemiş ise) işleme dahil değildir, ayrıca ücretle",new,canonical_together_target_not_found,pending,
engine_proposal_26615e04c9a45ca620186662,B,24.71761,"Bilgisayarlı temporomandibuler eklem (TME) tomografisi, tek eklem (MD/S)",sure,partial,24.71761,,{},HUV_06052025.xlsx,"MULTİDEDEKTÖR VEYA SPİRAL BT CİHAZI İLE (MD/S) - 24.69691: Gereken hallerde, radyoloji ünitesinde veya radyoloji ünitesi dışında (ameliyat salonunda) girişimsel / cerrahi işlemlerde, (standart radyoloji incelemesi ve raporu olmaksızın) yalnız hasta güvenliğini sağlamak/artırmak için rehberlik amacı ile peroperatif BT kullanılması, (özel birimle tanımlı değilse veya incelemenin kapsamında değilse) rehberlik yapılan organ / bölgenin listede tanımlı BT birimi (tamamı) ile ücretlendirilir. Bir organ/eklem/bölge/alanda yapılan BT incelemesi ile birlikte aynı seansta, aynı/farklı organ/eklem/bölge/alanda BT incelemesi yapılır ise, (incelemenin tümünü kapsayan özel bir tanım yoksa), birimi en büyük olan inceleme biriminin tamamı, sonraki her bir organ, eklem, bölge, alan inceleme biriminin 2/3 ü dikkate alınarak ücretlendirilir. RADYOLOJİ - 24.00001: Radyolojik incelemelerde kullanılan kontrast ilaç ve tıbbi sarf malzeme ücretleri (aksi belirtilmemiş ise) işleme dahil değildir, ayrıca ücretle",new,explicit_frequency_fields_not_parsed,pending,
engine_proposal_cc9faf533e7eaca9789af8ba,B,24.71876,"Bilgisayarlı temporomandibuler eklem (TME) tomografisi, çift eklem (MD/S)",birlikteOdenmez,partial,24.71876,,{},HUV_06052025.xlsx,"MULTİDEDEKTÖR VEYA SPİRAL BT CİHAZI İLE (MD/S) - 24.69691: Gereken hallerde, radyoloji ünitesinde veya radyoloji ünitesi dışında (ameliyat salonunda) girişimsel / cerrahi işlemlerde, (standart radyoloji incelemesi ve raporu olmaksızın) yalnız hasta güvenliğini sağlamak/artırmak için rehberlik amacı ile peroperatif BT kullanılması, (özel birimle tanımlı değilse veya incelemenin kapsamında değilse) rehberlik yapılan organ / bölgenin listede tanımlı BT birimi (tamamı) ile ücretlendirilir. Bir organ/eklem/bölge/alanda yapılan BT incelemesi ile birlikte aynı seansta, aynı/farklı organ/eklem/bölge/alanda BT incelemesi yapılır ise, (incelemenin tümünü kapsayan özel bir tanım yoksa), birimi en büyük olan inceleme biriminin tamamı, sonraki her bir organ, eklem, bölge, alan inceleme biriminin 2/3 ü dikkate alınarak ücretlendirilir. RADYOLOJİ - 24.00001: Radyolojik incelemelerde kullanılan kontrast ilaç ve tıbbi sarf malzeme ücretleri (aksi belirtilmemiş ise) işleme dahil değildir, ayrıca ücretle",new,canonical_together_target_not_found,pending,
engine_proposal_23dc8f4ff5c7ee9a048ead43,B,24.71876,"Bilgisayarlı temporomandibuler eklem (TME) tomografisi, çift eklem (MD/S)",sure,partial,24.71876,,{},HUV_06052025.xlsx,"MULTİDEDEKTÖR VEYA SPİRAL BT CİHAZI İLE (MD/S) - 24.69691: Gereken hallerde, radyoloji ünitesinde veya radyoloji ünitesi dışında (ameliyat salonunda) girişimsel / cerrahi işlemlerde, (standart radyoloji incelemesi ve raporu olmaksızın) yalnız hasta güvenliğini sağlamak/artırmak için rehberlik amacı ile peroperatif BT kullanılması, (özel birimle tanımlı değilse veya incelemenin kapsamında değilse) rehberlik yapılan organ / bölgenin listede tanımlı BT birimi (tamamı) ile ücretlendirilir. Bir organ/eklem/bölge/alanda yapılan BT incelemesi ile birlikte aynı seansta, aynı/farklı organ/eklem/bölge/alanda BT incelemesi yapılır ise, (incelemenin tümünü kapsayan özel bir tanım yoksa), birimi en büyük olan inceleme biriminin tamamı, sonraki her bir organ, eklem, bölge, alan inceleme biriminin 2/3 ü dikkate alınarak ücretlendirilir. RADYOLOJİ - 24.00001: Radyolojik incelemelerde kullanılan kontrast ilaç ve tıbbi sarf malzeme ücretleri (aksi belirtilmemiş ise) işleme dahil değildir, ayrıca ücretle",new,explicit_frequency_fields_not_parsed,pending,
engine_proposal_8efa56ea785786408232d51d,B,24.71991,"Bilgisayarlı maksillofasiyal tomografi, aksiyal (MD/S)",birlikteOdenmez,partial,24.71991,,{},HUV_06052025.xlsx,"MULTİDEDEKTÖR VEYA SPİRAL BT CİHAZI İLE (MD/S) - 24.69691: Gereken hallerde, radyoloji ünitesinde veya radyoloji ünitesi dışında (ameliyat salonunda) girişimsel / cerrahi işlemlerde, (standart radyoloji incelemesi ve raporu olmaksızın) yalnız hasta güvenliğini sağlamak/artırmak için rehberlik amacı ile peroperatif BT kullanılması, (özel birimle tanımlı değilse veya incelemenin kapsamında değilse) rehberlik yapılan organ / bölgenin listede tanımlı BT birimi (tamamı) ile ücretlendirilir. Bir organ/eklem/bölge/alanda yapılan BT incelemesi ile birlikte aynı seansta, aynı/farklı organ/eklem/bölge/alanda BT incelemesi yapılır ise, (incelemenin tümünü kapsayan özel bir tanım yoksa), birimi en büyük olan inceleme biriminin tamamı, sonraki her bir organ, eklem, bölge, alan inceleme biriminin 2/3 ü dikkate alınarak ücretlendirilir. RADYOLOJİ - 24.00001: Radyolojik incelemelerde kullanılan kontrast ilaç ve tıbbi sarf malzeme ücretleri (aksi belirtilmemiş ise) işleme dahil değildir, ayrıca ücretle",new,canonical_together_target_not_found,pending,
engine_proposal_722eaac09931037a0e763b04,B,24.71991,"Bilgisayarlı maksillofasiyal tomografi, aksiyal (MD/S)",sure,partial,24.71991,,{},HUV_06052025.xlsx,"MULTİDEDEKTÖR VEYA SPİRAL BT CİHAZI İLE (MD/S) - 24.69691: Gereken hallerde, radyoloji ünitesinde veya radyoloji ünitesi dışında (ameliyat salonunda) girişimsel / cerrahi işlemlerde, (standart radyoloji incelemesi ve raporu olmaksızın) yalnız hasta güvenliğini sağlamak/artırmak için rehberlik amacı ile peroperatif BT kullanılması, (özel birimle tanımlı değilse veya incelemenin kapsamında değilse) rehberlik yapılan organ / bölgenin listede tanımlı BT birimi (tamamı) ile ücretlendirilir. Bir organ/eklem/bölge/alanda yapılan BT incelemesi ile birlikte aynı seansta, aynı/farklı organ/eklem/bölge/alanda BT incelemesi yapılır ise, (incelemenin tümünü kapsayan özel bir tanım yoksa), birimi en büyük olan inceleme biriminin tamamı, sonraki her bir organ, eklem, bölge, alan inceleme biriminin 2/3 ü dikkate alınarak ücretlendirilir. RADYOLOJİ - 24.00001: Radyolojik incelemelerde kullanılan kontrast ilaç ve tıbbi sarf malzeme ücretleri (aksi belirtilmemiş ise) işleme dahil değildir, ayrıca ücretle",new,explicit_frequency_fields_not_parsed,pending,
engine_proposal_96533f5409186359932fcee7,B,24.72221,"Bilgisayarlı maksillofasiyal tomografi, koronal (MD/S)",birlikteOdenmez,partial,24.72221,,{},HUV_06052025.xlsx,"MULTİDEDEKTÖR VEYA SPİRAL BT CİHAZI İLE (MD/S) - 24.69691: Gereken hallerde, radyoloji ünitesinde veya radyoloji ünitesi dışında (ameliyat salonunda) girişimsel / cerrahi işlemlerde, (standart radyoloji incelemesi ve raporu olmaksızın) yalnız hasta güvenliğini sağlamak/artırmak için rehberlik amacı ile peroperatif BT kullanılması, (özel birimle tanımlı değilse veya incelemenin kapsamında değilse) rehberlik yapılan organ / bölgenin listede tanımlı BT birimi (tamamı) ile ücretlendirilir. Bir organ/eklem/bölge/alanda yapılan BT incelemesi ile birlikte aynı seansta, aynı/farklı organ/eklem/bölge/alanda BT incelemesi yapılır ise, (incelemenin tümünü kapsayan özel bir tanım yoksa), birimi en büyük olan inceleme biriminin tamamı, sonraki her bir organ, eklem, bölge, alan inceleme biriminin 2/3 ü dikkate alınarak ücretlendirilir. RADYOLOJİ - 24.00001: Radyolojik incelemelerde kullanılan kontrast ilaç ve tıbbi sarf malzeme ücretleri (aksi belirtilmemiş ise) işleme dahil değildir, ayrıca ücretle",new,canonical_together_target_not_found,pending,
engine_proposal_cef5097c61fa205fe1300281,B,24.72221,"Bilgisayarlı maksillofasiyal tomografi, koronal (MD/S)",sure,partial,24.72221,,{},HUV_06052025.xlsx,"MULTİDEDEKTÖR VEYA SPİRAL BT CİHAZI İLE (MD/S) - 24.69691: Gereken hallerde, radyoloji ünitesinde veya radyoloji ünitesi dışında (ameliyat salonunda) girişimsel / cerrahi işlemlerde, (standart radyoloji incelemesi ve raporu olmaksızın) yalnız hasta güvenliğini sağlamak/artırmak için rehberlik amacı ile peroperatif BT kullanılması, (özel birimle tanımlı değilse veya incelemenin kapsamında değilse) rehberlik yapılan organ / bölgenin listede tanımlı BT birimi (tamamı) ile ücretlendirilir. Bir organ/eklem/bölge/alanda yapılan BT incelemesi ile birlikte aynı seansta, aynı/farklı organ/eklem/bölge/alanda BT incelemesi yapılır ise, (incelemenin tümünü kapsayan özel bir tanım yoksa), birimi en büyük olan inceleme biriminin tamamı, sonraki her bir organ, eklem, bölge, alan inceleme biriminin 2/3 ü dikkate alınarak ücretlendirilir. RADYOLOJİ - 24.00001: Radyolojik incelemelerde kullanılan kontrast ilaç ve tıbbi sarf malzeme ücretleri (aksi belirtilmemiş ise) işleme dahil değildir, ayrıca ücretle",new,explicit_frequency_fields_not_parsed,pending,
engine_proposal_7a9d69bb78addc182f598fab,B,24.72451,Bilgisayarlı paranazal sinüs tomografisi (MD/S),birlikteOdenmez,partial,24.72451,,{},HUV_06052025.xlsx,"MULTİDEDEKTÖR VEYA SPİRAL BT CİHAZI İLE (MD/S) - 24.69691: Gereken hallerde, radyoloji ünitesinde veya radyoloji ünitesi dışında (ameliyat salonunda) girişimsel / cerrahi işlemlerde, (standart radyoloji incelemesi ve raporu olmaksızın) yalnız hasta güvenliğini sağlamak/artırmak için rehberlik amacı ile peroperatif BT kullanılması, (özel birimle tanımlı değilse veya incelemenin kapsamında değilse) rehberlik yapılan organ / bölgenin listede tanımlı BT birimi (tamamı) ile ücretlendirilir. Bir organ/eklem/bölge/alanda yapılan BT incelemesi ile birlikte aynı seansta, aynı/farklı organ/eklem/bölge/alanda BT incelemesi yapılır ise, (incelemenin tümünü kapsayan özel bir tanım yoksa), birimi en büyük olan inceleme biriminin tamamı, sonraki her bir organ, eklem, bölge, alan inceleme biriminin 2/3 ü dikkate alınarak ücretlendirilir. RADYOLOJİ - 24.00001: Radyolojik incelemelerde kullanılan kontrast ilaç ve tıbbi sarf malzeme ücretleri (aksi belirtilmemiş ise) işleme dahil değildir, ayrıca ücretle",new,canonical_together_target_not_found,pending,
engine_proposal_5d1d6bec5f52d825d70a48ff,B,24.72451,Bilgisayarlı paranazal sinüs tomografisi (MD/S),sure,partial,24.72451,,{},HUV_06052025.xlsx,"MULTİDEDEKTÖR VEYA SPİRAL BT CİHAZI İLE (MD/S) - 24.69691: Gereken hallerde, radyoloji ünitesinde veya radyoloji ünitesi dışında (ameliyat salonunda) girişimsel / cerrahi işlemlerde, (standart radyoloji incelemesi ve raporu olmaksızın) yalnız hasta güvenliğini sağlamak/artırmak için rehberlik amacı ile peroperatif BT kullanılması, (özel birimle tanımlı değilse veya incelemenin kapsamında değilse) rehberlik yapılan organ / bölgenin listede tanımlı BT birimi (tamamı) ile ücretlendirilir. Bir organ/eklem/bölge/alanda yapılan BT incelemesi ile birlikte aynı seansta, aynı/farklı organ/eklem/bölge/alanda BT incelemesi yapılır ise, (incelemenin tümünü kapsayan özel bir tanım yoksa), birimi en büyük olan inceleme biriminin tamamı, sonraki her bir organ, eklem, bölge, alan inceleme biriminin 2/3 ü dikkate alınarak ücretlendirilir. RADYOLOJİ - 24.00001: Radyolojik incelemelerde kullanılan kontrast ilaç ve tıbbi sarf malzeme ücretleri (aksi belirtilmemiş ise) işleme dahil değildir, ayrıca ücretle",new,explicit_frequency_fields_not_parsed,pending,
engine_proposal_8a260bb6188b83ad7e288219,B,24.72681,Bilgisayarlı dental tomografi (MD/S),birlikteOdenmez,partial,24.72681,,{},HUV_06052025.xlsx,"MULTİDEDEKTÖR VEYA SPİRAL BT CİHAZI İLE (MD/S) - 24.69691: Gereken hallerde, radyoloji ünitesinde veya radyoloji ünitesi dışında (ameliyat salonunda) girişimsel / cerrahi işlemlerde, (standart radyoloji incelemesi ve raporu olmaksızın) yalnız hasta güvenliğini sağlamak/artırmak için rehberlik amacı ile peroperatif BT kullanılması, (özel birimle tanımlı değilse veya incelemenin kapsamında değilse) rehberlik yapılan organ / bölgenin listede tanımlı BT birimi (tamamı) ile ücretlendirilir. Bir organ/eklem/bölge/alanda yapılan BT incelemesi ile birlikte aynı seansta, aynı/farklı organ/eklem/bölge/alanda BT incelemesi yapılır ise, (incelemenin tümünü kapsayan özel bir tanım yoksa), birimi en büyük olan inceleme biriminin tamamı, sonraki her bir organ, eklem, bölge, alan inceleme biriminin 2/3 ü dikkate alınarak ücretlendirilir. RADYOLOJİ - 24.00001: Radyolojik incelemelerde kullanılan kontrast ilaç ve tıbbi sarf malzeme ücretleri (aksi belirtilmemiş ise) işleme dahil değildir, ayrıca ücretle",new,canonical_together_target_not_found,pending,
engine_proposal_b251ad18aaceba6639507cd5,B,24.72681,Bilgisayarlı dental tomografi (MD/S),sure,partial,24.72681,,{},HUV_06052025.xlsx,"MULTİDEDEKTÖR VEYA SPİRAL BT CİHAZI İLE (MD/S) - 24.69691: Gereken hallerde, radyoloji ünitesinde veya radyoloji ünitesi dışında (ameliyat salonunda) girişimsel / cerrahi işlemlerde, (standart radyoloji incelemesi ve raporu olmaksızın) yalnız hasta güvenliğini sağlamak/artırmak için rehberlik amacı ile peroperatif BT kullanılması, (özel birimle tanımlı değilse veya incelemenin kapsamında değilse) rehberlik yapılan organ / bölgenin listede tanımlı BT birimi (tamamı) ile ücretlendirilir. Bir organ/eklem/bölge/alanda yapılan BT incelemesi ile birlikte aynı seansta, aynı/farklı organ/eklem/bölge/alanda BT incelemesi yapılır ise, (incelemenin tümünü kapsayan özel bir tanım yoksa), birimi en büyük olan inceleme biriminin tamamı, sonraki her bir organ, eklem, bölge, alan inceleme biriminin 2/3 ü dikkate alınarak ücretlendirilir. RADYOLOJİ - 24.00001: Radyolojik incelemelerde kullanılan kontrast ilaç ve tıbbi sarf malzeme ücretleri (aksi belirtilmemiş ise) işleme dahil değildir, ayrıca ücretle",new,explicit_frequency_fields_not_parsed,pending,
engine_proposal_430d24e4407661b01b08c4bf,B,24.72911,Bilgisayarlı nazofarinks tomografisi (MD/S),birlikteOdenmez,partial,24.72911,,{},HUV_06052025.xlsx,"MULTİDEDEKTÖR VEYA SPİRAL BT CİHAZI İLE (MD/S) - 24.69691: Gereken hallerde, radyoloji ünitesinde veya radyoloji ünitesi dışında (ameliyat salonunda) girişimsel / cerrahi işlemlerde, (standart radyoloji incelemesi ve raporu olmaksızın) yalnız hasta güvenliğini sağlamak/artırmak için rehberlik amacı ile peroperatif BT kullanılması, (özel birimle tanımlı değilse veya incelemenin kapsamında değilse) rehberlik yapılan organ / bölgenin listede tanımlı BT birimi (tamamı) ile ücretlendirilir. Bir organ/eklem/bölge/alanda yapılan BT incelemesi ile birlikte aynı seansta, aynı/farklı organ/eklem/bölge/alanda BT incelemesi yapılır ise, (incelemenin tümünü kapsayan özel bir tanım yoksa), birimi en büyük olan inceleme biriminin tamamı, sonraki her bir organ, eklem, bölge, alan inceleme biriminin 2/3 ü dikkate alınarak ücretlendirilir. RADYOLOJİ - 24.00001: Radyolojik incelemelerde kullanılan kontrast ilaç ve tıbbi sarf malzeme ücretleri (aksi belirtilmemiş ise) işleme dahil değildir, ayrıca ücretle",new,canonical_together_target_not_found,pending,
engine_proposal_769fcc6afdae32490befef5c,B,24.72911,Bilgisayarlı nazofarinks tomografisi (MD/S),sure,partial,24.72911,,{},HUV_06052025.xlsx,"MULTİDEDEKTÖR VEYA SPİRAL BT CİHAZI İLE (MD/S) - 24.69691: Gereken hallerde, radyoloji ünitesinde veya radyoloji ünitesi dışında (ameliyat salonunda) girişimsel / cerrahi işlemlerde, (standart radyoloji incelemesi ve raporu olmaksızın) yalnız hasta güvenliğini sağlamak/artırmak için rehberlik amacı ile peroperatif BT kullanılması, (özel birimle tanımlı değilse veya incelemenin kapsamında değilse) rehberlik yapılan organ / bölgenin listede tanımlı BT birimi (tamamı) ile ücretlendirilir. Bir organ/eklem/bölge/alanda yapılan BT incelemesi ile birlikte aynı seansta, aynı/farklı organ/eklem/bölge/alanda BT incelemesi yapılır ise, (incelemenin tümünü kapsayan özel bir tanım yoksa), birimi en büyük olan inceleme biriminin tamamı, sonraki her bir organ, eklem, bölge, alan inceleme biriminin 2/3 ü dikkate alınarak ücretlendirilir. RADYOLOJİ - 24.00001: Radyolojik incelemelerde kullanılan kontrast ilaç ve tıbbi sarf malzeme ücretleri (aksi belirtilmemiş ise) işleme dahil değildir, ayrıca ücretle",new,explicit_frequency_fields_not_parsed,pending,
engine_proposal_57803fa62e9a07d1f8354f84,B,24.73141,Bilgisayarlı larinks tomografisi (MD/S),birlikteOdenmez,partial,24.73141,,{},HUV_06052025.xlsx,"MULTİDEDEKTÖR VEYA SPİRAL BT CİHAZI İLE (MD/S) - 24.69691: Gereken hallerde, radyoloji ünitesinde veya radyoloji ünitesi dışında (ameliyat salonunda) girişimsel / cerrahi işlemlerde, (standart radyoloji incelemesi ve raporu olmaksızın) yalnız hasta güvenliğini sağlamak/artırmak için rehberlik amacı ile peroperatif BT kullanılması, (özel birimle tanımlı değilse veya incelemenin kapsamında değilse) rehberlik yapılan organ / bölgenin listede tanımlı BT birimi (tamamı) ile ücretlendirilir. Bir organ/eklem/bölge/alanda yapılan BT incelemesi ile birlikte aynı seansta, aynı/farklı organ/eklem/bölge/alanda BT incelemesi yapılır ise, (incelemenin tümünü kapsayan özel bir tanım yoksa), birimi en büyük olan inceleme biriminin tamamı, sonraki her bir organ, eklem, bölge, alan inceleme biriminin 2/3 ü dikkate alınarak ücretlendirilir. RADYOLOJİ - 24.00001: Radyolojik incelemelerde kullanılan kontrast ilaç ve tıbbi sarf malzeme ücretleri (aksi belirtilmemiş ise) işleme dahil değildir, ayrıca ücretle",new,canonical_together_target_not_found,pending,
engine_proposal_d137b68e6aa77a8f750ea36d,B,24.73141,Bilgisayarlı larinks tomografisi (MD/S),sure,partial,24.73141,,{},HUV_06052025.xlsx,"MULTİDEDEKTÖR VEYA SPİRAL BT CİHAZI İLE (MD/S) - 24.69691: Gereken hallerde, radyoloji ünitesinde veya radyoloji ünitesi dışında (ameliyat salonunda) girişimsel / cerrahi işlemlerde, (standart radyoloji incelemesi ve raporu olmaksızın) yalnız hasta güvenliğini sağlamak/artırmak için rehberlik amacı ile peroperatif BT kullanılması, (özel birimle tanımlı değilse veya incelemenin kapsamında değilse) rehberlik yapılan organ / bölgenin listede tanımlı BT birimi (tamamı) ile ücretlendirilir. Bir organ/eklem/bölge/alanda yapılan BT incelemesi ile birlikte aynı seansta, aynı/farklı organ/eklem/bölge/alanda BT incelemesi yapılır ise, (incelemenin tümünü kapsayan özel bir tanım yoksa), birimi en büyük olan inceleme biriminin tamamı, sonraki her bir organ, eklem, bölge, alan inceleme biriminin 2/3 ü dikkate alınarak ücretlendirilir. RADYOLOJİ - 24.00001: Radyolojik incelemelerde kullanılan kontrast ilaç ve tıbbi sarf malzeme ücretleri (aksi belirtilmemiş ise) işleme dahil değildir, ayrıca ücretle",new,explicit_frequency_fields_not_parsed,pending,
engine_proposal_826b6e9dcd361cc5d6116617,B,24.73371,Bilgisayarlı boyun tomografisi (MD/S),birlikteOdenmez,partial,24.73371,,{},HUV_06052025.xlsx,"MULTİDEDEKTÖR VEYA SPİRAL BT CİHAZI İLE (MD/S) - 24.69691: Gereken hallerde, radyoloji ünitesinde veya radyoloji ünitesi dışında (ameliyat salonunda) girişimsel / cerrahi işlemlerde, (standart radyoloji incelemesi ve raporu olmaksızın) yalnız hasta güvenliğini sağlamak/artırmak için rehberlik amacı ile peroperatif BT kullanılması, (özel birimle tanımlı değilse veya incelemenin kapsamında değilse) rehberlik yapılan organ / bölgenin listede tanımlı BT birimi (tamamı) ile ücretlendirilir. Bir organ/eklem/bölge/alanda yapılan BT incelemesi ile birlikte aynı seansta, aynı/farklı organ/eklem/bölge/alanda BT incelemesi yapılır ise, (incelemenin tümünü kapsayan özel bir tanım yoksa), birimi en büyük olan inceleme biriminin tamamı, sonraki her bir organ, eklem, bölge, alan inceleme biriminin 2/3 ü dikkate alınarak ücretlendirilir. RADYOLOJİ - 24.00001: Radyolojik incelemelerde kullanılan kontrast ilaç ve tıbbi sarf malzeme ücretleri (aksi belirtilmemiş ise) işleme dahil değildir, ayrıca ücretle",new,canonical_together_target_not_found,pending,
engine_proposal_e15665a6250c550404a8967d,B,24.73371,Bilgisayarlı boyun tomografisi (MD/S),sure,partial,24.73371,,{},HUV_06052025.xlsx,"MULTİDEDEKTÖR VEYA SPİRAL BT CİHAZI İLE (MD/S) - 24.69691: Gereken hallerde, radyoloji ünitesinde veya radyoloji ünitesi dışında (ameliyat salonunda) girişimsel / cerrahi işlemlerde, (standart radyoloji incelemesi ve raporu olmaksızın) yalnız hasta güvenliğini sağlamak/artırmak için rehberlik amacı ile peroperatif BT kullanılması, (özel birimle tanımlı değilse veya incelemenin kapsamında değilse) rehberlik yapılan organ / bölgenin listede tanımlı BT birimi (tamamı) ile ücretlendirilir. Bir organ/eklem/bölge/alanda yapılan BT incelemesi ile birlikte aynı seansta, aynı/farklı organ/eklem/bölge/alanda BT incelemesi yapılır ise, (incelemenin tümünü kapsayan özel bir tanım yoksa), birimi en büyük olan inceleme biriminin tamamı, sonraki her bir organ, eklem, bölge, alan inceleme biriminin 2/3 ü dikkate alınarak ücretlendirilir. RADYOLOJİ - 24.00001: Radyolojik incelemelerde kullanılan kontrast ilaç ve tıbbi sarf malzeme ücretleri (aksi belirtilmemiş ise) işleme dahil değildir, ayrıca ücretle",new,explicit_frequency_fields_not_parsed,pending,
engine_proposal_9f5f6ae7b158da48285435f8,B,24.73601,Bilgisayarlı toraks tomografisi (MD/S),birlikteOdenmez,partial,24.73601,,{},HUV_06052025.xlsx,"MULTİDEDEKTÖR VEYA SPİRAL BT CİHAZI İLE (MD/S) - 24.69691: Gereken hallerde, radyoloji ünitesinde veya radyoloji ünitesi dışında (ameliyat salonunda) girişimsel / cerrahi işlemlerde, (standart radyoloji incelemesi ve raporu olmaksızın) yalnız hasta güvenliğini sağlamak/artırmak için rehberlik amacı ile peroperatif BT kullanılması, (özel birimle tanımlı değilse veya incelemenin kapsamında değilse) rehberlik yapılan organ / bölgenin listede tanımlı BT birimi (tamamı) ile ücretlendirilir. Bir organ/eklem/bölge/alanda yapılan BT incelemesi ile birlikte aynı seansta, aynı/farklı organ/eklem/bölge/alanda BT incelemesi yapılır ise, (incelemenin tümünü kapsayan özel bir tanım yoksa), birimi en büyük olan inceleme biriminin tamamı, sonraki her bir organ, eklem, bölge, alan inceleme biriminin 2/3 ü dikkate alınarak ücretlendirilir. RADYOLOJİ - 24.00001: Radyolojik incelemelerde kullanılan kontrast ilaç ve tıbbi sarf malzeme ücretleri (aksi belirtilmemiş ise) işleme dahil değildir, ayrıca ücretle",new,canonical_together_target_not_found,pending,
engine_proposal_f405654f620c1d1a4b3aecfc,B,24.73601,Bilgisayarlı toraks tomografisi (MD/S),sure,partial,24.73601,,{},HUV_06052025.xlsx,"MULTİDEDEKTÖR VEYA SPİRAL BT CİHAZI İLE (MD/S) - 24.69691: Gereken hallerde, radyoloji ünitesinde veya radyoloji ünitesi dışında (ameliyat salonunda) girişimsel / cerrahi işlemlerde, (standart radyoloji incelemesi ve raporu olmaksızın) yalnız hasta güvenliğini sağlamak/artırmak için rehberlik amacı ile peroperatif BT kullanılması, (özel birimle tanımlı değilse veya incelemenin kapsamında değilse) rehberlik yapılan organ / bölgenin listede tanımlı BT birimi (tamamı) ile ücretlendirilir. Bir organ/eklem/bölge/alanda yapılan BT incelemesi ile birlikte aynı seansta, aynı/farklı organ/eklem/bölge/alanda BT incelemesi yapılır ise, (incelemenin tümünü kapsayan özel bir tanım yoksa), birimi en büyük olan inceleme biriminin tamamı, sonraki her bir organ, eklem, bölge, alan inceleme biriminin 2/3 ü dikkate alınarak ücretlendirilir. RADYOLOJİ - 24.00001: Radyolojik incelemelerde kullanılan kontrast ilaç ve tıbbi sarf malzeme ücretleri (aksi belirtilmemiş ise) işleme dahil değildir, ayrıca ücretle",new,explicit_frequency_fields_not_parsed,pending,
engine_proposal_222f2da17e7d5e1d3a579b0c,B,24.73831,Yüksek rezolüsyonlu akciğer BT (MD/S),birlikteOdenmez,partial,24.73831,,{},HUV_06052025.xlsx,"MULTİDEDEKTÖR VEYA SPİRAL BT CİHAZI İLE (MD/S) - 24.69691: Gereken hallerde, radyoloji ünitesinde veya radyoloji ünitesi dışında (ameliyat salonunda) girişimsel / cerrahi işlemlerde, (standart radyoloji incelemesi ve raporu olmaksızın) yalnız hasta güvenliğini sağlamak/artırmak için rehberlik amacı ile peroperatif BT kullanılması, (özel birimle tanımlı değilse veya incelemenin kapsamında değilse) rehberlik yapılan organ / bölgenin listede tanımlı BT birimi (tamamı) ile ücretlendirilir. Bir organ/eklem/bölge/alanda yapılan BT incelemesi ile birlikte aynı seansta, aynı/farklı organ/eklem/bölge/alanda BT incelemesi yapılır ise, (incelemenin tümünü kapsayan özel bir tanım yoksa), birimi en büyük olan inceleme biriminin tamamı, sonraki her bir organ, eklem, bölge, alan inceleme biriminin 2/3 ü dikkate alınarak ücretlendirilir. RADYOLOJİ - 24.00001: Radyolojik incelemelerde kullanılan kontrast ilaç ve tıbbi sarf malzeme ücretleri (aksi belirtilmemiş ise) işleme dahil değildir, ayrıca ücretle",new,canonical_together_target_not_found,pending,
engine_proposal_53a012f367448a740c8add69,B,24.73831,Yüksek rezolüsyonlu akciğer BT (MD/S),sure,partial,24.73831,,{},HUV_06052025.xlsx,"MULTİDEDEKTÖR VEYA SPİRAL BT CİHAZI İLE (MD/S) - 24.69691: Gereken hallerde, radyoloji ünitesinde veya radyoloji ünitesi dışında (ameliyat salonunda) girişimsel / cerrahi işlemlerde, (standart radyoloji incelemesi ve raporu olmaksızın) yalnız hasta güvenliğini sağlamak/artırmak için rehberlik amacı ile peroperatif BT kullanılması, (özel birimle tanımlı değilse veya incelemenin kapsamında değilse) rehberlik yapılan organ / bölgenin listede tanımlı BT birimi (tamamı) ile ücretlendirilir. Bir organ/eklem/bölge/alanda yapılan BT incelemesi ile birlikte aynı seansta, aynı/farklı organ/eklem/bölge/alanda BT incelemesi yapılır ise, (incelemenin tümünü kapsayan özel bir tanım yoksa), birimi en büyük olan inceleme biriminin tamamı, sonraki her bir organ, eklem, bölge, alan inceleme biriminin 2/3 ü dikkate alınarak ücretlendirilir. RADYOLOJİ - 24.00001: Radyolojik incelemelerde kullanılan kontrast ilaç ve tıbbi sarf malzeme ücretleri (aksi belirtilmemiş ise) işleme dahil değildir, ayrıca ücretle",new,explicit_frequency_fields_not_parsed,pending,
engine_proposal_94e8b688bbadfce0a01888be,B,24.74061,"Yüksek rezolüsyonlu akciğer BT, ekspiratuar (MD/S)",birlikteOdenmez,partial,24.74061,,{},HUV_06052025.xlsx,"MULTİDEDEKTÖR VEYA SPİRAL BT CİHAZI İLE (MD/S) - 24.69691: Gereken hallerde, radyoloji ünitesinde veya radyoloji ünitesi dışında (ameliyat salonunda) girişimsel / cerrahi işlemlerde, (standart radyoloji incelemesi ve raporu olmaksızın) yalnız hasta güvenliğini sağlamak/artırmak için rehberlik amacı ile peroperatif BT kullanılması, (özel birimle tanımlı değilse veya incelemenin kapsamında değilse) rehberlik yapılan organ / bölgenin listede tanımlı BT birimi (tamamı) ile ücretlendirilir. Bir organ/eklem/bölge/alanda yapılan BT incelemesi ile birlikte aynı seansta, aynı/farklı organ/eklem/bölge/alanda BT incelemesi yapılır ise, (incelemenin tümünü kapsayan özel bir tanım yoksa), birimi en büyük olan inceleme biriminin tamamı, sonraki her bir organ, eklem, bölge, alan inceleme biriminin 2/3 ü dikkate alınarak ücretlendirilir. RADYOLOJİ - 24.00001: Radyolojik incelemelerde kullanılan kontrast ilaç ve tıbbi sarf malzeme ücretleri (aksi belirtilmemiş ise) işleme dahil değildir, ayrıca ücretle",new,canonical_together_target_not_found,pending,
engine_proposal_e7c8d6ff3fd69a12c1c7a0a9,B,24.74061,"Yüksek rezolüsyonlu akciğer BT, ekspiratuar (MD/S)",sure,partial,24.74061,,{},HUV_06052025.xlsx,"MULTİDEDEKTÖR VEYA SPİRAL BT CİHAZI İLE (MD/S) - 24.69691: Gereken hallerde, radyoloji ünitesinde veya radyoloji ünitesi dışında (ameliyat salonunda) girişimsel / cerrahi işlemlerde, (standart radyoloji incelemesi ve raporu olmaksızın) yalnız hasta güvenliğini sağlamak/artırmak için rehberlik amacı ile peroperatif BT kullanılması, (özel birimle tanımlı değilse veya incelemenin kapsamında değilse) rehberlik yapılan organ / bölgenin listede tanımlı BT birimi (tamamı) ile ücretlendirilir. Bir organ/eklem/bölge/alanda yapılan BT incelemesi ile birlikte aynı seansta, aynı/farklı organ/eklem/bölge/alanda BT incelemesi yapılır ise, (incelemenin tümünü kapsayan özel bir tanım yoksa), birimi en büyük olan inceleme biriminin tamamı, sonraki her bir organ, eklem, bölge, alan inceleme biriminin 2/3 ü dikkate alınarak ücretlendirilir. RADYOLOJİ - 24.00001: Radyolojik incelemelerde kullanılan kontrast ilaç ve tıbbi sarf malzeme ücretleri (aksi belirtilmemiş ise) işleme dahil değildir, ayrıca ücretle",new,explicit_frequency_fields_not_parsed,pending,
engine_proposal_6bd0eef95dcc2172081739f1,B,24.74291,Bilgisayarlı üst abdomen tomografisi (MD/S),birlikteOdenmez,partial,24.74291,,{},HUV_06052025.xlsx,"MULTİDEDEKTÖR VEYA SPİRAL BT CİHAZI İLE (MD/S) - 24.69691: Gereken hallerde, radyoloji ünitesinde veya radyoloji ünitesi dışında (ameliyat salonunda) girişimsel / cerrahi işlemlerde, (standart radyoloji incelemesi ve raporu olmaksızın) yalnız hasta güvenliğini sağlamak/artırmak için rehberlik amacı ile peroperatif BT kullanılması, (özel birimle tanımlı değilse veya incelemenin kapsamında değilse) rehberlik yapılan organ / bölgenin listede tanımlı BT birimi (tamamı) ile ücretlendirilir. Bir organ/eklem/bölge/alanda yapılan BT incelemesi ile birlikte aynı seansta, aynı/farklı organ/eklem/bölge/alanda BT incelemesi yapılır ise, (incelemenin tümünü kapsayan özel bir tanım yoksa), birimi en büyük olan inceleme biriminin tamamı, sonraki her bir organ, eklem, bölge, alan inceleme biriminin 2/3 ü dikkate alınarak ücretlendirilir. RADYOLOJİ - 24.00001: Radyolojik incelemelerde kullanılan kontrast ilaç ve tıbbi sarf malzeme ücretleri (aksi belirtilmemiş ise) işleme dahil değildir, ayrıca ücretle",new,canonical_together_target_not_found,pending,
engine_proposal_f9ca03ce7dccea9205d37e76,B,24.74291,Bilgisayarlı üst abdomen tomografisi (MD/S),sure,partial,24.74291,,{},HUV_06052025.xlsx,"MULTİDEDEKTÖR VEYA SPİRAL BT CİHAZI İLE (MD/S) - 24.69691: Gereken hallerde, radyoloji ünitesinde veya radyoloji ünitesi dışında (ameliyat salonunda) girişimsel / cerrahi işlemlerde, (standart radyoloji incelemesi ve raporu olmaksızın) yalnız hasta güvenliğini sağlamak/artırmak için rehberlik amacı ile peroperatif BT kullanılması, (özel birimle tanımlı değilse veya incelemenin kapsamında değilse) rehberlik yapılan organ / bölgenin listede tanımlı BT birimi (tamamı) ile ücretlendirilir. Bir organ/eklem/bölge/alanda yapılan BT incelemesi ile birlikte aynı seansta, aynı/farklı organ/eklem/bölge/alanda BT incelemesi yapılır ise, (incelemenin tümünü kapsayan özel bir tanım yoksa), birimi en büyük olan inceleme biriminin tamamı, sonraki her bir organ, eklem, bölge, alan inceleme biriminin 2/3 ü dikkate alınarak ücretlendirilir. RADYOLOJİ - 24.00001: Radyolojik incelemelerde kullanılan kontrast ilaç ve tıbbi sarf malzeme ücretleri (aksi belirtilmemiş ise) işleme dahil değildir, ayrıca ücretle",new,explicit_frequency_fields_not_parsed,pending,
engine_proposal_7e3a7595e4be5d83f43dfb85,B,24.74521,Bilgisayarlı alt abdomen tomografisi (MD/S),birlikteOdenmez,partial,24.74521,,{},HUV_06052025.xlsx,"MULTİDEDEKTÖR VEYA SPİRAL BT CİHAZI İLE (MD/S) - 24.69691: Gereken hallerde, radyoloji ünitesinde veya radyoloji ünitesi dışında (ameliyat salonunda) girişimsel / cerrahi işlemlerde, (standart radyoloji incelemesi ve raporu olmaksızın) yalnız hasta güvenliğini sağlamak/artırmak için rehberlik amacı ile peroperatif BT kullanılması, (özel birimle tanımlı değilse veya incelemenin kapsamında değilse) rehberlik yapılan organ / bölgenin listede tanımlı BT birimi (tamamı) ile ücretlendirilir. Bir organ/eklem/bölge/alanda yapılan BT incelemesi ile birlikte aynı seansta, aynı/farklı organ/eklem/bölge/alanda BT incelemesi yapılır ise, (incelemenin tümünü kapsayan özel bir tanım yoksa), birimi en büyük olan inceleme biriminin tamamı, sonraki her bir organ, eklem, bölge, alan inceleme biriminin 2/3 ü dikkate alınarak ücretlendirilir. RADYOLOJİ - 24.00001: Radyolojik incelemelerde kullanılan kontrast ilaç ve tıbbi sarf malzeme ücretleri (aksi belirtilmemiş ise) işleme dahil değildir, ayrıca ücretle",new,canonical_together_target_not_found,pending,
engine_proposal_95357bbed8cfd736dc96a265,B,24.74521,Bilgisayarlı alt abdomen tomografisi (MD/S),sure,partial,24.74521,,{},HUV_06052025.xlsx,"MULTİDEDEKTÖR VEYA SPİRAL BT CİHAZI İLE (MD/S) - 24.69691: Gereken hallerde, radyoloji ünitesinde veya radyoloji ünitesi dışında (ameliyat salonunda) girişimsel / cerrahi işlemlerde, (standart radyoloji incelemesi ve raporu olmaksızın) yalnız hasta güvenliğini sağlamak/artırmak için rehberlik amacı ile peroperatif BT kullanılması, (özel birimle tanımlı değilse veya incelemenin kapsamında değilse) rehberlik yapılan organ / bölgenin listede tanımlı BT birimi (tamamı) ile ücretlendirilir. Bir organ/eklem/bölge/alanda yapılan BT incelemesi ile birlikte aynı seansta, aynı/farklı organ/eklem/bölge/alanda BT incelemesi yapılır ise, (incelemenin tümünü kapsayan özel bir tanım yoksa), birimi en büyük olan inceleme biriminin tamamı, sonraki her bir organ, eklem, bölge, alan inceleme biriminin 2/3 ü dikkate alınarak ücretlendirilir. RADYOLOJİ - 24.00001: Radyolojik incelemelerde kullanılan kontrast ilaç ve tıbbi sarf malzeme ücretleri (aksi belirtilmemiş ise) işleme dahil değildir, ayrıca ücretle",new,explicit_frequency_fields_not_parsed,pending,
engine_proposal_bfbdaca808d3a110ab08dda1,B,24.74751,Bilgisayarlı tüm abdomen tomografisi (MD/S),birlikteOdenmez,partial,24.74751,,{},HUV_06052025.xlsx,"MULTİDEDEKTÖR VEYA SPİRAL BT CİHAZI İLE (MD/S) - 24.69691: Gereken hallerde, radyoloji ünitesinde veya radyoloji ünitesi dışında (ameliyat salonunda) girişimsel / cerrahi işlemlerde, (standart radyoloji incelemesi ve raporu olmaksızın) yalnız hasta güvenliğini sağlamak/artırmak için rehberlik amacı ile peroperatif BT kullanılması, (özel birimle tanımlı değilse veya incelemenin kapsamında değilse) rehberlik yapılan organ / bölgenin listede tanımlı BT birimi (tamamı) ile ücretlendirilir. Bir organ/eklem/bölge/alanda yapılan BT incelemesi ile birlikte aynı seansta, aynı/farklı organ/eklem/bölge/alanda BT incelemesi yapılır ise, (incelemenin tümünü kapsayan özel bir tanım yoksa), birimi en büyük olan inceleme biriminin tamamı, sonraki her bir organ, eklem, bölge, alan inceleme biriminin 2/3 ü dikkate alınarak ücretlendirilir. RADYOLOJİ - 24.00001: Radyolojik incelemelerde kullanılan kontrast ilaç ve tıbbi sarf malzeme ücretleri (aksi belirtilmemiş ise) işleme dahil değildir, ayrıca ücretle",new,canonical_together_target_not_found,pending,
engine_proposal_7578cab16937eba6916cbbd3,B,24.74751,Bilgisayarlı tüm abdomen tomografisi (MD/S),sure,partial,24.74751,,{},HUV_06052025.xlsx,"MULTİDEDEKTÖR VEYA SPİRAL BT CİHAZI İLE (MD/S) - 24.69691: Gereken hallerde, radyoloji ünitesinde veya radyoloji ünitesi dışında (ameliyat salonunda) girişimsel / cerrahi işlemlerde, (standart radyoloji incelemesi ve raporu olmaksızın) yalnız hasta güvenliğini sağlamak/artırmak için rehberlik amacı ile peroperatif BT kullanılması, (özel birimle tanımlı değilse veya incelemenin kapsamında değilse) rehberlik yapılan organ / bölgenin listede tanımlı BT birimi (tamamı) ile ücretlendirilir. Bir organ/eklem/bölge/alanda yapılan BT incelemesi ile birlikte aynı seansta, aynı/farklı organ/eklem/bölge/alanda BT incelemesi yapılır ise, (incelemenin tümünü kapsayan özel bir tanım yoksa), birimi en büyük olan inceleme biriminin tamamı, sonraki her bir organ, eklem, bölge, alan inceleme biriminin 2/3 ü dikkate alınarak ücretlendirilir. RADYOLOJİ - 24.00001: Radyolojik incelemelerde kullanılan kontrast ilaç ve tıbbi sarf malzeme ücretleri (aksi belirtilmemiş ise) işleme dahil değildir, ayrıca ücretle",new,explicit_frequency_fields_not_parsed,pending,
engine_proposal_1395a6034a8394c52ebdd6ac,B,24.74981,Bilgisayarlı ekstremite tomografisi (MD/S),birlikteOdenmez,partial,24.74981,,{},HUV_06052025.xlsx,"Ekstremite ile birlikte aynı seansta proksimal/distal taraf tek eklemin incelenmesi ekstremite incelemesinin kapsamındadır, ayrı işlem olarak değerlendirilmez. MULTİDEDEKTÖR VEYA SPİRAL BT CİHAZI İLE (MD/S) - 24.69691: Gereken hallerde, radyoloji ünitesinde veya radyoloji ünitesi dışında (ameliyat salonunda) girişimsel / cerrahi işlemlerde, (standart radyoloji incelemesi ve raporu olmaksızın) yalnız hasta güvenliğini sağlamak/artırmak için rehberlik amacı ile peroperatif BT kullanılması, (özel birimle tanımlı değilse veya incelemenin kapsamında değilse) rehberlik yapılan organ / bölgenin listede tanımlı BT birimi (tamamı) ile ücretlendirilir. Bir organ/eklem/bölge/alanda yapılan BT incelemesi ile birlikte aynı seansta, aynı/farklı organ/eklem/bölge/alanda BT incelemesi yapılır ise, (incelemenin tümünü kapsayan özel bir tanım yoksa), birimi en büyük olan inceleme biriminin tamamı, sonraki her bir organ, eklem, bölge, alan inceleme biriminin 2/3 ü dikkate alınarak ücretlendirilir. RADYOL",new,canonical_together_target_not_found,pending,
engine_proposal_e22d6da24c454cfb89cbf267,B,24.74981,Bilgisayarlı ekstremite tomografisi (MD/S),sure,partial,24.74981,,{},HUV_06052025.xlsx,"Ekstremite ile birlikte aynı seansta proksimal/distal taraf tek eklemin incelenmesi ekstremite incelemesinin kapsamındadır, ayrı işlem olarak değerlendirilmez. MULTİDEDEKTÖR VEYA SPİRAL BT CİHAZI İLE (MD/S) - 24.69691: Gereken hallerde, radyoloji ünitesinde veya radyoloji ünitesi dışında (ameliyat salonunda) girişimsel / cerrahi işlemlerde, (standart radyoloji incelemesi ve raporu olmaksızın) yalnız hasta güvenliğini sağlamak/artırmak için rehberlik amacı ile peroperatif BT kullanılması, (özel birimle tanımlı değilse veya incelemenin kapsamında değilse) rehberlik yapılan organ / bölgenin listede tanımlı BT birimi (tamamı) ile ücretlendirilir. Bir organ/eklem/bölge/alanda yapılan BT incelemesi ile birlikte aynı seansta, aynı/farklı organ/eklem/bölge/alanda BT incelemesi yapılır ise, (incelemenin tümünü kapsayan özel bir tanım yoksa), birimi en büyük olan inceleme biriminin tamamı, sonraki her bir organ, eklem, bölge, alan inceleme biriminin 2/3 ü dikkate alınarak ücretlendirilir. RADYOL",new,explicit_frequency_fields_not_parsed,pending,
engine_proposal_60491895d4abd4ae68b0f40e,B,24.75096,"Bilgisayarlı eklem tomografisi, tek eklem (MD/S)",birlikteOdenmez,partial,24.75096,,{},HUV_06052025.xlsx,"İşlem, bağlı olduğu ekstremite ile aynı seansta birlikte yapılırsa ekstremite tomografisinin kapsamındadır, ayrı işlem olarak değerlendirilmez. MULTİDEDEKTÖR VEYA SPİRAL BT CİHAZI İLE (MD/S) - 24.69691: Gereken hallerde, radyoloji ünitesinde veya radyoloji ünitesi dışında (ameliyat salonunda) girişimsel / cerrahi işlemlerde, (standart radyoloji incelemesi ve raporu olmaksızın) yalnız hasta güvenliğini sağlamak/artırmak için rehberlik amacı ile peroperatif BT kullanılması, (özel birimle tanımlı değilse veya incelemenin kapsamında değilse) rehberlik yapılan organ / bölgenin listede tanımlı BT birimi (tamamı) ile ücretlendirilir. Bir organ/eklem/bölge/alanda yapılan BT incelemesi ile birlikte aynı seansta, aynı/farklı organ/eklem/bölge/alanda BT incelemesi yapılır ise, (incelemenin tümünü kapsayan özel bir tanım yoksa), birimi en büyük olan inceleme biriminin tamamı, sonraki her bir organ, eklem, bölge, alan inceleme biriminin 2/3 ü dikkate alınarak ücretlendirilir. RADYOLOJİ - 24.00001:",new,canonical_together_target_not_found,pending,
engine_proposal_1aeb12c15a7354aa16035894,B,24.75096,"Bilgisayarlı eklem tomografisi, tek eklem (MD/S)",sure,partial,24.75096,,{},HUV_06052025.xlsx,"İşlem, bağlı olduğu ekstremite ile aynı seansta birlikte yapılırsa ekstremite tomografisinin kapsamındadır, ayrı işlem olarak değerlendirilmez. MULTİDEDEKTÖR VEYA SPİRAL BT CİHAZI İLE (MD/S) - 24.69691: Gereken hallerde, radyoloji ünitesinde veya radyoloji ünitesi dışında (ameliyat salonunda) girişimsel / cerrahi işlemlerde, (standart radyoloji incelemesi ve raporu olmaksızın) yalnız hasta güvenliğini sağlamak/artırmak için rehberlik amacı ile peroperatif BT kullanılması, (özel birimle tanımlı değilse veya incelemenin kapsamında değilse) rehberlik yapılan organ / bölgenin listede tanımlı BT birimi (tamamı) ile ücretlendirilir. Bir organ/eklem/bölge/alanda yapılan BT incelemesi ile birlikte aynı seansta, aynı/farklı organ/eklem/bölge/alanda BT incelemesi yapılır ise, (incelemenin tümünü kapsayan özel bir tanım yoksa), birimi en büyük olan inceleme biriminin tamamı, sonraki her bir organ, eklem, bölge, alan inceleme biriminin 2/3 ü dikkate alınarak ücretlendirilir. RADYOLOJİ - 24.00001:",new,explicit_frequency_fields_not_parsed,pending,
engine_proposal_61bfd68aa69f3545c07dbe2c,B,24.75211,Baskılı (yüklemeli) vertebra (4 adet) tomografisi (MD/S),birlikteOdenmez,partial,24.75211,,{},HUV_06052025.xlsx,"MULTİDEDEKTÖR VEYA SPİRAL BT CİHAZI İLE (MD/S) - 24.69691: Gereken hallerde, radyoloji ünitesinde veya radyoloji ünitesi dışında (ameliyat salonunda) girişimsel / cerrahi işlemlerde, (standart radyoloji incelemesi ve raporu olmaksızın) yalnız hasta güvenliğini sağlamak/artırmak için rehberlik amacı ile peroperatif BT kullanılması, (özel birimle tanımlı değilse veya incelemenin kapsamında değilse) rehberlik yapılan organ / bölgenin listede tanımlı BT birimi (tamamı) ile ücretlendirilir. Bir organ/eklem/bölge/alanda yapılan BT incelemesi ile birlikte aynı seansta, aynı/farklı organ/eklem/bölge/alanda BT incelemesi yapılır ise, (incelemenin tümünü kapsayan özel bir tanım yoksa), birimi en büyük olan inceleme biriminin tamamı, sonraki her bir organ, eklem, bölge, alan inceleme biriminin 2/3 ü dikkate alınarak ücretlendirilir. RADYOLOJİ - 24.00001: Radyolojik incelemelerde kullanılan kontrast ilaç ve tıbbi sarf malzeme ücretleri (aksi belirtilmemiş ise) işleme dahil değildir, ayrıca ücretle",new,canonical_together_target_not_found,pending,
engine_proposal_047d60bccaefe6c120d1e42e,B,24.75211,Baskılı (yüklemeli) vertebra (4 adet) tomografisi (MD/S),sure,partial,24.75211,,{},HUV_06052025.xlsx,"MULTİDEDEKTÖR VEYA SPİRAL BT CİHAZI İLE (MD/S) - 24.69691: Gereken hallerde, radyoloji ünitesinde veya radyoloji ünitesi dışında (ameliyat salonunda) girişimsel / cerrahi işlemlerde, (standart radyoloji incelemesi ve raporu olmaksızın) yalnız hasta güvenliğini sağlamak/artırmak için rehberlik amacı ile peroperatif BT kullanılması, (özel birimle tanımlı değilse veya incelemenin kapsamında değilse) rehberlik yapılan organ / bölgenin listede tanımlı BT birimi (tamamı) ile ücretlendirilir. Bir organ/eklem/bölge/alanda yapılan BT incelemesi ile birlikte aynı seansta, aynı/farklı organ/eklem/bölge/alanda BT incelemesi yapılır ise, (incelemenin tümünü kapsayan özel bir tanım yoksa), birimi en büyük olan inceleme biriminin tamamı, sonraki her bir organ, eklem, bölge, alan inceleme biriminin 2/3 ü dikkate alınarak ücretlendirilir. RADYOLOJİ - 24.00001: Radyolojik incelemelerde kullanılan kontrast ilaç ve tıbbi sarf malzeme ücretleri (aksi belirtilmemiş ise) işleme dahil değildir, ayrıca ücretle",new,explicit_frequency_fields_not_parsed,pending,
engine_proposal_5c6984d39348ee6fe5ed34b4,B,24.75441,BT sanal endoskopi (MD/S),birlikteOdenmez,partial,24.75441,,{},HUV_06052025.xlsx,"İşlem, kolon dışında kalan bölgelerde (trakeo-bronşial sistem, mesane vb) uygulanan sanal endoskopik işlemleri kapsar. MULTİDEDEKTÖR VEYA SPİRAL BT CİHAZI İLE (MD/S) - 24.69691: Gereken hallerde, radyoloji ünitesinde veya radyoloji ünitesi dışında (ameliyat salonunda) girişimsel / cerrahi işlemlerde, (standart radyoloji incelemesi ve raporu olmaksızın) yalnız hasta güvenliğini sağlamak/artırmak için rehberlik amacı ile peroperatif BT kullanılması, (özel birimle tanımlı değilse veya incelemenin kapsamında değilse) rehberlik yapılan organ / bölgenin listede tanımlı BT birimi (tamamı) ile ücretlendirilir. Bir organ/eklem/bölge/alanda yapılan BT incelemesi ile birlikte aynı seansta, aynı/farklı organ/eklem/bölge/alanda BT incelemesi yapılır ise, (incelemenin tümünü kapsayan özel bir tanım yoksa), birimi en büyük olan inceleme biriminin tamamı, sonraki her bir organ, eklem, bölge, alan inceleme biriminin 2/3 ü dikkate alınarak ücretlendirilir. RADYOLOJİ - 24.00001: Radyolojik incelemelerde",new,canonical_together_target_not_found,pending,
engine_proposal_185eb6a4b5c7e90a75d5c227,B,24.75441,BT sanal endoskopi (MD/S),sure,partial,24.75441,,{},HUV_06052025.xlsx,"İşlem, kolon dışında kalan bölgelerde (trakeo-bronşial sistem, mesane vb) uygulanan sanal endoskopik işlemleri kapsar. MULTİDEDEKTÖR VEYA SPİRAL BT CİHAZI İLE (MD/S) - 24.69691: Gereken hallerde, radyoloji ünitesinde veya radyoloji ünitesi dışında (ameliyat salonunda) girişimsel / cerrahi işlemlerde, (standart radyoloji incelemesi ve raporu olmaksızın) yalnız hasta güvenliğini sağlamak/artırmak için rehberlik amacı ile peroperatif BT kullanılması, (özel birimle tanımlı değilse veya incelemenin kapsamında değilse) rehberlik yapılan organ / bölgenin listede tanımlı BT birimi (tamamı) ile ücretlendirilir. Bir organ/eklem/bölge/alanda yapılan BT incelemesi ile birlikte aynı seansta, aynı/farklı organ/eklem/bölge/alanda BT incelemesi yapılır ise, (incelemenin tümünü kapsayan özel bir tanım yoksa), birimi en büyük olan inceleme biriminin tamamı, sonraki her bir organ, eklem, bölge, alan inceleme biriminin 2/3 ü dikkate alınarak ücretlendirilir. RADYOLOJİ - 24.00001: Radyolojik incelemelerde",new,explicit_frequency_fields_not_parsed,pending,
engine_proposal_9dd186bd78c998b3305ccc3a,B,24.75671,BT Sanal Kolonoskopi,birlikteOdenmez,partial,24.75671,,{},HUV_06052025.xlsx,"MULTİDEDEKTÖR VEYA SPİRAL BT CİHAZI İLE (MD/S) - 24.69691: Gereken hallerde, radyoloji ünitesinde veya radyoloji ünitesi dışında (ameliyat salonunda) girişimsel / cerrahi işlemlerde, (standart radyoloji incelemesi ve raporu olmaksızın) yalnız hasta güvenliğini sağlamak/artırmak için rehberlik amacı ile peroperatif BT kullanılması, (özel birimle tanımlı değilse veya incelemenin kapsamında değilse) rehberlik yapılan organ / bölgenin listede tanımlı BT birimi (tamamı) ile ücretlendirilir. Bir organ/eklem/bölge/alanda yapılan BT incelemesi ile birlikte aynı seansta, aynı/farklı organ/eklem/bölge/alanda BT incelemesi yapılır ise, (incelemenin tümünü kapsayan özel bir tanım yoksa), birimi en büyük olan inceleme biriminin tamamı, sonraki her bir organ, eklem, bölge, alan inceleme biriminin 2/3 ü dikkate alınarak ücretlendirilir. RADYOLOJİ - 24.00001: Radyolojik incelemelerde kullanılan kontrast ilaç ve tıbbi sarf malzeme ücretleri (aksi belirtilmemiş ise) işleme dahil değildir, ayrıca ücretle",new,canonical_together_target_not_found,pending,
engine_proposal_a7335631ede78785e3693eb6,B,24.75671,BT Sanal Kolonoskopi,sure,partial,24.75671,,{},HUV_06052025.xlsx,"MULTİDEDEKTÖR VEYA SPİRAL BT CİHAZI İLE (MD/S) - 24.69691: Gereken hallerde, radyoloji ünitesinde veya radyoloji ünitesi dışında (ameliyat salonunda) girişimsel / cerrahi işlemlerde, (standart radyoloji incelemesi ve raporu olmaksızın) yalnız hasta güvenliğini sağlamak/artırmak için rehberlik amacı ile peroperatif BT kullanılması, (özel birimle tanımlı değilse veya incelemenin kapsamında değilse) rehberlik yapılan organ / bölgenin listede tanımlı BT birimi (tamamı) ile ücretlendirilir. Bir organ/eklem/bölge/alanda yapılan BT incelemesi ile birlikte aynı seansta, aynı/farklı organ/eklem/bölge/alanda BT incelemesi yapılır ise, (incelemenin tümünü kapsayan özel bir tanım yoksa), birimi en büyük olan inceleme biriminin tamamı, sonraki her bir organ, eklem, bölge, alan inceleme biriminin 2/3 ü dikkate alınarak ücretlendirilir. RADYOLOJİ - 24.00001: Radyolojik incelemelerde kullanılan kontrast ilaç ve tıbbi sarf malzeme ücretleri (aksi belirtilmemiş ise) işleme dahil değildir, ayrıca ücretle",new,explicit_frequency_fields_not_parsed,pending,
engine_proposal_6d629752a74fda8ebc7dcd26,B,24.75786,BT Enterografi,birlikteOdenmez,partial,24.75786,,{},HUV_06052025.xlsx,"İşlem, ince bağırsak hastalıklarına özgü bir BT inceleme yöntemi olup ince bağırsağın nötral veya düşük dansiteli oral kontrast madde ile ve çoğunlukla antispazmotik bir ilaç yardımıyla yeterince distansiyonu sağlandıktan sonra intravenöz kontrast madde verilerek enterik evrede görüntülenmesidir. MULTİDEDEKTÖR VEYA SPİRAL BT CİHAZI İLE (MD/S) - 24.69691: Gereken hallerde, radyoloji ünitesinde veya radyoloji ünitesi dışında (ameliyat salonunda) girişimsel / cerrahi işlemlerde, (standart radyoloji incelemesi ve raporu olmaksızın) yalnız hasta güvenliğini sağlamak/artırmak için rehberlik amacı ile peroperatif BT kullanılması, (özel birimle tanımlı değilse veya incelemenin kapsamında değilse) rehberlik yapılan organ / bölgenin listede tanımlı BT birimi (tamamı) ile ücretlendirilir. Bir organ/eklem/bölge/alanda yapılan BT incelemesi ile birlikte aynı seansta, aynı/farklı organ/eklem/bölge/alanda BT incelemesi yapılır ise, (incelemenin tümünü kapsayan özel bir tanım yoksa), birimi en büyük o",new,canonical_together_target_not_found,pending,
engine_proposal_3c3057ba09427c91449a44b7,B,24.75786,BT Enterografi,sure,partial,24.75786,,{},HUV_06052025.xlsx,"İşlem, ince bağırsak hastalıklarına özgü bir BT inceleme yöntemi olup ince bağırsağın nötral veya düşük dansiteli oral kontrast madde ile ve çoğunlukla antispazmotik bir ilaç yardımıyla yeterince distansiyonu sağlandıktan sonra intravenöz kontrast madde verilerek enterik evrede görüntülenmesidir. MULTİDEDEKTÖR VEYA SPİRAL BT CİHAZI İLE (MD/S) - 24.69691: Gereken hallerde, radyoloji ünitesinde veya radyoloji ünitesi dışında (ameliyat salonunda) girişimsel / cerrahi işlemlerde, (standart radyoloji incelemesi ve raporu olmaksızın) yalnız hasta güvenliğini sağlamak/artırmak için rehberlik amacı ile peroperatif BT kullanılması, (özel birimle tanımlı değilse veya incelemenin kapsamında değilse) rehberlik yapılan organ / bölgenin listede tanımlı BT birimi (tamamı) ile ücretlendirilir. Bir organ/eklem/bölge/alanda yapılan BT incelemesi ile birlikte aynı seansta, aynı/farklı organ/eklem/bölge/alanda BT incelemesi yapılır ise, (incelemenin tümünü kapsayan özel bir tanım yoksa), birimi en büyük o",new,explicit_frequency_fields_not_parsed,pending,
engine_proposal_12b9407fb9c62add0226bb64,B,24.75901,"Dinamik BT, bifazik/trifazik inceleme (MD/S)",birlikteOdenmez,partial,24.75901,,{},HUV_06052025.xlsx,"MULTİDEDEKTÖR VEYA SPİRAL BT CİHAZI İLE (MD/S) - 24.69691: Gereken hallerde, radyoloji ünitesinde veya radyoloji ünitesi dışında (ameliyat salonunda) girişimsel / cerrahi işlemlerde, (standart radyoloji incelemesi ve raporu olmaksızın) yalnız hasta güvenliğini sağlamak/artırmak için rehberlik amacı ile peroperatif BT kullanılması, (özel birimle tanımlı değilse veya incelemenin kapsamında değilse) rehberlik yapılan organ / bölgenin listede tanımlı BT birimi (tamamı) ile ücretlendirilir. Bir organ/eklem/bölge/alanda yapılan BT incelemesi ile birlikte aynı seansta, aynı/farklı organ/eklem/bölge/alanda BT incelemesi yapılır ise, (incelemenin tümünü kapsayan özel bir tanım yoksa), birimi en büyük olan inceleme biriminin tamamı, sonraki her bir organ, eklem, bölge, alan inceleme biriminin 2/3 ü dikkate alınarak ücretlendirilir. RADYOLOJİ - 24.00001: Radyolojik incelemelerde kullanılan kontrast ilaç ve tıbbi sarf malzeme ücretleri (aksi belirtilmemiş ise) işleme dahil değildir, ayrıca ücretle",new,canonical_together_target_not_found,pending,
engine_proposal_54c2ef497c66104f614e644a,B,24.75901,"Dinamik BT, bifazik/trifazik inceleme (MD/S)",sure,partial,24.75901,,{},HUV_06052025.xlsx,"MULTİDEDEKTÖR VEYA SPİRAL BT CİHAZI İLE (MD/S) - 24.69691: Gereken hallerde, radyoloji ünitesinde veya radyoloji ünitesi dışında (ameliyat salonunda) girişimsel / cerrahi işlemlerde, (standart radyoloji incelemesi ve raporu olmaksızın) yalnız hasta güvenliğini sağlamak/artırmak için rehberlik amacı ile peroperatif BT kullanılması, (özel birimle tanımlı değilse veya incelemenin kapsamında değilse) rehberlik yapılan organ / bölgenin listede tanımlı BT birimi (tamamı) ile ücretlendirilir. Bir organ/eklem/bölge/alanda yapılan BT incelemesi ile birlikte aynı seansta, aynı/farklı organ/eklem/bölge/alanda BT incelemesi yapılır ise, (incelemenin tümünü kapsayan özel bir tanım yoksa), birimi en büyük olan inceleme biriminin tamamı, sonraki her bir organ, eklem, bölge, alan inceleme biriminin 2/3 ü dikkate alınarak ücretlendirilir. RADYOLOJİ - 24.00001: Radyolojik incelemelerde kullanılan kontrast ilaç ve tıbbi sarf malzeme ücretleri (aksi belirtilmemiş ise) işleme dahil değildir, ayrıca ücretle",new,explicit_frequency_fields_not_parsed,pending,
engine_proposal_f1340fc91366248a5b936787,B,24.76131,"Bilgisayarlı kantitatif tomografi (kalsiyum skorlama, BMD gibi) (MD/S)",birlikteOdenmez,partial,24.76131,,{},HUV_06052025.xlsx,"MULTİDEDEKTÖR VEYA SPİRAL BT CİHAZI İLE (MD/S) - 24.69691: Gereken hallerde, radyoloji ünitesinde veya radyoloji ünitesi dışında (ameliyat salonunda) girişimsel / cerrahi işlemlerde, (standart radyoloji incelemesi ve raporu olmaksızın) yalnız hasta güvenliğini sağlamak/artırmak için rehberlik amacı ile peroperatif BT kullanılması, (özel birimle tanımlı değilse veya incelemenin kapsamında değilse) rehberlik yapılan organ / bölgenin listede tanımlı BT birimi (tamamı) ile ücretlendirilir. Bir organ/eklem/bölge/alanda yapılan BT incelemesi ile birlikte aynı seansta, aynı/farklı organ/eklem/bölge/alanda BT incelemesi yapılır ise, (incelemenin tümünü kapsayan özel bir tanım yoksa), birimi en büyük olan inceleme biriminin tamamı, sonraki her bir organ, eklem, bölge, alan inceleme biriminin 2/3 ü dikkate alınarak ücretlendirilir. RADYOLOJİ - 24.00001: Radyolojik incelemelerde kullanılan kontrast ilaç ve tıbbi sarf malzeme ücretleri (aksi belirtilmemiş ise) işleme dahil değildir, ayrıca ücretle",new,canonical_together_target_not_found,pending,
engine_proposal_9875a792d4dd058da1708ad8,B,24.76131,"Bilgisayarlı kantitatif tomografi (kalsiyum skorlama, BMD gibi) (MD/S)",sure,partial,24.76131,,{},HUV_06052025.xlsx,"MULTİDEDEKTÖR VEYA SPİRAL BT CİHAZI İLE (MD/S) - 24.69691: Gereken hallerde, radyoloji ünitesinde veya radyoloji ünitesi dışında (ameliyat salonunda) girişimsel / cerrahi işlemlerde, (standart radyoloji incelemesi ve raporu olmaksızın) yalnız hasta güvenliğini sağlamak/artırmak için rehberlik amacı ile peroperatif BT kullanılması, (özel birimle tanımlı değilse veya incelemenin kapsamında değilse) rehberlik yapılan organ / bölgenin listede tanımlı BT birimi (tamamı) ile ücretlendirilir. Bir organ/eklem/bölge/alanda yapılan BT incelemesi ile birlikte aynı seansta, aynı/farklı organ/eklem/bölge/alanda BT incelemesi yapılır ise, (incelemenin tümünü kapsayan özel bir tanım yoksa), birimi en büyük olan inceleme biriminin tamamı, sonraki her bir organ, eklem, bölge, alan inceleme biriminin 2/3 ü dikkate alınarak ücretlendirilir. RADYOLOJİ - 24.00001: Radyolojik incelemelerde kullanılan kontrast ilaç ve tıbbi sarf malzeme ücretleri (aksi belirtilmemiş ise) işleme dahil değildir, ayrıca ücretle",new,explicit_frequency_fields_not_parsed,pending,
engine_proposal_684f21073c43822c9a659959,B,24.76361,BT perfüzyon çalışmaları (MD/S),birlikteOdenmez,partial,24.76361,,{},HUV_06052025.xlsx,"MULTİDEDEKTÖR VEYA SPİRAL BT CİHAZI İLE (MD/S) - 24.69691: Gereken hallerde, radyoloji ünitesinde veya radyoloji ünitesi dışında (ameliyat salonunda) girişimsel / cerrahi işlemlerde, (standart radyoloji incelemesi ve raporu olmaksızın) yalnız hasta güvenliğini sağlamak/artırmak için rehberlik amacı ile peroperatif BT kullanılması, (özel birimle tanımlı değilse veya incelemenin kapsamında değilse) rehberlik yapılan organ / bölgenin listede tanımlı BT birimi (tamamı) ile ücretlendirilir. Bir organ/eklem/bölge/alanda yapılan BT incelemesi ile birlikte aynı seansta, aynı/farklı organ/eklem/bölge/alanda BT incelemesi yapılır ise, (incelemenin tümünü kapsayan özel bir tanım yoksa), birimi en büyük olan inceleme biriminin tamamı, sonraki her bir organ, eklem, bölge, alan inceleme biriminin 2/3 ü dikkate alınarak ücretlendirilir. RADYOLOJİ - 24.00001: Radyolojik incelemelerde kullanılan kontrast ilaç ve tıbbi sarf malzeme ücretleri (aksi belirtilmemiş ise) işleme dahil değildir, ayrıca ücretle",new,canonical_together_target_not_found,pending,
engine_proposal_20f32cdec3bd8dda3fe4b54d,B,24.76361,BT perfüzyon çalışmaları (MD/S),sure,partial,24.76361,,{},HUV_06052025.xlsx,"MULTİDEDEKTÖR VEYA SPİRAL BT CİHAZI İLE (MD/S) - 24.69691: Gereken hallerde, radyoloji ünitesinde veya radyoloji ünitesi dışında (ameliyat salonunda) girişimsel / cerrahi işlemlerde, (standart radyoloji incelemesi ve raporu olmaksızın) yalnız hasta güvenliğini sağlamak/artırmak için rehberlik amacı ile peroperatif BT kullanılması, (özel birimle tanımlı değilse veya incelemenin kapsamında değilse) rehberlik yapılan organ / bölgenin listede tanımlı BT birimi (tamamı) ile ücretlendirilir. Bir organ/eklem/bölge/alanda yapılan BT incelemesi ile birlikte aynı seansta, aynı/farklı organ/eklem/bölge/alanda BT incelemesi yapılır ise, (incelemenin tümünü kapsayan özel bir tanım yoksa), birimi en büyük olan inceleme biriminin tamamı, sonraki her bir organ, eklem, bölge, alan inceleme biriminin 2/3 ü dikkate alınarak ücretlendirilir. RADYOLOJİ - 24.00001: Radyolojik incelemelerde kullanılan kontrast ilaç ve tıbbi sarf malzeme ücretleri (aksi belirtilmemiş ise) işleme dahil değildir, ayrıca ücretle",new,explicit_frequency_fields_not_parsed,pending,
engine_proposal_d6984b7468c15e5e4c388c1c,B,24.76591,Koroner BT anjiyografisi,birlikteOdenmez,partial,24.76591,,{},HUV_06052025.xlsx,"Uygulamanın gereği olarak yapılan kontrastlı tetkik işlemi ve/veya 3 boyutlu BT (MD/S) ile görüntüleme farkı, bu incelemenin kapsamındadır, ek işlem olarak değerlendirilmez. Ancak, uygulamada kullanılan kontrast ilacı işlem kapsamında değildir, ek olarak ücretlendirilir. MULTİDEDEKTÖR VEYA SPİRAL BT CİHAZI İLE (MD/S) - 24.69691: Gereken hallerde, radyoloji ünitesinde veya radyoloji ünitesi dışında (ameliyat salonunda) girişimsel / cerrahi işlemlerde, (standart radyoloji incelemesi ve raporu olmaksızın) yalnız hasta güvenliğini sağlamak/artırmak için rehberlik amacı ile peroperatif BT kullanılması, (özel birimle tanımlı değilse veya incelemenin kapsamında değilse) rehberlik yapılan organ / bölgenin listede tanımlı BT birimi (tamamı) ile ücretlendirilir. Bir organ/eklem/bölge/alanda yapılan BT incelemesi ile birlikte aynı seansta, aynı/farklı organ/eklem/bölge/alanda BT incelemesi yapılır ise, (incelemenin tümünü kapsayan özel bir tanım yoksa), birimi en büyük olan inceleme biriminin tam",new,canonical_together_target_not_found,pending,
engine_proposal_33c9586a1f0259556469731b,B,24.76591,Koroner BT anjiyografisi,sure,partial,24.76591,,{},HUV_06052025.xlsx,"Uygulamanın gereği olarak yapılan kontrastlı tetkik işlemi ve/veya 3 boyutlu BT (MD/S) ile görüntüleme farkı, bu incelemenin kapsamındadır, ek işlem olarak değerlendirilmez. Ancak, uygulamada kullanılan kontrast ilacı işlem kapsamında değildir, ek olarak ücretlendirilir. MULTİDEDEKTÖR VEYA SPİRAL BT CİHAZI İLE (MD/S) - 24.69691: Gereken hallerde, radyoloji ünitesinde veya radyoloji ünitesi dışında (ameliyat salonunda) girişimsel / cerrahi işlemlerde, (standart radyoloji incelemesi ve raporu olmaksızın) yalnız hasta güvenliğini sağlamak/artırmak için rehberlik amacı ile peroperatif BT kullanılması, (özel birimle tanımlı değilse veya incelemenin kapsamında değilse) rehberlik yapılan organ / bölgenin listede tanımlı BT birimi (tamamı) ile ücretlendirilir. Bir organ/eklem/bölge/alanda yapılan BT incelemesi ile birlikte aynı seansta, aynı/farklı organ/eklem/bölge/alanda BT incelemesi yapılır ise, (incelemenin tümünü kapsayan özel bir tanım yoksa), birimi en büyük olan inceleme biriminin tam",new,explicit_frequency_fields_not_parsed,pending,
engine_proposal_4327332a415fba276fe05833,B,24.76821,Kardiyak analizi BT (sol ventrikül için),birlikteOdenmez,partial,24.76821,,{},HUV_06052025.xlsx,"MULTİDEDEKTÖR VEYA SPİRAL BT CİHAZI İLE (MD/S) - 24.69691: Gereken hallerde, radyoloji ünitesinde veya radyoloji ünitesi dışında (ameliyat salonunda) girişimsel / cerrahi işlemlerde, (standart radyoloji incelemesi ve raporu olmaksızın) yalnız hasta güvenliğini sağlamak/artırmak için rehberlik amacı ile peroperatif BT kullanılması, (özel birimle tanımlı değilse veya incelemenin kapsamında değilse) rehberlik yapılan organ / bölgenin listede tanımlı BT birimi (tamamı) ile ücretlendirilir. Bir organ/eklem/bölge/alanda yapılan BT incelemesi ile birlikte aynı seansta, aynı/farklı organ/eklem/bölge/alanda BT incelemesi yapılır ise, (incelemenin tümünü kapsayan özel bir tanım yoksa), birimi en büyük olan inceleme biriminin tamamı, sonraki her bir organ, eklem, bölge, alan inceleme biriminin 2/3 ü dikkate alınarak ücretlendirilir. RADYOLOJİ - 24.00001: Radyolojik incelemelerde kullanılan kontrast ilaç ve tıbbi sarf malzeme ücretleri (aksi belirtilmemiş ise) işleme dahil değildir, ayrıca ücretle",new,canonical_together_target_not_found,pending,
engine_proposal_decbc5b9a217a88619911ba0,B,24.76821,Kardiyak analizi BT (sol ventrikül için),sure,partial,24.76821,,{},HUV_06052025.xlsx,"MULTİDEDEKTÖR VEYA SPİRAL BT CİHAZI İLE (MD/S) - 24.69691: Gereken hallerde, radyoloji ünitesinde veya radyoloji ünitesi dışında (ameliyat salonunda) girişimsel / cerrahi işlemlerde, (standart radyoloji incelemesi ve raporu olmaksızın) yalnız hasta güvenliğini sağlamak/artırmak için rehberlik amacı ile peroperatif BT kullanılması, (özel birimle tanımlı değilse veya incelemenin kapsamında değilse) rehberlik yapılan organ / bölgenin listede tanımlı BT birimi (tamamı) ile ücretlendirilir. Bir organ/eklem/bölge/alanda yapılan BT incelemesi ile birlikte aynı seansta, aynı/farklı organ/eklem/bölge/alanda BT incelemesi yapılır ise, (incelemenin tümünü kapsayan özel bir tanım yoksa), birimi en büyük olan inceleme biriminin tamamı, sonraki her bir organ, eklem, bölge, alan inceleme biriminin 2/3 ü dikkate alınarak ücretlendirilir. RADYOLOJİ - 24.00001: Radyolojik incelemelerde kullanılan kontrast ilaç ve tıbbi sarf malzeme ücretleri (aksi belirtilmemiş ise) işleme dahil değildir, ayrıca ücretle",new,explicit_frequency_fields_not_parsed,pending,
engine_proposal_29e78deaf9e018ca69596790,B,24.76936,"Meme BT(CT), konik hüzme ışınımlı (cone beam) cihaz ile, tek meme",birlikteOdenmez,partial,24.76936,,{},HUV_06052025.xlsx,"Meme için özel geliştirilmiş 3D görüntüleme özelliğine sahip BT cihazları ile ve standart olarak iki memede uygulanan bu işlem, yalnız tek meme bulunan (mastektomili) olgularda dikkate alınır. MULTİDEDEKTÖR VEYA SPİRAL BT CİHAZI İLE (MD/S) - 24.69691: Gereken hallerde, radyoloji ünitesinde veya radyoloji ünitesi dışında (ameliyat salonunda) girişimsel / cerrahi işlemlerde, (standart radyoloji incelemesi ve raporu olmaksızın) yalnız hasta güvenliğini sağlamak/artırmak için rehberlik amacı ile peroperatif BT kullanılması, (özel birimle tanımlı değilse veya incelemenin kapsamında değilse) rehberlik yapılan organ / bölgenin listede tanımlı BT birimi (tamamı) ile ücretlendirilir. Bir organ/eklem/bölge/alanda yapılan BT incelemesi ile birlikte aynı seansta, aynı/farklı organ/eklem/bölge/alanda BT incelemesi yapılır ise, (incelemenin tümünü kapsayan özel bir tanım yoksa), birimi en büyük olan inceleme biriminin tamamı, sonraki her bir organ, eklem, bölge, alan inceleme biriminin 2/3 ü dikkate",new,canonical_together_target_not_found,pending,
engine_proposal_76d03dc420b97d49e00ec0f1,B,24.76936,"Meme BT(CT), konik hüzme ışınımlı (cone beam) cihaz ile, tek meme",sure,partial,24.76936,,{},HUV_06052025.xlsx,"Meme için özel geliştirilmiş 3D görüntüleme özelliğine sahip BT cihazları ile ve standart olarak iki memede uygulanan bu işlem, yalnız tek meme bulunan (mastektomili) olgularda dikkate alınır. MULTİDEDEKTÖR VEYA SPİRAL BT CİHAZI İLE (MD/S) - 24.69691: Gereken hallerde, radyoloji ünitesinde veya radyoloji ünitesi dışında (ameliyat salonunda) girişimsel / cerrahi işlemlerde, (standart radyoloji incelemesi ve raporu olmaksızın) yalnız hasta güvenliğini sağlamak/artırmak için rehberlik amacı ile peroperatif BT kullanılması, (özel birimle tanımlı değilse veya incelemenin kapsamında değilse) rehberlik yapılan organ / bölgenin listede tanımlı BT birimi (tamamı) ile ücretlendirilir. Bir organ/eklem/bölge/alanda yapılan BT incelemesi ile birlikte aynı seansta, aynı/farklı organ/eklem/bölge/alanda BT incelemesi yapılır ise, (incelemenin tümünü kapsayan özel bir tanım yoksa), birimi en büyük olan inceleme biriminin tamamı, sonraki her bir organ, eklem, bölge, alan inceleme biriminin 2/3 ü dikkate",new,explicit_frequency_fields_not_parsed,pending,
engine_proposal_717b3b9d3a47a7dae8c924b8,B,24.76993,"Meme BT(CT), konik hüzme ışınımlı (cone beam) cihaz ile, iki meme",birlikteOdenmez,partial,24.76993,,{},HUV_06052025.xlsx,"Tanım, meme için özel geliştirilmiş 3D görüntüleme özelliğine sahip BT cihazları ile ve standart olarak iki memede uygulanan işlemi kapsar. MULTİDEDEKTÖR VEYA SPİRAL BT CİHAZI İLE (MD/S) - 24.69691: Gereken hallerde, radyoloji ünitesinde veya radyoloji ünitesi dışında (ameliyat salonunda) girişimsel / cerrahi işlemlerde, (standart radyoloji incelemesi ve raporu olmaksızın) yalnız hasta güvenliğini sağlamak/artırmak için rehberlik amacı ile peroperatif BT kullanılması, (özel birimle tanımlı değilse veya incelemenin kapsamında değilse) rehberlik yapılan organ / bölgenin listede tanımlı BT birimi (tamamı) ile ücretlendirilir. Bir organ/eklem/bölge/alanda yapılan BT incelemesi ile birlikte aynı seansta, aynı/farklı organ/eklem/bölge/alanda BT incelemesi yapılır ise, (incelemenin tümünü kapsayan özel bir tanım yoksa), birimi en büyük olan inceleme biriminin tamamı, sonraki her bir organ, eklem, bölge, alan inceleme biriminin 2/3 ü dikkate alınarak ücretlendirilir. RADYOLOJİ - 24.00001: Rady",new,canonical_together_target_not_found,pending,
engine_proposal_9ee44b5704ae3f786074b174,B,24.76993,"Meme BT(CT), konik hüzme ışınımlı (cone beam) cihaz ile, iki meme",sure,partial,24.76993,,{},HUV_06052025.xlsx,"Tanım, meme için özel geliştirilmiş 3D görüntüleme özelliğine sahip BT cihazları ile ve standart olarak iki memede uygulanan işlemi kapsar. MULTİDEDEKTÖR VEYA SPİRAL BT CİHAZI İLE (MD/S) - 24.69691: Gereken hallerde, radyoloji ünitesinde veya radyoloji ünitesi dışında (ameliyat salonunda) girişimsel / cerrahi işlemlerde, (standart radyoloji incelemesi ve raporu olmaksızın) yalnız hasta güvenliğini sağlamak/artırmak için rehberlik amacı ile peroperatif BT kullanılması, (özel birimle tanımlı değilse veya incelemenin kapsamında değilse) rehberlik yapılan organ / bölgenin listede tanımlı BT birimi (tamamı) ile ücretlendirilir. Bir organ/eklem/bölge/alanda yapılan BT incelemesi ile birlikte aynı seansta, aynı/farklı organ/eklem/bölge/alanda BT incelemesi yapılır ise, (incelemenin tümünü kapsayan özel bir tanım yoksa), birimi en büyük olan inceleme biriminin tamamı, sonraki her bir organ, eklem, bölge, alan inceleme biriminin 2/3 ü dikkate alınarak ücretlendirilir. RADYOLOJİ - 24.00001: Rady",new,explicit_frequency_fields_not_parsed,pending,
engine_proposal_39f5dd945879d2de31206745,B,24.77051,BT miyelografi (MD/S),birlikteOdenmez,partial,24.77051,,{},HUV_06052025.xlsx,"MULTİDEDEKTÖR VEYA SPİRAL BT CİHAZI İLE (MD/S) - 24.69691: Gereken hallerde, radyoloji ünitesinde veya radyoloji ünitesi dışında (ameliyat salonunda) girişimsel / cerrahi işlemlerde, (standart radyoloji incelemesi ve raporu olmaksızın) yalnız hasta güvenliğini sağlamak/artırmak için rehberlik amacı ile peroperatif BT kullanılması, (özel birimle tanımlı değilse veya incelemenin kapsamında değilse) rehberlik yapılan organ / bölgenin listede tanımlı BT birimi (tamamı) ile ücretlendirilir. Bir organ/eklem/bölge/alanda yapılan BT incelemesi ile birlikte aynı seansta, aynı/farklı organ/eklem/bölge/alanda BT incelemesi yapılır ise, (incelemenin tümünü kapsayan özel bir tanım yoksa), birimi en büyük olan inceleme biriminin tamamı, sonraki her bir organ, eklem, bölge, alan inceleme biriminin 2/3 ü dikkate alınarak ücretlendirilir. RADYOLOJİ - 24.00001: Radyolojik incelemelerde kullanılan kontrast ilaç ve tıbbi sarf malzeme ücretleri (aksi belirtilmemiş ise) işleme dahil değildir, ayrıca ücretle",new,canonical_together_target_not_found,pending,
engine_proposal_802317994ce3cf17a75fcd33,B,24.77051,BT miyelografi (MD/S),sure,partial,24.77051,,{},HUV_06052025.xlsx,"MULTİDEDEKTÖR VEYA SPİRAL BT CİHAZI İLE (MD/S) - 24.69691: Gereken hallerde, radyoloji ünitesinde veya radyoloji ünitesi dışında (ameliyat salonunda) girişimsel / cerrahi işlemlerde, (standart radyoloji incelemesi ve raporu olmaksızın) yalnız hasta güvenliğini sağlamak/artırmak için rehberlik amacı ile peroperatif BT kullanılması, (özel birimle tanımlı değilse veya incelemenin kapsamında değilse) rehberlik yapılan organ / bölgenin listede tanımlı BT birimi (tamamı) ile ücretlendirilir. Bir organ/eklem/bölge/alanda yapılan BT incelemesi ile birlikte aynı seansta, aynı/farklı organ/eklem/bölge/alanda BT incelemesi yapılır ise, (incelemenin tümünü kapsayan özel bir tanım yoksa), birimi en büyük olan inceleme biriminin tamamı, sonraki her bir organ, eklem, bölge, alan inceleme biriminin 2/3 ü dikkate alınarak ücretlendirilir. RADYOLOJİ - 24.00001: Radyolojik incelemelerde kullanılan kontrast ilaç ve tıbbi sarf malzeme ücretleri (aksi belirtilmemiş ise) işleme dahil değildir, ayrıca ücretle",new,explicit_frequency_fields_not_parsed,pending,
engine_proposal_57e49b6dee093e16c253333f,B,24.77511,Radyoterapi sürecini izlem için tanısal BT (MD/S),birlikteOdenmez,partial,24.77511,,{},HUV_06052025.xlsx,"Radyoterapi sürecinde tasarım+planlama amacı ile hastada BT veya MRG uygulanması, RT tasarım+planlama hizmeti kapsamındadır, ek işlem olarak değerlendirilmez. Radyoterapi sürecinde (tasarım+planlama dışında) tanısal amaç ile yapılan BT, MR, PET gibi görüntüleme tetkikleri ise, belgelenmek koşulu ile ve tedavi boyunca, (ek olarak) tanımlı bu birim ile yalnız bir kez ücretlendirilebilir. MULTİDEDEKTÖR VEYA SPİRAL BT CİHAZI İLE (MD/S) - 24.69691: Gereken hallerde, radyoloji ünitesinde veya radyoloji ünitesi dışında (ameliyat salonunda) girişimsel / cerrahi işlemlerde, (standart radyoloji incelemesi ve raporu olmaksızın) yalnız hasta güvenliğini sağlamak/artırmak için rehberlik amacı ile peroperatif BT kullanılması, (özel birimle tanımlı değilse veya incelemenin kapsamında değilse) rehberlik yapılan organ / bölgenin listede tanımlı BT birimi (tamamı) ile ücretlendirilir. Bir organ/eklem/bölge/alanda yapılan BT incelemesi ile birlikte aynı seansta, aynı/farklı organ/eklem/bölge/alanda BT in",new,canonical_together_target_not_found,pending,
engine_proposal_bffee322f29c9c2942b3e445,B,24.77511,Radyoterapi sürecini izlem için tanısal BT (MD/S),sure,partial,24.77511,,{},HUV_06052025.xlsx,"Radyoterapi sürecinde tasarım+planlama amacı ile hastada BT veya MRG uygulanması, RT tasarım+planlama hizmeti kapsamındadır, ek işlem olarak değerlendirilmez. Radyoterapi sürecinde (tasarım+planlama dışında) tanısal amaç ile yapılan BT, MR, PET gibi görüntüleme tetkikleri ise, belgelenmek koşulu ile ve tedavi boyunca, (ek olarak) tanımlı bu birim ile yalnız bir kez ücretlendirilebilir. MULTİDEDEKTÖR VEYA SPİRAL BT CİHAZI İLE (MD/S) - 24.69691: Gereken hallerde, radyoloji ünitesinde veya radyoloji ünitesi dışında (ameliyat salonunda) girişimsel / cerrahi işlemlerde, (standart radyoloji incelemesi ve raporu olmaksızın) yalnız hasta güvenliğini sağlamak/artırmak için rehberlik amacı ile peroperatif BT kullanılması, (özel birimle tanımlı değilse veya incelemenin kapsamında değilse) rehberlik yapılan organ / bölgenin listede tanımlı BT birimi (tamamı) ile ücretlendirilir. Bir organ/eklem/bölge/alanda yapılan BT incelemesi ile birlikte aynı seansta, aynı/farklı organ/eklem/bölge/alanda BT in",new,explicit_frequency_fields_not_parsed,pending,
engine_proposal_ad91ebfff80f1f434ddb8386,B,24.77741,BT kontrastlı tetkik farkı,birlikteOdenmez,partial,24.77741,,{},HUV_06052025.xlsx,"Uygulama, (asıl işlemin kapsamında değilse) ek işlem olarak değerlendirilir ve liste birimi ile ücretlendirilir. Uygulamada kullanılan kontrast ilacı işlemin kapsamında değildir, ayrıca ücretlendirilir. İlk kontrastlı tetkikten sonra aynı seansta başka kontrastlı tetkik yapılırsa, birinciden sonraki her bir tetkik, tanımlı biriminin 2/3 ü ile değerlendirilir. İncelemede kullanılan kontrast maddenin tümü, rayiç ücreti ile değerlendirilir. MULTİDEDEKTÖR VEYA SPİRAL BT CİHAZI İLE (MD/S) - 24.69691: Gereken hallerde, radyoloji ünitesinde veya radyoloji ünitesi dışında (ameliyat salonunda) girişimsel / cerrahi işlemlerde, (standart radyoloji incelemesi ve raporu olmaksızın) yalnız hasta güvenliğini sağlamak/artırmak için rehberlik amacı ile peroperatif BT kullanılması, (özel birimle tanımlı değilse veya incelemenin kapsamında değilse) rehberlik yapılan organ / bölgenin listede tanımlı BT birimi (tamamı) ile ücretlendirilir. Bir organ/eklem/bölge/alanda yapılan BT incelemesi ile birlikte ayn",new,canonical_together_target_not_found,pending,
engine_proposal_b3f53c4d2b026329c259cbde,B,24.77741,BT kontrastlı tetkik farkı,sure,partial,24.77741,,{},HUV_06052025.xlsx,"Uygulama, (asıl işlemin kapsamında değilse) ek işlem olarak değerlendirilir ve liste birimi ile ücretlendirilir. Uygulamada kullanılan kontrast ilacı işlemin kapsamında değildir, ayrıca ücretlendirilir. İlk kontrastlı tetkikten sonra aynı seansta başka kontrastlı tetkik yapılırsa, birinciden sonraki her bir tetkik, tanımlı biriminin 2/3 ü ile değerlendirilir. İncelemede kullanılan kontrast maddenin tümü, rayiç ücreti ile değerlendirilir. MULTİDEDEKTÖR VEYA SPİRAL BT CİHAZI İLE (MD/S) - 24.69691: Gereken hallerde, radyoloji ünitesinde veya radyoloji ünitesi dışında (ameliyat salonunda) girişimsel / cerrahi işlemlerde, (standart radyoloji incelemesi ve raporu olmaksızın) yalnız hasta güvenliğini sağlamak/artırmak için rehberlik amacı ile peroperatif BT kullanılması, (özel birimle tanımlı değilse veya incelemenin kapsamında değilse) rehberlik yapılan organ / bölgenin listede tanımlı BT birimi (tamamı) ile ücretlendirilir. Bir organ/eklem/bölge/alanda yapılan BT incelemesi ile birlikte ayn",new,explicit_frequency_fields_not_parsed,pending,
engine_proposal_6c86064f8b3fd4c35b0d947d,B,24.77971,Kontrastsız spiral/multidedektör BT (taş protokolü abdomen BT),birlikteOdenmez,partial,24.77971,,{},HUV_06052025.xlsx,"MULTİDEDEKTÖR VEYA SPİRAL BT CİHAZI İLE (MD/S) - 24.69691: Gereken hallerde, radyoloji ünitesinde veya radyoloji ünitesi dışında (ameliyat salonunda) girişimsel / cerrahi işlemlerde, (standart radyoloji incelemesi ve raporu olmaksızın) yalnız hasta güvenliğini sağlamak/artırmak için rehberlik amacı ile peroperatif BT kullanılması, (özel birimle tanımlı değilse veya incelemenin kapsamında değilse) rehberlik yapılan organ / bölgenin listede tanımlı BT birimi (tamamı) ile ücretlendirilir. Bir organ/eklem/bölge/alanda yapılan BT incelemesi ile birlikte aynı seansta, aynı/farklı organ/eklem/bölge/alanda BT incelemesi yapılır ise, (incelemenin tümünü kapsayan özel bir tanım yoksa), birimi en büyük olan inceleme biriminin tamamı, sonraki her bir organ, eklem, bölge, alan inceleme biriminin 2/3 ü dikkate alınarak ücretlendirilir. RADYOLOJİ - 24.00001: Radyolojik incelemelerde kullanılan kontrast ilaç ve tıbbi sarf malzeme ücretleri (aksi belirtilmemiş ise) işleme dahil değildir, ayrıca ücretle",new,canonical_together_target_not_found,pending,
engine_proposal_8942835716cfbc4b827cf364,B,24.77971,Kontrastsız spiral/multidedektör BT (taş protokolü abdomen BT),sure,partial,24.77971,,{},HUV_06052025.xlsx,"MULTİDEDEKTÖR VEYA SPİRAL BT CİHAZI İLE (MD/S) - 24.69691: Gereken hallerde, radyoloji ünitesinde veya radyoloji ünitesi dışında (ameliyat salonunda) girişimsel / cerrahi işlemlerde, (standart radyoloji incelemesi ve raporu olmaksızın) yalnız hasta güvenliğini sağlamak/artırmak için rehberlik amacı ile peroperatif BT kullanılması, (özel birimle tanımlı değilse veya incelemenin kapsamında değilse) rehberlik yapılan organ / bölgenin listede tanımlı BT birimi (tamamı) ile ücretlendirilir. Bir organ/eklem/bölge/alanda yapılan BT incelemesi ile birlikte aynı seansta, aynı/farklı organ/eklem/bölge/alanda BT incelemesi yapılır ise, (incelemenin tümünü kapsayan özel bir tanım yoksa), birimi en büyük olan inceleme biriminin tamamı, sonraki her bir organ, eklem, bölge, alan inceleme biriminin 2/3 ü dikkate alınarak ücretlendirilir. RADYOLOJİ - 24.00001: Radyolojik incelemelerde kullanılan kontrast ilaç ve tıbbi sarf malzeme ücretleri (aksi belirtilmemiş ise) işleme dahil değildir, ayrıca ücretle",new,explicit_frequency_fields_not_parsed,pending,
engine_proposal_f109d2974d9340342723648e,B,24.78201,"Bilgisayarlı tomografi, diğer (MD veya S)",birlikteOdenmez,partial,24.78201,,{},HUV_06052025.xlsx,"MULTİDEDEKTÖR VEYA SPİRAL BT CİHAZI İLE (MD/S) - 24.69691: Gereken hallerde, radyoloji ünitesinde veya radyoloji ünitesi dışında (ameliyat salonunda) girişimsel / cerrahi işlemlerde, (standart radyoloji incelemesi ve raporu olmaksızın) yalnız hasta güvenliğini sağlamak/artırmak için rehberlik amacı ile peroperatif BT kullanılması, (özel birimle tanımlı değilse veya incelemenin kapsamında değilse) rehberlik yapılan organ / bölgenin listede tanımlı BT birimi (tamamı) ile ücretlendirilir. Bir organ/eklem/bölge/alanda yapılan BT incelemesi ile birlikte aynı seansta, aynı/farklı organ/eklem/bölge/alanda BT incelemesi yapılır ise, (incelemenin tümünü kapsayan özel bir tanım yoksa), birimi en büyük olan inceleme biriminin tamamı, sonraki her bir organ, eklem, bölge, alan inceleme biriminin 2/3 ü dikkate alınarak ücretlendirilir. RADYOLOJİ - 24.00001: Radyolojik incelemelerde kullanılan kontrast ilaç ve tıbbi sarf malzeme ücretleri (aksi belirtilmemiş ise) işleme dahil değildir, ayrıca ücretle",new,canonical_together_target_not_found,pending,
engine_proposal_6e756a3e37cbd31d8074fa49,B,24.78201,"Bilgisayarlı tomografi, diğer (MD veya S)",sure,partial,24.78201,,{},HUV_06052025.xlsx,"MULTİDEDEKTÖR VEYA SPİRAL BT CİHAZI İLE (MD/S) - 24.69691: Gereken hallerde, radyoloji ünitesinde veya radyoloji ünitesi dışında (ameliyat salonunda) girişimsel / cerrahi işlemlerde, (standart radyoloji incelemesi ve raporu olmaksızın) yalnız hasta güvenliğini sağlamak/artırmak için rehberlik amacı ile peroperatif BT kullanılması, (özel birimle tanımlı değilse veya incelemenin kapsamında değilse) rehberlik yapılan organ / bölgenin listede tanımlı BT birimi (tamamı) ile ücretlendirilir. Bir organ/eklem/bölge/alanda yapılan BT incelemesi ile birlikte aynı seansta, aynı/farklı organ/eklem/bölge/alanda BT incelemesi yapılır ise, (incelemenin tümünü kapsayan özel bir tanım yoksa), birimi en büyük olan inceleme biriminin tamamı, sonraki her bir organ, eklem, bölge, alan inceleme biriminin 2/3 ü dikkate alınarak ücretlendirilir. RADYOLOJİ - 24.00001: Radyolojik incelemelerde kullanılan kontrast ilaç ve tıbbi sarf malzeme ücretleri (aksi belirtilmemiş ise) işleme dahil değildir, ayrıca ücretle",new,explicit_frequency_fields_not_parsed,pending,
engine_proposal_6feaef6f52d0b4ae46c83ec3,B,24.78431,"BT konsültasyonu (eski tetkikleri inceleme, karşılaştırma ve raporlama)",birlikteOdenmez,partial,24.78431,,{},HUV_06052025.xlsx,"Bu tanım, hastada yeni bir BT incelemesi yapılmadan, yalnız (bir/birden çok) eski BT görüntülerinin incelenmesi, bunların karşılaştırılması ve durumun raporlanmasını kapsar. Hastada yeni BT incelemesi yapılırken eski (bir/birden çok) BT görüntüsü incelenir, bunlar arasında karşılaştırma yapılır ve (beraber) raporlanırsa, bu hizmet (yeni) BT İncelemesinin kapsamındadır, BT konsültasyonu olarak değerlendirilmez. MULTİDEDEKTÖR VEYA SPİRAL BT CİHAZI İLE (MD/S) - 24.69691: Gereken hallerde, radyoloji ünitesinde veya radyoloji ünitesi dışında (ameliyat salonunda) girişimsel / cerrahi işlemlerde, (standart radyoloji incelemesi ve raporu olmaksızın) yalnız hasta güvenliğini sağlamak/artırmak için rehberlik amacı ile peroperatif BT kullanılması, (özel birimle tanımlı değilse veya incelemenin kapsamında değilse) rehberlik yapılan organ / bölgenin listede tanımlı BT birimi (tamamı) ile ücretlendirilir. Bir organ/eklem/bölge/alanda yapılan BT incelemesi ile birlikte aynı seansta, aynı/farklı organ",new,canonical_together_target_not_found,pending,
engine_proposal_8a609c83f6bbcfad9e4409cf,B,24.78431,"BT konsültasyonu (eski tetkikleri inceleme, karşılaştırma ve raporlama)",sure,partial,24.78431,,{},HUV_06052025.xlsx,"Bu tanım, hastada yeni bir BT incelemesi yapılmadan, yalnız (bir/birden çok) eski BT görüntülerinin incelenmesi, bunların karşılaştırılması ve durumun raporlanmasını kapsar. Hastada yeni BT incelemesi yapılırken eski (bir/birden çok) BT görüntüsü incelenir, bunlar arasında karşılaştırma yapılır ve (beraber) raporlanırsa, bu hizmet (yeni) BT İncelemesinin kapsamındadır, BT konsültasyonu olarak değerlendirilmez. MULTİDEDEKTÖR VEYA SPİRAL BT CİHAZI İLE (MD/S) - 24.69691: Gereken hallerde, radyoloji ünitesinde veya radyoloji ünitesi dışında (ameliyat salonunda) girişimsel / cerrahi işlemlerde, (standart radyoloji incelemesi ve raporu olmaksızın) yalnız hasta güvenliğini sağlamak/artırmak için rehberlik amacı ile peroperatif BT kullanılması, (özel birimle tanımlı değilse veya incelemenin kapsamında değilse) rehberlik yapılan organ / bölgenin listede tanımlı BT birimi (tamamı) ile ücretlendirilir. Bir organ/eklem/bölge/alanda yapılan BT incelemesi ile birlikte aynı seansta, aynı/farklı organ",new,explicit_frequency_fields_not_parsed,pending,
engine_proposal_01fe2a7580b516da4ccc4c24,B,24.78891,Koroner arter kalsiyum tarama testi (KAKT),sure,partial,24.78891,,{},HUV_06052025.xlsx,"RADYOLOJİ - 24.00001: Radyolojik incelemelerde kullanılan kontrast ilaç ve tıbbi sarf malzeme ücretleri (aksi belirtilmemiş ise) işleme dahil değildir, ayrıca ücretlendirilir. Radyolojik incelemenin değerlendirilmesi, yorumlanması ve raporlandırılması Radyoloji Uzmanı tarafından (mutlaka) yapılmalıdır. Radyoloji uzmanı raporuna adını, diploma ve uzmanlık numarasını yazarak imzalamalıdır. Radyolojik girişimlerde, Genel İlkelerin 00.57882 kodlu maddesi (ilgili bölümde/tanımda aksine bir açıklama yoksa) uygulanmaz. Aynı seansta birden fazla radyoloji incelemesi yapılması halinde, (ilgili bölüm/işlem özel kural/birim ile tanımlı değilse) her bir işlem ayrı ve tam birimi ile ücretlendirilir.",new,explicit_frequency_fields_not_parsed,pending,
engine_proposal_4f8233c020ae6b14eb90fa2f,B,24.79121,Akciğer EBT,sure,partial,24.79121,,{},HUV_06052025.xlsx,"RADYOLOJİ - 24.00001: Radyolojik incelemelerde kullanılan kontrast ilaç ve tıbbi sarf malzeme ücretleri (aksi belirtilmemiş ise) işleme dahil değildir, ayrıca ücretlendirilir. Radyolojik incelemenin değerlendirilmesi, yorumlanması ve raporlandırılması Radyoloji Uzmanı tarafından (mutlaka) yapılmalıdır. Radyoloji uzmanı raporuna adını, diploma ve uzmanlık numarasını yazarak imzalamalıdır. Radyolojik girişimlerde, Genel İlkelerin 00.57882 kodlu maddesi (ilgili bölümde/tanımda aksine bir açıklama yoksa) uygulanmaz. Aynı seansta birden fazla radyoloji incelemesi yapılması halinde, (ilgili bölüm/işlem özel kural/birim ile tanımlı değilse) her bir işlem ayrı ve tam birimi ile ücretlendirilir.",new,explicit_frequency_fields_not_parsed,pending,
engine_proposal_d919e258a033a19e6b3b6764,B,24.79351,Batın EBT,sure,partial,24.79351,,{},HUV_06052025.xlsx,"RADYOLOJİ - 24.00001: Radyolojik incelemelerde kullanılan kontrast ilaç ve tıbbi sarf malzeme ücretleri (aksi belirtilmemiş ise) işleme dahil değildir, ayrıca ücretlendirilir. Radyolojik incelemenin değerlendirilmesi, yorumlanması ve raporlandırılması Radyoloji Uzmanı tarafından (mutlaka) yapılmalıdır. Radyoloji uzmanı raporuna adını, diploma ve uzmanlık numarasını yazarak imzalamalıdır. Radyolojik girişimlerde, Genel İlkelerin 00.57882 kodlu maddesi (ilgili bölümde/tanımda aksine bir açıklama yoksa) uygulanmaz. Aynı seansta birden fazla radyoloji incelemesi yapılması halinde, (ilgili bölüm/işlem özel kural/birim ile tanımlı değilse) her bir işlem ayrı ve tam birimi ile ücretlendirilir.",new,explicit_frequency_fields_not_parsed,pending,
engine_proposal_0c78945dc2f1b79531669ef1,B,24.79581,Diğer vücut EBT,sure,partial,24.79581,,{},HUV_06052025.xlsx,"RADYOLOJİ - 24.00001: Radyolojik incelemelerde kullanılan kontrast ilaç ve tıbbi sarf malzeme ücretleri (aksi belirtilmemiş ise) işleme dahil değildir, ayrıca ücretlendirilir. Radyolojik incelemenin değerlendirilmesi, yorumlanması ve raporlandırılması Radyoloji Uzmanı tarafından (mutlaka) yapılmalıdır. Radyoloji uzmanı raporuna adını, diploma ve uzmanlık numarasını yazarak imzalamalıdır. Radyolojik girişimlerde, Genel İlkelerin 00.57882 kodlu maddesi (ilgili bölümde/tanımda aksine bir açıklama yoksa) uygulanmaz. Aynı seansta birden fazla radyoloji incelemesi yapılması halinde, (ilgili bölüm/işlem özel kural/birim ile tanımlı değilse) her bir işlem ayrı ve tam birimi ile ücretlendirilir.",new,explicit_frequency_fields_not_parsed,pending,
engine_proposal_0b4eaf42bd3864c71e4d3a38,B,24.79811,EBT anjiyografi (bir anatomik bölge için),sure,partial,24.79811,,{},HUV_06052025.xlsx,"RADYOLOJİ - 24.00001: Radyolojik incelemelerde kullanılan kontrast ilaç ve tıbbi sarf malzeme ücretleri (aksi belirtilmemiş ise) işleme dahil değildir, ayrıca ücretlendirilir. Radyolojik incelemenin değerlendirilmesi, yorumlanması ve raporlandırılması Radyoloji Uzmanı tarafından (mutlaka) yapılmalıdır. Radyoloji uzmanı raporuna adını, diploma ve uzmanlık numarasını yazarak imzalamalıdır. Radyolojik girişimlerde, Genel İlkelerin 00.57882 kodlu maddesi (ilgili bölümde/tanımda aksine bir açıklama yoksa) uygulanmaz. Aynı seansta birden fazla radyoloji incelemesi yapılması halinde, (ilgili bölüm/işlem özel kural/birim ile tanımlı değilse) her bir işlem ayrı ve tam birimi ile ücretlendirilir.",new,explicit_frequency_fields_not_parsed,pending,
engine_proposal_92c948d3606bb754228d0cd5,B,24.80041,Kardiyak sine EBT,sure,partial,24.80041,,{},HUV_06052025.xlsx,"RADYOLOJİ - 24.00001: Radyolojik incelemelerde kullanılan kontrast ilaç ve tıbbi sarf malzeme ücretleri (aksi belirtilmemiş ise) işleme dahil değildir, ayrıca ücretlendirilir. Radyolojik incelemenin değerlendirilmesi, yorumlanması ve raporlandırılması Radyoloji Uzmanı tarafından (mutlaka) yapılmalıdır. Radyoloji uzmanı raporuna adını, diploma ve uzmanlık numarasını yazarak imzalamalıdır. Radyolojik girişimlerde, Genel İlkelerin 00.57882 kodlu maddesi (ilgili bölümde/tanımda aksine bir açıklama yoksa) uygulanmaz. Aynı seansta birden fazla radyoloji incelemesi yapılması halinde, (ilgili bölüm/işlem özel kural/birim ile tanımlı değilse) her bir işlem ayrı ve tam birimi ile ücretlendirilir.",new,explicit_frequency_fields_not_parsed,pending,
engine_proposal_1b8443a00f7a39b5af2261ba,B,24.80731,"Beyin MRG, 1 Tesla ve üzeri MR cihazları için",birlikteOdenmez,partial,24.80731,,{},HUV_06052025.xlsx,"MANYETİK REZONANS GÖRÜNTÜLEME (MR/MRG) - 24.80271: Bir organ/eklem/bölge/alanda yapılan MR incelemesi ile birlikte aynı seansta, aynı/farklı organ/eklem/bölge/alanda MR incelemesi yapılır ise, (incelemenin tümünü kapsayan özel bir tanım yoksa), birimi en büyük olan inceleme biriminin tamamı, sonraki her bir organ, eklem, bölge, alan inceleme biriminin 2/3 ü dikkate alınarak ücretlendirilir. RADYOLOJİ - 24.00001: Radyolojik incelemelerde kullanılan kontrast ilaç ve tıbbi sarf malzeme ücretleri (aksi belirtilmemiş ise) işleme dahil değildir, ayrıca ücretlendirilir. Radyolojik incelemenin değerlendirilmesi, yorumlanması ve raporlandırılması Radyoloji Uzmanı tarafından (mutlaka) yapılmalıdır. Radyoloji uzmanı raporuna adını, diploma ve uzmanlık numarasını yazarak imzalamalıdır. Radyolojik girişimlerde, Genel İlkelerin 00.57882 kodlu maddesi (ilgili bölümde/tanımda aksine bir açıklama yoksa) uygulanmaz. Aynı seansta birden fazla radyoloji incelemesi yapılması halinde, (ilgili bölüm/işlem öz",new,canonical_together_target_not_found,pending,
engine_proposal_457a385db7a8c56cad21d123,B,24.80731,"Beyin MRG, 1 Tesla ve üzeri MR cihazları için",sure,partial,24.80731,,{},HUV_06052025.xlsx,"MANYETİK REZONANS GÖRÜNTÜLEME (MR/MRG) - 24.80271: Bir organ/eklem/bölge/alanda yapılan MR incelemesi ile birlikte aynı seansta, aynı/farklı organ/eklem/bölge/alanda MR incelemesi yapılır ise, (incelemenin tümünü kapsayan özel bir tanım yoksa), birimi en büyük olan inceleme biriminin tamamı, sonraki her bir organ, eklem, bölge, alan inceleme biriminin 2/3 ü dikkate alınarak ücretlendirilir. RADYOLOJİ - 24.00001: Radyolojik incelemelerde kullanılan kontrast ilaç ve tıbbi sarf malzeme ücretleri (aksi belirtilmemiş ise) işleme dahil değildir, ayrıca ücretlendirilir. Radyolojik incelemenin değerlendirilmesi, yorumlanması ve raporlandırılması Radyoloji Uzmanı tarafından (mutlaka) yapılmalıdır. Radyoloji uzmanı raporuna adını, diploma ve uzmanlık numarasını yazarak imzalamalıdır. Radyolojik girişimlerde, Genel İlkelerin 00.57882 kodlu maddesi (ilgili bölümde/tanımda aksine bir açıklama yoksa) uygulanmaz. Aynı seansta birden fazla radyoloji incelemesi yapılması halinde, (ilgili bölüm/işlem öz",new,explicit_frequency_fields_not_parsed,pending,
engine_proposal_20521762e44c01c2143f8868,B,24.80961,"Difüzyon MR, 1 Tesla ve üzeri MR cihazları için",birlikteOdenmez,partial,24.80961,,{},HUV_06052025.xlsx,"Uygulamanın gereği yapılan kontrastlı işlemi, incelemenin kapsamındadır, ek işlem olarak değerlendirilmez. Uygulamada kullanılan kontrast ilaç bedeli işlem kapsamında değildir, ek olarak ücretlendirilir. MANYETİK REZONANS GÖRÜNTÜLEME (MR/MRG) - 24.80271: Bir organ/eklem/bölge/alanda yapılan MR incelemesi ile birlikte aynı seansta, aynı/farklı organ/eklem/bölge/alanda MR incelemesi yapılır ise, (incelemenin tümünü kapsayan özel bir tanım yoksa), birimi en büyük olan inceleme biriminin tamamı, sonraki her bir organ, eklem, bölge, alan inceleme biriminin 2/3 ü dikkate alınarak ücretlendirilir. RADYOLOJİ - 24.00001: Radyolojik incelemelerde kullanılan kontrast ilaç ve tıbbi sarf malzeme ücretleri (aksi belirtilmemiş ise) işleme dahil değildir, ayrıca ücretlendirilir. Radyolojik incelemenin değerlendirilmesi, yorumlanması ve raporlandırılması Radyoloji Uzmanı tarafından (mutlaka) yapılmalıdır. Radyoloji uzmanı raporuna adını, diploma ve uzmanlık numarasını yazarak imzalamalıdır. Radyolojik",new,canonical_together_target_not_found,pending,
engine_proposal_512f87270dd45fa7ab00c103,B,24.80961,"Difüzyon MR, 1 Tesla ve üzeri MR cihazları için",sure,partial,24.80961,,{},HUV_06052025.xlsx,"Uygulamanın gereği yapılan kontrastlı işlemi, incelemenin kapsamındadır, ek işlem olarak değerlendirilmez. Uygulamada kullanılan kontrast ilaç bedeli işlem kapsamında değildir, ek olarak ücretlendirilir. MANYETİK REZONANS GÖRÜNTÜLEME (MR/MRG) - 24.80271: Bir organ/eklem/bölge/alanda yapılan MR incelemesi ile birlikte aynı seansta, aynı/farklı organ/eklem/bölge/alanda MR incelemesi yapılır ise, (incelemenin tümünü kapsayan özel bir tanım yoksa), birimi en büyük olan inceleme biriminin tamamı, sonraki her bir organ, eklem, bölge, alan inceleme biriminin 2/3 ü dikkate alınarak ücretlendirilir. RADYOLOJİ - 24.00001: Radyolojik incelemelerde kullanılan kontrast ilaç ve tıbbi sarf malzeme ücretleri (aksi belirtilmemiş ise) işleme dahil değildir, ayrıca ücretlendirilir. Radyolojik incelemenin değerlendirilmesi, yorumlanması ve raporlandırılması Radyoloji Uzmanı tarafından (mutlaka) yapılmalıdır. Radyoloji uzmanı raporuna adını, diploma ve uzmanlık numarasını yazarak imzalamalıdır. Radyolojik",new,explicit_frequency_fields_not_parsed,pending,
engine_proposal_c057b29a8e7a7f701d7c304f,B,24.81191,"Perfüzyon MRG, 1 Tesla ve üzeri MR cihazları için",birlikteOdenmez,partial,24.81191,,{},HUV_06052025.xlsx,"MANYETİK REZONANS GÖRÜNTÜLEME (MR/MRG) - 24.80271: Bir organ/eklem/bölge/alanda yapılan MR incelemesi ile birlikte aynı seansta, aynı/farklı organ/eklem/bölge/alanda MR incelemesi yapılır ise, (incelemenin tümünü kapsayan özel bir tanım yoksa), birimi en büyük olan inceleme biriminin tamamı, sonraki her bir organ, eklem, bölge, alan inceleme biriminin 2/3 ü dikkate alınarak ücretlendirilir. RADYOLOJİ - 24.00001: Radyolojik incelemelerde kullanılan kontrast ilaç ve tıbbi sarf malzeme ücretleri (aksi belirtilmemiş ise) işleme dahil değildir, ayrıca ücretlendirilir. Radyolojik incelemenin değerlendirilmesi, yorumlanması ve raporlandırılması Radyoloji Uzmanı tarafından (mutlaka) yapılmalıdır. Radyoloji uzmanı raporuna adını, diploma ve uzmanlık numarasını yazarak imzalamalıdır. Radyolojik girişimlerde, Genel İlkelerin 00.57882 kodlu maddesi (ilgili bölümde/tanımda aksine bir açıklama yoksa) uygulanmaz. Aynı seansta birden fazla radyoloji incelemesi yapılması halinde, (ilgili bölüm/işlem öz",new,canonical_together_target_not_found,pending,
engine_proposal_38154f3998b9d7b0e3c392eb,B,24.81191,"Perfüzyon MRG, 1 Tesla ve üzeri MR cihazları için",sure,partial,24.81191,,{},HUV_06052025.xlsx,"MANYETİK REZONANS GÖRÜNTÜLEME (MR/MRG) - 24.80271: Bir organ/eklem/bölge/alanda yapılan MR incelemesi ile birlikte aynı seansta, aynı/farklı organ/eklem/bölge/alanda MR incelemesi yapılır ise, (incelemenin tümünü kapsayan özel bir tanım yoksa), birimi en büyük olan inceleme biriminin tamamı, sonraki her bir organ, eklem, bölge, alan inceleme biriminin 2/3 ü dikkate alınarak ücretlendirilir. RADYOLOJİ - 24.00001: Radyolojik incelemelerde kullanılan kontrast ilaç ve tıbbi sarf malzeme ücretleri (aksi belirtilmemiş ise) işleme dahil değildir, ayrıca ücretlendirilir. Radyolojik incelemenin değerlendirilmesi, yorumlanması ve raporlandırılması Radyoloji Uzmanı tarafından (mutlaka) yapılmalıdır. Radyoloji uzmanı raporuna adını, diploma ve uzmanlık numarasını yazarak imzalamalıdır. Radyolojik girişimlerde, Genel İlkelerin 00.57882 kodlu maddesi (ilgili bölümde/tanımda aksine bir açıklama yoksa) uygulanmaz. Aynı seansta birden fazla radyoloji incelemesi yapılması halinde, (ilgili bölüm/işlem öz",new,explicit_frequency_fields_not_parsed,pending,
engine_proposal_6b300af2b833ccef0f9e2d75,B,24.81421,"MR spektroskopi (tek voksel, tek eko), 1 Tesla ve üzeri MR cihazları için",birlikteOdenmez,partial,24.81421,,{},HUV_06052025.xlsx,"MANYETİK REZONANS GÖRÜNTÜLEME (MR/MRG) - 24.80271: Bir organ/eklem/bölge/alanda yapılan MR incelemesi ile birlikte aynı seansta, aynı/farklı organ/eklem/bölge/alanda MR incelemesi yapılır ise, (incelemenin tümünü kapsayan özel bir tanım yoksa), birimi en büyük olan inceleme biriminin tamamı, sonraki her bir organ, eklem, bölge, alan inceleme biriminin 2/3 ü dikkate alınarak ücretlendirilir. RADYOLOJİ - 24.00001: Radyolojik incelemelerde kullanılan kontrast ilaç ve tıbbi sarf malzeme ücretleri (aksi belirtilmemiş ise) işleme dahil değildir, ayrıca ücretlendirilir. Radyolojik incelemenin değerlendirilmesi, yorumlanması ve raporlandırılması Radyoloji Uzmanı tarafından (mutlaka) yapılmalıdır. Radyoloji uzmanı raporuna adını, diploma ve uzmanlık numarasını yazarak imzalamalıdır. Radyolojik girişimlerde, Genel İlkelerin 00.57882 kodlu maddesi (ilgili bölümde/tanımda aksine bir açıklama yoksa) uygulanmaz. Aynı seansta birden fazla radyoloji incelemesi yapılması halinde, (ilgili bölüm/işlem öz",new,canonical_together_target_not_found,pending,
engine_proposal_cb28ebb1620365831fb383c3,B,24.81421,"MR spektroskopi (tek voksel, tek eko), 1 Tesla ve üzeri MR cihazları için",sure,partial,24.81421,,{},HUV_06052025.xlsx,"MANYETİK REZONANS GÖRÜNTÜLEME (MR/MRG) - 24.80271: Bir organ/eklem/bölge/alanda yapılan MR incelemesi ile birlikte aynı seansta, aynı/farklı organ/eklem/bölge/alanda MR incelemesi yapılır ise, (incelemenin tümünü kapsayan özel bir tanım yoksa), birimi en büyük olan inceleme biriminin tamamı, sonraki her bir organ, eklem, bölge, alan inceleme biriminin 2/3 ü dikkate alınarak ücretlendirilir. RADYOLOJİ - 24.00001: Radyolojik incelemelerde kullanılan kontrast ilaç ve tıbbi sarf malzeme ücretleri (aksi belirtilmemiş ise) işleme dahil değildir, ayrıca ücretlendirilir. Radyolojik incelemenin değerlendirilmesi, yorumlanması ve raporlandırılması Radyoloji Uzmanı tarafından (mutlaka) yapılmalıdır. Radyoloji uzmanı raporuna adını, diploma ve uzmanlık numarasını yazarak imzalamalıdır. Radyolojik girişimlerde, Genel İlkelerin 00.57882 kodlu maddesi (ilgili bölümde/tanımda aksine bir açıklama yoksa) uygulanmaz. Aynı seansta birden fazla radyoloji incelemesi yapılması halinde, (ilgili bölüm/işlem öz",new,explicit_frequency_fields_not_parsed,pending,
engine_proposal_7a6bb58ab07ea65be172868b,B,24.81651,"MR spektroskopi (multivoksel, tek eko), 1 Tesla ve üzeri MR cihazları için",birlikteOdenmez,partial,24.81651,,{},HUV_06052025.xlsx,"MANYETİK REZONANS GÖRÜNTÜLEME (MR/MRG) - 24.80271: Bir organ/eklem/bölge/alanda yapılan MR incelemesi ile birlikte aynı seansta, aynı/farklı organ/eklem/bölge/alanda MR incelemesi yapılır ise, (incelemenin tümünü kapsayan özel bir tanım yoksa), birimi en büyük olan inceleme biriminin tamamı, sonraki her bir organ, eklem, bölge, alan inceleme biriminin 2/3 ü dikkate alınarak ücretlendirilir. RADYOLOJİ - 24.00001: Radyolojik incelemelerde kullanılan kontrast ilaç ve tıbbi sarf malzeme ücretleri (aksi belirtilmemiş ise) işleme dahil değildir, ayrıca ücretlendirilir. Radyolojik incelemenin değerlendirilmesi, yorumlanması ve raporlandırılması Radyoloji Uzmanı tarafından (mutlaka) yapılmalıdır. Radyoloji uzmanı raporuna adını, diploma ve uzmanlık numarasını yazarak imzalamalıdır. Radyolojik girişimlerde, Genel İlkelerin 00.57882 kodlu maddesi (ilgili bölümde/tanımda aksine bir açıklama yoksa) uygulanmaz. Aynı seansta birden fazla radyoloji incelemesi yapılması halinde, (ilgili bölüm/işlem öz",new,canonical_together_target_not_found,pending,
engine_proposal_8dad0fe3f99d398ca7e5af1a,B,24.81651,"MR spektroskopi (multivoksel, tek eko), 1 Tesla ve üzeri MR cihazları için",sure,partial,24.81651,,{},HUV_06052025.xlsx,"MANYETİK REZONANS GÖRÜNTÜLEME (MR/MRG) - 24.80271: Bir organ/eklem/bölge/alanda yapılan MR incelemesi ile birlikte aynı seansta, aynı/farklı organ/eklem/bölge/alanda MR incelemesi yapılır ise, (incelemenin tümünü kapsayan özel bir tanım yoksa), birimi en büyük olan inceleme biriminin tamamı, sonraki her bir organ, eklem, bölge, alan inceleme biriminin 2/3 ü dikkate alınarak ücretlendirilir. RADYOLOJİ - 24.00001: Radyolojik incelemelerde kullanılan kontrast ilaç ve tıbbi sarf malzeme ücretleri (aksi belirtilmemiş ise) işleme dahil değildir, ayrıca ücretlendirilir. Radyolojik incelemenin değerlendirilmesi, yorumlanması ve raporlandırılması Radyoloji Uzmanı tarafından (mutlaka) yapılmalıdır. Radyoloji uzmanı raporuna adını, diploma ve uzmanlık numarasını yazarak imzalamalıdır. Radyolojik girişimlerde, Genel İlkelerin 00.57882 kodlu maddesi (ilgili bölümde/tanımda aksine bir açıklama yoksa) uygulanmaz. Aynı seansta birden fazla radyoloji incelemesi yapılması halinde, (ilgili bölüm/işlem öz",new,explicit_frequency_fields_not_parsed,pending,
engine_proposal_1d24439f75c3422c2a183e5f,B,24.81881,"Fonksiyonel MR (tek fonksiyon), 1 Tesla ve üzeri MR cihazları için",birlikteOdenmez,partial,24.81881,,{},HUV_06052025.xlsx,"MANYETİK REZONANS GÖRÜNTÜLEME (MR/MRG) - 24.80271: Bir organ/eklem/bölge/alanda yapılan MR incelemesi ile birlikte aynı seansta, aynı/farklı organ/eklem/bölge/alanda MR incelemesi yapılır ise, (incelemenin tümünü kapsayan özel bir tanım yoksa), birimi en büyük olan inceleme biriminin tamamı, sonraki her bir organ, eklem, bölge, alan inceleme biriminin 2/3 ü dikkate alınarak ücretlendirilir. RADYOLOJİ - 24.00001: Radyolojik incelemelerde kullanılan kontrast ilaç ve tıbbi sarf malzeme ücretleri (aksi belirtilmemiş ise) işleme dahil değildir, ayrıca ücretlendirilir. Radyolojik incelemenin değerlendirilmesi, yorumlanması ve raporlandırılması Radyoloji Uzmanı tarafından (mutlaka) yapılmalıdır. Radyoloji uzmanı raporuna adını, diploma ve uzmanlık numarasını yazarak imzalamalıdır. Radyolojik girişimlerde, Genel İlkelerin 00.57882 kodlu maddesi (ilgili bölümde/tanımda aksine bir açıklama yoksa) uygulanmaz. Aynı seansta birden fazla radyoloji incelemesi yapılması halinde, (ilgili bölüm/işlem öz",new,canonical_together_target_not_found,pending,
engine_proposal_3a02c37a77d50bf76552a64e,B,24.81881,"Fonksiyonel MR (tek fonksiyon), 1 Tesla ve üzeri MR cihazları için",sure,partial,24.81881,,{},HUV_06052025.xlsx,"MANYETİK REZONANS GÖRÜNTÜLEME (MR/MRG) - 24.80271: Bir organ/eklem/bölge/alanda yapılan MR incelemesi ile birlikte aynı seansta, aynı/farklı organ/eklem/bölge/alanda MR incelemesi yapılır ise, (incelemenin tümünü kapsayan özel bir tanım yoksa), birimi en büyük olan inceleme biriminin tamamı, sonraki her bir organ, eklem, bölge, alan inceleme biriminin 2/3 ü dikkate alınarak ücretlendirilir. RADYOLOJİ - 24.00001: Radyolojik incelemelerde kullanılan kontrast ilaç ve tıbbi sarf malzeme ücretleri (aksi belirtilmemiş ise) işleme dahil değildir, ayrıca ücretlendirilir. Radyolojik incelemenin değerlendirilmesi, yorumlanması ve raporlandırılması Radyoloji Uzmanı tarafından (mutlaka) yapılmalıdır. Radyoloji uzmanı raporuna adını, diploma ve uzmanlık numarasını yazarak imzalamalıdır. Radyolojik girişimlerde, Genel İlkelerin 00.57882 kodlu maddesi (ilgili bölümde/tanımda aksine bir açıklama yoksa) uygulanmaz. Aynı seansta birden fazla radyoloji incelemesi yapılması halinde, (ilgili bölüm/işlem öz",new,explicit_frequency_fields_not_parsed,pending,
engine_proposal_50090da43ec243026025bad8,B,24.81900,"MR Nörografi (3T), 3 Tesla ve üzeri MR cihazları ile",birlikteOdenmez,partial,24.81900,,{},HUV_06052025.xlsx,"MANYETİK REZONANS GÖRÜNTÜLEME (MR/MRG) - 24.80271: Bir organ/eklem/bölge/alanda yapılan MR incelemesi ile birlikte aynı seansta, aynı/farklı organ/eklem/bölge/alanda MR incelemesi yapılır ise, (incelemenin tümünü kapsayan özel bir tanım yoksa), birimi en büyük olan inceleme biriminin tamamı, sonraki her bir organ, eklem, bölge, alan inceleme biriminin 2/3 ü dikkate alınarak ücretlendirilir. RADYOLOJİ - 24.00001: Radyolojik incelemelerde kullanılan kontrast ilaç ve tıbbi sarf malzeme ücretleri (aksi belirtilmemiş ise) işleme dahil değildir, ayrıca ücretlendirilir. Radyolojik incelemenin değerlendirilmesi, yorumlanması ve raporlandırılması Radyoloji Uzmanı tarafından (mutlaka) yapılmalıdır. Radyoloji uzmanı raporuna adını, diploma ve uzmanlık numarasını yazarak imzalamalıdır. Radyolojik girişimlerde, Genel İlkelerin 00.57882 kodlu maddesi (ilgili bölümde/tanımda aksine bir açıklama yoksa) uygulanmaz. Aynı seansta birden fazla radyoloji incelemesi yapılması halinde, (ilgili bölüm/işlem öz",new,canonical_together_target_not_found,pending,
engine_proposal_55604e091b5af036e4096342,B,24.81900,"MR Nörografi (3T), 3 Tesla ve üzeri MR cihazları ile",sure,partial,24.81900,,{},HUV_06052025.xlsx,"MANYETİK REZONANS GÖRÜNTÜLEME (MR/MRG) - 24.80271: Bir organ/eklem/bölge/alanda yapılan MR incelemesi ile birlikte aynı seansta, aynı/farklı organ/eklem/bölge/alanda MR incelemesi yapılır ise, (incelemenin tümünü kapsayan özel bir tanım yoksa), birimi en büyük olan inceleme biriminin tamamı, sonraki her bir organ, eklem, bölge, alan inceleme biriminin 2/3 ü dikkate alınarak ücretlendirilir. RADYOLOJİ - 24.00001: Radyolojik incelemelerde kullanılan kontrast ilaç ve tıbbi sarf malzeme ücretleri (aksi belirtilmemiş ise) işleme dahil değildir, ayrıca ücretlendirilir. Radyolojik incelemenin değerlendirilmesi, yorumlanması ve raporlandırılması Radyoloji Uzmanı tarafından (mutlaka) yapılmalıdır. Radyoloji uzmanı raporuna adını, diploma ve uzmanlık numarasını yazarak imzalamalıdır. Radyolojik girişimlerde, Genel İlkelerin 00.57882 kodlu maddesi (ilgili bölümde/tanımda aksine bir açıklama yoksa) uygulanmaz. Aynı seansta birden fazla radyoloji incelemesi yapılması halinde, (ilgili bölüm/işlem öz",new,explicit_frequency_fields_not_parsed,pending,
engine_proposal_e44c5d0fea8c2100cd072278,B,24.82111,"Hipofiz MRG, 1 Tesla ve üzeri MR cihazları için",birlikteOdenmez,partial,24.82111,,{},HUV_06052025.xlsx,"MANYETİK REZONANS GÖRÜNTÜLEME (MR/MRG) - 24.80271: Bir organ/eklem/bölge/alanda yapılan MR incelemesi ile birlikte aynı seansta, aynı/farklı organ/eklem/bölge/alanda MR incelemesi yapılır ise, (incelemenin tümünü kapsayan özel bir tanım yoksa), birimi en büyük olan inceleme biriminin tamamı, sonraki her bir organ, eklem, bölge, alan inceleme biriminin 2/3 ü dikkate alınarak ücretlendirilir. RADYOLOJİ - 24.00001: Radyolojik incelemelerde kullanılan kontrast ilaç ve tıbbi sarf malzeme ücretleri (aksi belirtilmemiş ise) işleme dahil değildir, ayrıca ücretlendirilir. Radyolojik incelemenin değerlendirilmesi, yorumlanması ve raporlandırılması Radyoloji Uzmanı tarafından (mutlaka) yapılmalıdır. Radyoloji uzmanı raporuna adını, diploma ve uzmanlık numarasını yazarak imzalamalıdır. Radyolojik girişimlerde, Genel İlkelerin 00.57882 kodlu maddesi (ilgili bölümde/tanımda aksine bir açıklama yoksa) uygulanmaz. Aynı seansta birden fazla radyoloji incelemesi yapılması halinde, (ilgili bölüm/işlem öz",new,canonical_together_target_not_found,pending,
engine_proposal_1944ef42b18f352b0bbd0108,B,24.82111,"Hipofiz MRG, 1 Tesla ve üzeri MR cihazları için",sure,partial,24.82111,,{},HUV_06052025.xlsx,"MANYETİK REZONANS GÖRÜNTÜLEME (MR/MRG) - 24.80271: Bir organ/eklem/bölge/alanda yapılan MR incelemesi ile birlikte aynı seansta, aynı/farklı organ/eklem/bölge/alanda MR incelemesi yapılır ise, (incelemenin tümünü kapsayan özel bir tanım yoksa), birimi en büyük olan inceleme biriminin tamamı, sonraki her bir organ, eklem, bölge, alan inceleme biriminin 2/3 ü dikkate alınarak ücretlendirilir. RADYOLOJİ - 24.00001: Radyolojik incelemelerde kullanılan kontrast ilaç ve tıbbi sarf malzeme ücretleri (aksi belirtilmemiş ise) işleme dahil değildir, ayrıca ücretlendirilir. Radyolojik incelemenin değerlendirilmesi, yorumlanması ve raporlandırılması Radyoloji Uzmanı tarafından (mutlaka) yapılmalıdır. Radyoloji uzmanı raporuna adını, diploma ve uzmanlık numarasını yazarak imzalamalıdır. Radyolojik girişimlerde, Genel İlkelerin 00.57882 kodlu maddesi (ilgili bölümde/tanımda aksine bir açıklama yoksa) uygulanmaz. Aynı seansta birden fazla radyoloji incelemesi yapılması halinde, (ilgili bölüm/işlem öz",new,explicit_frequency_fields_not_parsed,pending,
engine_proposal_39cc2b87f16136bcdfcac8d9,B,24.82341,"Orbita MRG, 1 Tesla ve üzeri MR cihazları için",birlikteOdenmez,partial,24.82341,,{},HUV_06052025.xlsx,"MANYETİK REZONANS GÖRÜNTÜLEME (MR/MRG) - 24.80271: Bir organ/eklem/bölge/alanda yapılan MR incelemesi ile birlikte aynı seansta, aynı/farklı organ/eklem/bölge/alanda MR incelemesi yapılır ise, (incelemenin tümünü kapsayan özel bir tanım yoksa), birimi en büyük olan inceleme biriminin tamamı, sonraki her bir organ, eklem, bölge, alan inceleme biriminin 2/3 ü dikkate alınarak ücretlendirilir. RADYOLOJİ - 24.00001: Radyolojik incelemelerde kullanılan kontrast ilaç ve tıbbi sarf malzeme ücretleri (aksi belirtilmemiş ise) işleme dahil değildir, ayrıca ücretlendirilir. Radyolojik incelemenin değerlendirilmesi, yorumlanması ve raporlandırılması Radyoloji Uzmanı tarafından (mutlaka) yapılmalıdır. Radyoloji uzmanı raporuna adını, diploma ve uzmanlık numarasını yazarak imzalamalıdır. Radyolojik girişimlerde, Genel İlkelerin 00.57882 kodlu maddesi (ilgili bölümde/tanımda aksine bir açıklama yoksa) uygulanmaz. Aynı seansta birden fazla radyoloji incelemesi yapılması halinde, (ilgili bölüm/işlem öz",new,canonical_together_target_not_found,pending,
engine_proposal_e5ccb2be34ef4fdf253d438d,B,24.82341,"Orbita MRG, 1 Tesla ve üzeri MR cihazları için",sure,partial,24.82341,,{},HUV_06052025.xlsx,"MANYETİK REZONANS GÖRÜNTÜLEME (MR/MRG) - 24.80271: Bir organ/eklem/bölge/alanda yapılan MR incelemesi ile birlikte aynı seansta, aynı/farklı organ/eklem/bölge/alanda MR incelemesi yapılır ise, (incelemenin tümünü kapsayan özel bir tanım yoksa), birimi en büyük olan inceleme biriminin tamamı, sonraki her bir organ, eklem, bölge, alan inceleme biriminin 2/3 ü dikkate alınarak ücretlendirilir. RADYOLOJİ - 24.00001: Radyolojik incelemelerde kullanılan kontrast ilaç ve tıbbi sarf malzeme ücretleri (aksi belirtilmemiş ise) işleme dahil değildir, ayrıca ücretlendirilir. Radyolojik incelemenin değerlendirilmesi, yorumlanması ve raporlandırılması Radyoloji Uzmanı tarafından (mutlaka) yapılmalıdır. Radyoloji uzmanı raporuna adını, diploma ve uzmanlık numarasını yazarak imzalamalıdır. Radyolojik girişimlerde, Genel İlkelerin 00.57882 kodlu maddesi (ilgili bölümde/tanımda aksine bir açıklama yoksa) uygulanmaz. Aynı seansta birden fazla radyoloji incelemesi yapılması halinde, (ilgili bölüm/işlem öz",new,explicit_frequency_fields_not_parsed,pending,
engine_proposal_4228a3530bad37ece3a4695b,B,24.82571,"Temporal kemik MRG, 1 Tesla ve üzeri MR cihazları için",birlikteOdenmez,partial,24.82571,,{},HUV_06052025.xlsx,"MANYETİK REZONANS GÖRÜNTÜLEME (MR/MRG) - 24.80271: Bir organ/eklem/bölge/alanda yapılan MR incelemesi ile birlikte aynı seansta, aynı/farklı organ/eklem/bölge/alanda MR incelemesi yapılır ise, (incelemenin tümünü kapsayan özel bir tanım yoksa), birimi en büyük olan inceleme biriminin tamamı, sonraki her bir organ, eklem, bölge, alan inceleme biriminin 2/3 ü dikkate alınarak ücretlendirilir. RADYOLOJİ - 24.00001: Radyolojik incelemelerde kullanılan kontrast ilaç ve tıbbi sarf malzeme ücretleri (aksi belirtilmemiş ise) işleme dahil değildir, ayrıca ücretlendirilir. Radyolojik incelemenin değerlendirilmesi, yorumlanması ve raporlandırılması Radyoloji Uzmanı tarafından (mutlaka) yapılmalıdır. Radyoloji uzmanı raporuna adını, diploma ve uzmanlık numarasını yazarak imzalamalıdır. Radyolojik girişimlerde, Genel İlkelerin 00.57882 kodlu maddesi (ilgili bölümde/tanımda aksine bir açıklama yoksa) uygulanmaz. Aynı seansta birden fazla radyoloji incelemesi yapılması halinde, (ilgili bölüm/işlem öz",new,canonical_together_target_not_found,pending,
engine_proposal_c399bd3977e0af19a04f7f13,B,24.82571,"Temporal kemik MRG, 1 Tesla ve üzeri MR cihazları için",sure,partial,24.82571,,{},HUV_06052025.xlsx,"MANYETİK REZONANS GÖRÜNTÜLEME (MR/MRG) - 24.80271: Bir organ/eklem/bölge/alanda yapılan MR incelemesi ile birlikte aynı seansta, aynı/farklı organ/eklem/bölge/alanda MR incelemesi yapılır ise, (incelemenin tümünü kapsayan özel bir tanım yoksa), birimi en büyük olan inceleme biriminin tamamı, sonraki her bir organ, eklem, bölge, alan inceleme biriminin 2/3 ü dikkate alınarak ücretlendirilir. RADYOLOJİ - 24.00001: Radyolojik incelemelerde kullanılan kontrast ilaç ve tıbbi sarf malzeme ücretleri (aksi belirtilmemiş ise) işleme dahil değildir, ayrıca ücretlendirilir. Radyolojik incelemenin değerlendirilmesi, yorumlanması ve raporlandırılması Radyoloji Uzmanı tarafından (mutlaka) yapılmalıdır. Radyoloji uzmanı raporuna adını, diploma ve uzmanlık numarasını yazarak imzalamalıdır. Radyolojik girişimlerde, Genel İlkelerin 00.57882 kodlu maddesi (ilgili bölümde/tanımda aksine bir açıklama yoksa) uygulanmaz. Aynı seansta birden fazla radyoloji incelemesi yapılması halinde, (ilgili bölüm/işlem öz",new,explicit_frequency_fields_not_parsed,pending,
engine_proposal_beeccadaa0499ddc6dc64d60,B,24.82801,"Yüz MRG, 1 Tesla ve üzeri MR cihazları için",birlikteOdenmez,partial,24.82801,,{},HUV_06052025.xlsx,"MANYETİK REZONANS GÖRÜNTÜLEME (MR/MRG) - 24.80271: Bir organ/eklem/bölge/alanda yapılan MR incelemesi ile birlikte aynı seansta, aynı/farklı organ/eklem/bölge/alanda MR incelemesi yapılır ise, (incelemenin tümünü kapsayan özel bir tanım yoksa), birimi en büyük olan inceleme biriminin tamamı, sonraki her bir organ, eklem, bölge, alan inceleme biriminin 2/3 ü dikkate alınarak ücretlendirilir. RADYOLOJİ - 24.00001: Radyolojik incelemelerde kullanılan kontrast ilaç ve tıbbi sarf malzeme ücretleri (aksi belirtilmemiş ise) işleme dahil değildir, ayrıca ücretlendirilir. Radyolojik incelemenin değerlendirilmesi, yorumlanması ve raporlandırılması Radyoloji Uzmanı tarafından (mutlaka) yapılmalıdır. Radyoloji uzmanı raporuna adını, diploma ve uzmanlık numarasını yazarak imzalamalıdır. Radyolojik girişimlerde, Genel İlkelerin 00.57882 kodlu maddesi (ilgili bölümde/tanımda aksine bir açıklama yoksa) uygulanmaz. Aynı seansta birden fazla radyoloji incelemesi yapılması halinde, (ilgili bölüm/işlem öz",new,canonical_together_target_not_found,pending,
engine_proposal_0c4dab2ea612144012160e08,B,24.82801,"Yüz MRG, 1 Tesla ve üzeri MR cihazları için",sure,partial,24.82801,,{},HUV_06052025.xlsx,"MANYETİK REZONANS GÖRÜNTÜLEME (MR/MRG) - 24.80271: Bir organ/eklem/bölge/alanda yapılan MR incelemesi ile birlikte aynı seansta, aynı/farklı organ/eklem/bölge/alanda MR incelemesi yapılır ise, (incelemenin tümünü kapsayan özel bir tanım yoksa), birimi en büyük olan inceleme biriminin tamamı, sonraki her bir organ, eklem, bölge, alan inceleme biriminin 2/3 ü dikkate alınarak ücretlendirilir. RADYOLOJİ - 24.00001: Radyolojik incelemelerde kullanılan kontrast ilaç ve tıbbi sarf malzeme ücretleri (aksi belirtilmemiş ise) işleme dahil değildir, ayrıca ücretlendirilir. Radyolojik incelemenin değerlendirilmesi, yorumlanması ve raporlandırılması Radyoloji Uzmanı tarafından (mutlaka) yapılmalıdır. Radyoloji uzmanı raporuna adını, diploma ve uzmanlık numarasını yazarak imzalamalıdır. Radyolojik girişimlerde, Genel İlkelerin 00.57882 kodlu maddesi (ilgili bölümde/tanımda aksine bir açıklama yoksa) uygulanmaz. Aynı seansta birden fazla radyoloji incelemesi yapılması halinde, (ilgili bölüm/işlem öz",new,explicit_frequency_fields_not_parsed,pending,
engine_proposal_878451730d08f888e13dd2b6,B,24.83031,"Boyun MRG (larinks, farinks ve diğer boyun patolojilerinde), 1 Tesla ve üzeri MR cihazları için",birlikteOdenmez,partial,24.83031,,{},HUV_06052025.xlsx,"MANYETİK REZONANS GÖRÜNTÜLEME (MR/MRG) - 24.80271: Bir organ/eklem/bölge/alanda yapılan MR incelemesi ile birlikte aynı seansta, aynı/farklı organ/eklem/bölge/alanda MR incelemesi yapılır ise, (incelemenin tümünü kapsayan özel bir tanım yoksa), birimi en büyük olan inceleme biriminin tamamı, sonraki her bir organ, eklem, bölge, alan inceleme biriminin 2/3 ü dikkate alınarak ücretlendirilir. RADYOLOJİ - 24.00001: Radyolojik incelemelerde kullanılan kontrast ilaç ve tıbbi sarf malzeme ücretleri (aksi belirtilmemiş ise) işleme dahil değildir, ayrıca ücretlendirilir. Radyolojik incelemenin değerlendirilmesi, yorumlanması ve raporlandırılması Radyoloji Uzmanı tarafından (mutlaka) yapılmalıdır. Radyoloji uzmanı raporuna adını, diploma ve uzmanlık numarasını yazarak imzalamalıdır. Radyolojik girişimlerde, Genel İlkelerin 00.57882 kodlu maddesi (ilgili bölümde/tanımda aksine bir açıklama yoksa) uygulanmaz. Aynı seansta birden fazla radyoloji incelemesi yapılması halinde, (ilgili bölüm/işlem öz",new,canonical_together_target_not_found,pending,
engine_proposal_848d51b83997a0a19afc791e,B,24.83031,"Boyun MRG (larinks, farinks ve diğer boyun patolojilerinde), 1 Tesla ve üzeri MR cihazları için",sure,partial,24.83031,,{},HUV_06052025.xlsx,"MANYETİK REZONANS GÖRÜNTÜLEME (MR/MRG) - 24.80271: Bir organ/eklem/bölge/alanda yapılan MR incelemesi ile birlikte aynı seansta, aynı/farklı organ/eklem/bölge/alanda MR incelemesi yapılır ise, (incelemenin tümünü kapsayan özel bir tanım yoksa), birimi en büyük olan inceleme biriminin tamamı, sonraki her bir organ, eklem, bölge, alan inceleme biriminin 2/3 ü dikkate alınarak ücretlendirilir. RADYOLOJİ - 24.00001: Radyolojik incelemelerde kullanılan kontrast ilaç ve tıbbi sarf malzeme ücretleri (aksi belirtilmemiş ise) işleme dahil değildir, ayrıca ücretlendirilir. Radyolojik incelemenin değerlendirilmesi, yorumlanması ve raporlandırılması Radyoloji Uzmanı tarafından (mutlaka) yapılmalıdır. Radyoloji uzmanı raporuna adını, diploma ve uzmanlık numarasını yazarak imzalamalıdır. Radyolojik girişimlerde, Genel İlkelerin 00.57882 kodlu maddesi (ilgili bölümde/tanımda aksine bir açıklama yoksa) uygulanmaz. Aynı seansta birden fazla radyoloji incelemesi yapılması halinde, (ilgili bölüm/işlem öz",new,explicit_frequency_fields_not_parsed,pending,
engine_proposal_2de378fc53374c9aed513c5d,B,24.83261,"Toraks MRG, 1 Tesla ve üzeri MR cihazları için",birlikteOdenmez,partial,24.83261,,{},HUV_06052025.xlsx,"MANYETİK REZONANS GÖRÜNTÜLEME (MR/MRG) - 24.80271: Bir organ/eklem/bölge/alanda yapılan MR incelemesi ile birlikte aynı seansta, aynı/farklı organ/eklem/bölge/alanda MR incelemesi yapılır ise, (incelemenin tümünü kapsayan özel bir tanım yoksa), birimi en büyük olan inceleme biriminin tamamı, sonraki her bir organ, eklem, bölge, alan inceleme biriminin 2/3 ü dikkate alınarak ücretlendirilir. RADYOLOJİ - 24.00001: Radyolojik incelemelerde kullanılan kontrast ilaç ve tıbbi sarf malzeme ücretleri (aksi belirtilmemiş ise) işleme dahil değildir, ayrıca ücretlendirilir. Radyolojik incelemenin değerlendirilmesi, yorumlanması ve raporlandırılması Radyoloji Uzmanı tarafından (mutlaka) yapılmalıdır. Radyoloji uzmanı raporuna adını, diploma ve uzmanlık numarasını yazarak imzalamalıdır. Radyolojik girişimlerde, Genel İlkelerin 00.57882 kodlu maddesi (ilgili bölümde/tanımda aksine bir açıklama yoksa) uygulanmaz. Aynı seansta birden fazla radyoloji incelemesi yapılması halinde, (ilgili bölüm/işlem öz",new,canonical_together_target_not_found,pending,
engine_proposal_5a392e2b8cc79165799b59df,B,24.83261,"Toraks MRG, 1 Tesla ve üzeri MR cihazları için",sure,partial,24.83261,,{},HUV_06052025.xlsx,"MANYETİK REZONANS GÖRÜNTÜLEME (MR/MRG) - 24.80271: Bir organ/eklem/bölge/alanda yapılan MR incelemesi ile birlikte aynı seansta, aynı/farklı organ/eklem/bölge/alanda MR incelemesi yapılır ise, (incelemenin tümünü kapsayan özel bir tanım yoksa), birimi en büyük olan inceleme biriminin tamamı, sonraki her bir organ, eklem, bölge, alan inceleme biriminin 2/3 ü dikkate alınarak ücretlendirilir. RADYOLOJİ - 24.00001: Radyolojik incelemelerde kullanılan kontrast ilaç ve tıbbi sarf malzeme ücretleri (aksi belirtilmemiş ise) işleme dahil değildir, ayrıca ücretlendirilir. Radyolojik incelemenin değerlendirilmesi, yorumlanması ve raporlandırılması Radyoloji Uzmanı tarafından (mutlaka) yapılmalıdır. Radyoloji uzmanı raporuna adını, diploma ve uzmanlık numarasını yazarak imzalamalıdır. Radyolojik girişimlerde, Genel İlkelerin 00.57882 kodlu maddesi (ilgili bölümde/tanımda aksine bir açıklama yoksa) uygulanmaz. Aynı seansta birden fazla radyoloji incelemesi yapılması halinde, (ilgili bölüm/işlem öz",new,explicit_frequency_fields_not_parsed,pending,
engine_proposal_93791515f4f0ed65df301e84,B,24.83491,"Kardiyak MRG, 1 Tesla ve üzeri MR cihazları için",birlikteOdenmez,partial,24.83491,,{},HUV_06052025.xlsx,"MANYETİK REZONANS GÖRÜNTÜLEME (MR/MRG) - 24.80271: Bir organ/eklem/bölge/alanda yapılan MR incelemesi ile birlikte aynı seansta, aynı/farklı organ/eklem/bölge/alanda MR incelemesi yapılır ise, (incelemenin tümünü kapsayan özel bir tanım yoksa), birimi en büyük olan inceleme biriminin tamamı, sonraki her bir organ, eklem, bölge, alan inceleme biriminin 2/3 ü dikkate alınarak ücretlendirilir. RADYOLOJİ - 24.00001: Radyolojik incelemelerde kullanılan kontrast ilaç ve tıbbi sarf malzeme ücretleri (aksi belirtilmemiş ise) işleme dahil değildir, ayrıca ücretlendirilir. Radyolojik incelemenin değerlendirilmesi, yorumlanması ve raporlandırılması Radyoloji Uzmanı tarafından (mutlaka) yapılmalıdır. Radyoloji uzmanı raporuna adını, diploma ve uzmanlık numarasını yazarak imzalamalıdır. Radyolojik girişimlerde, Genel İlkelerin 00.57882 kodlu maddesi (ilgili bölümde/tanımda aksine bir açıklama yoksa) uygulanmaz. Aynı seansta birden fazla radyoloji incelemesi yapılması halinde, (ilgili bölüm/işlem öz",new,canonical_together_target_not_found,pending,
engine_proposal_3a74ada14488e97179ed4400,B,24.83491,"Kardiyak MRG, 1 Tesla ve üzeri MR cihazları için",sure,partial,24.83491,,{},HUV_06052025.xlsx,"MANYETİK REZONANS GÖRÜNTÜLEME (MR/MRG) - 24.80271: Bir organ/eklem/bölge/alanda yapılan MR incelemesi ile birlikte aynı seansta, aynı/farklı organ/eklem/bölge/alanda MR incelemesi yapılır ise, (incelemenin tümünü kapsayan özel bir tanım yoksa), birimi en büyük olan inceleme biriminin tamamı, sonraki her bir organ, eklem, bölge, alan inceleme biriminin 2/3 ü dikkate alınarak ücretlendirilir. RADYOLOJİ - 24.00001: Radyolojik incelemelerde kullanılan kontrast ilaç ve tıbbi sarf malzeme ücretleri (aksi belirtilmemiş ise) işleme dahil değildir, ayrıca ücretlendirilir. Radyolojik incelemenin değerlendirilmesi, yorumlanması ve raporlandırılması Radyoloji Uzmanı tarafından (mutlaka) yapılmalıdır. Radyoloji uzmanı raporuna adını, diploma ve uzmanlık numarasını yazarak imzalamalıdır. Radyolojik girişimlerde, Genel İlkelerin 00.57882 kodlu maddesi (ilgili bölümde/tanımda aksine bir açıklama yoksa) uygulanmaz. Aynı seansta birden fazla radyoloji incelemesi yapılması halinde, (ilgili bölüm/işlem öz",new,explicit_frequency_fields_not_parsed,pending,
engine_proposal_93a57e8643a19646ba3df0e3,B,24.83721,"Kardiyak fonksiyon, 1 Tesla ve üzeri MR cihazları için",birlikteOdenmez,partial,24.83721,,{},HUV_06052025.xlsx,"MANYETİK REZONANS GÖRÜNTÜLEME (MR/MRG) - 24.80271: Bir organ/eklem/bölge/alanda yapılan MR incelemesi ile birlikte aynı seansta, aynı/farklı organ/eklem/bölge/alanda MR incelemesi yapılır ise, (incelemenin tümünü kapsayan özel bir tanım yoksa), birimi en büyük olan inceleme biriminin tamamı, sonraki her bir organ, eklem, bölge, alan inceleme biriminin 2/3 ü dikkate alınarak ücretlendirilir. RADYOLOJİ - 24.00001: Radyolojik incelemelerde kullanılan kontrast ilaç ve tıbbi sarf malzeme ücretleri (aksi belirtilmemiş ise) işleme dahil değildir, ayrıca ücretlendirilir. Radyolojik incelemenin değerlendirilmesi, yorumlanması ve raporlandırılması Radyoloji Uzmanı tarafından (mutlaka) yapılmalıdır. Radyoloji uzmanı raporuna adını, diploma ve uzmanlık numarasını yazarak imzalamalıdır. Radyolojik girişimlerde, Genel İlkelerin 00.57882 kodlu maddesi (ilgili bölümde/tanımda aksine bir açıklama yoksa) uygulanmaz. Aynı seansta birden fazla radyoloji incelemesi yapılması halinde, (ilgili bölüm/işlem öz",new,canonical_together_target_not_found,pending,
engine_proposal_cb6b1c9416798bf2a3d67e36,B,24.83721,"Kardiyak fonksiyon, 1 Tesla ve üzeri MR cihazları için",sure,partial,24.83721,,{},HUV_06052025.xlsx,"MANYETİK REZONANS GÖRÜNTÜLEME (MR/MRG) - 24.80271: Bir organ/eklem/bölge/alanda yapılan MR incelemesi ile birlikte aynı seansta, aynı/farklı organ/eklem/bölge/alanda MR incelemesi yapılır ise, (incelemenin tümünü kapsayan özel bir tanım yoksa), birimi en büyük olan inceleme biriminin tamamı, sonraki her bir organ, eklem, bölge, alan inceleme biriminin 2/3 ü dikkate alınarak ücretlendirilir. RADYOLOJİ - 24.00001: Radyolojik incelemelerde kullanılan kontrast ilaç ve tıbbi sarf malzeme ücretleri (aksi belirtilmemiş ise) işleme dahil değildir, ayrıca ücretlendirilir. Radyolojik incelemenin değerlendirilmesi, yorumlanması ve raporlandırılması Radyoloji Uzmanı tarafından (mutlaka) yapılmalıdır. Radyoloji uzmanı raporuna adını, diploma ve uzmanlık numarasını yazarak imzalamalıdır. Radyolojik girişimlerde, Genel İlkelerin 00.57882 kodlu maddesi (ilgili bölümde/tanımda aksine bir açıklama yoksa) uygulanmaz. Aynı seansta birden fazla radyoloji incelemesi yapılması halinde, (ilgili bölüm/işlem öz",new,explicit_frequency_fields_not_parsed,pending,
engine_proposal_601bcfff941e1f928126c15e,B,24.83951,"Kardiyak perfüzyon, 1 Tesla ve üzeri MR cihazları için",birlikteOdenmez,partial,24.83951,,{},HUV_06052025.xlsx,"MANYETİK REZONANS GÖRÜNTÜLEME (MR/MRG) - 24.80271: Bir organ/eklem/bölge/alanda yapılan MR incelemesi ile birlikte aynı seansta, aynı/farklı organ/eklem/bölge/alanda MR incelemesi yapılır ise, (incelemenin tümünü kapsayan özel bir tanım yoksa), birimi en büyük olan inceleme biriminin tamamı, sonraki her bir organ, eklem, bölge, alan inceleme biriminin 2/3 ü dikkate alınarak ücretlendirilir. RADYOLOJİ - 24.00001: Radyolojik incelemelerde kullanılan kontrast ilaç ve tıbbi sarf malzeme ücretleri (aksi belirtilmemiş ise) işleme dahil değildir, ayrıca ücretlendirilir. Radyolojik incelemenin değerlendirilmesi, yorumlanması ve raporlandırılması Radyoloji Uzmanı tarafından (mutlaka) yapılmalıdır. Radyoloji uzmanı raporuna adını, diploma ve uzmanlık numarasını yazarak imzalamalıdır. Radyolojik girişimlerde, Genel İlkelerin 00.57882 kodlu maddesi (ilgili bölümde/tanımda aksine bir açıklama yoksa) uygulanmaz. Aynı seansta birden fazla radyoloji incelemesi yapılması halinde, (ilgili bölüm/işlem öz",new,canonical_together_target_not_found,pending,
engine_proposal_73503b202b5af02644c769d9,B,24.83951,"Kardiyak perfüzyon, 1 Tesla ve üzeri MR cihazları için",sure,partial,24.83951,,{},HUV_06052025.xlsx,"MANYETİK REZONANS GÖRÜNTÜLEME (MR/MRG) - 24.80271: Bir organ/eklem/bölge/alanda yapılan MR incelemesi ile birlikte aynı seansta, aynı/farklı organ/eklem/bölge/alanda MR incelemesi yapılır ise, (incelemenin tümünü kapsayan özel bir tanım yoksa), birimi en büyük olan inceleme biriminin tamamı, sonraki her bir organ, eklem, bölge, alan inceleme biriminin 2/3 ü dikkate alınarak ücretlendirilir. RADYOLOJİ - 24.00001: Radyolojik incelemelerde kullanılan kontrast ilaç ve tıbbi sarf malzeme ücretleri (aksi belirtilmemiş ise) işleme dahil değildir, ayrıca ücretlendirilir. Radyolojik incelemenin değerlendirilmesi, yorumlanması ve raporlandırılması Radyoloji Uzmanı tarafından (mutlaka) yapılmalıdır. Radyoloji uzmanı raporuna adını, diploma ve uzmanlık numarasını yazarak imzalamalıdır. Radyolojik girişimlerde, Genel İlkelerin 00.57882 kodlu maddesi (ilgili bölümde/tanımda aksine bir açıklama yoksa) uygulanmaz. Aynı seansta birden fazla radyoloji incelemesi yapılması halinde, (ilgili bölüm/işlem öz",new,explicit_frequency_fields_not_parsed,pending,
engine_proposal_71c7ee2f12bc9e1dacd6b2ee,B,24.84181,"Kardiyak canlılık (viabilite), 1 Tesla ve üzeri MR cihazları için",birlikteOdenmez,partial,24.84181,,{},HUV_06052025.xlsx,"MANYETİK REZONANS GÖRÜNTÜLEME (MR/MRG) - 24.80271: Bir organ/eklem/bölge/alanda yapılan MR incelemesi ile birlikte aynı seansta, aynı/farklı organ/eklem/bölge/alanda MR incelemesi yapılır ise, (incelemenin tümünü kapsayan özel bir tanım yoksa), birimi en büyük olan inceleme biriminin tamamı, sonraki her bir organ, eklem, bölge, alan inceleme biriminin 2/3 ü dikkate alınarak ücretlendirilir. RADYOLOJİ - 24.00001: Radyolojik incelemelerde kullanılan kontrast ilaç ve tıbbi sarf malzeme ücretleri (aksi belirtilmemiş ise) işleme dahil değildir, ayrıca ücretlendirilir. Radyolojik incelemenin değerlendirilmesi, yorumlanması ve raporlandırılması Radyoloji Uzmanı tarafından (mutlaka) yapılmalıdır. Radyoloji uzmanı raporuna adını, diploma ve uzmanlık numarasını yazarak imzalamalıdır. Radyolojik girişimlerde, Genel İlkelerin 00.57882 kodlu maddesi (ilgili bölümde/tanımda aksine bir açıklama yoksa) uygulanmaz. Aynı seansta birden fazla radyoloji incelemesi yapılması halinde, (ilgili bölüm/işlem öz",new,canonical_together_target_not_found,pending,
engine_proposal_f02fb3c8620a4042f3c7465d,B,24.84181,"Kardiyak canlılık (viabilite), 1 Tesla ve üzeri MR cihazları için",sure,partial,24.84181,,{},HUV_06052025.xlsx,"MANYETİK REZONANS GÖRÜNTÜLEME (MR/MRG) - 24.80271: Bir organ/eklem/bölge/alanda yapılan MR incelemesi ile birlikte aynı seansta, aynı/farklı organ/eklem/bölge/alanda MR incelemesi yapılır ise, (incelemenin tümünü kapsayan özel bir tanım yoksa), birimi en büyük olan inceleme biriminin tamamı, sonraki her bir organ, eklem, bölge, alan inceleme biriminin 2/3 ü dikkate alınarak ücretlendirilir. RADYOLOJİ - 24.00001: Radyolojik incelemelerde kullanılan kontrast ilaç ve tıbbi sarf malzeme ücretleri (aksi belirtilmemiş ise) işleme dahil değildir, ayrıca ücretlendirilir. Radyolojik incelemenin değerlendirilmesi, yorumlanması ve raporlandırılması Radyoloji Uzmanı tarafından (mutlaka) yapılmalıdır. Radyoloji uzmanı raporuna adını, diploma ve uzmanlık numarasını yazarak imzalamalıdır. Radyolojik girişimlerde, Genel İlkelerin 00.57882 kodlu maddesi (ilgili bölümde/tanımda aksine bir açıklama yoksa) uygulanmaz. Aynı seansta birden fazla radyoloji incelemesi yapılması halinde, (ilgili bölüm/işlem öz",new,explicit_frequency_fields_not_parsed,pending,
engine_proposal_26b727ef7f799db5b0a768db,B,24.84411,"Koroner MRG, 1 Tesla ve üzeri MR cihazları için",birlikteOdenmez,partial,24.84411,,{},HUV_06052025.xlsx,"MANYETİK REZONANS GÖRÜNTÜLEME (MR/MRG) - 24.80271: Bir organ/eklem/bölge/alanda yapılan MR incelemesi ile birlikte aynı seansta, aynı/farklı organ/eklem/bölge/alanda MR incelemesi yapılır ise, (incelemenin tümünü kapsayan özel bir tanım yoksa), birimi en büyük olan inceleme biriminin tamamı, sonraki her bir organ, eklem, bölge, alan inceleme biriminin 2/3 ü dikkate alınarak ücretlendirilir. RADYOLOJİ - 24.00001: Radyolojik incelemelerde kullanılan kontrast ilaç ve tıbbi sarf malzeme ücretleri (aksi belirtilmemiş ise) işleme dahil değildir, ayrıca ücretlendirilir. Radyolojik incelemenin değerlendirilmesi, yorumlanması ve raporlandırılması Radyoloji Uzmanı tarafından (mutlaka) yapılmalıdır. Radyoloji uzmanı raporuna adını, diploma ve uzmanlık numarasını yazarak imzalamalıdır. Radyolojik girişimlerde, Genel İlkelerin 00.57882 kodlu maddesi (ilgili bölümde/tanımda aksine bir açıklama yoksa) uygulanmaz. Aynı seansta birden fazla radyoloji incelemesi yapılması halinde, (ilgili bölüm/işlem öz",new,canonical_together_target_not_found,pending,
engine_proposal_0adbc3961e6567c679ffb9ff,B,24.84411,"Koroner MRG, 1 Tesla ve üzeri MR cihazları için",sure,partial,24.84411,,{},HUV_06052025.xlsx,"MANYETİK REZONANS GÖRÜNTÜLEME (MR/MRG) - 24.80271: Bir organ/eklem/bölge/alanda yapılan MR incelemesi ile birlikte aynı seansta, aynı/farklı organ/eklem/bölge/alanda MR incelemesi yapılır ise, (incelemenin tümünü kapsayan özel bir tanım yoksa), birimi en büyük olan inceleme biriminin tamamı, sonraki her bir organ, eklem, bölge, alan inceleme biriminin 2/3 ü dikkate alınarak ücretlendirilir. RADYOLOJİ - 24.00001: Radyolojik incelemelerde kullanılan kontrast ilaç ve tıbbi sarf malzeme ücretleri (aksi belirtilmemiş ise) işleme dahil değildir, ayrıca ücretlendirilir. Radyolojik incelemenin değerlendirilmesi, yorumlanması ve raporlandırılması Radyoloji Uzmanı tarafından (mutlaka) yapılmalıdır. Radyoloji uzmanı raporuna adını, diploma ve uzmanlık numarasını yazarak imzalamalıdır. Radyolojik girişimlerde, Genel İlkelerin 00.57882 kodlu maddesi (ilgili bölümde/tanımda aksine bir açıklama yoksa) uygulanmaz. Aynı seansta birden fazla radyoloji incelemesi yapılması halinde, (ilgili bölüm/işlem öz",new,explicit_frequency_fields_not_parsed,pending,
engine_proposal_300a070983c833e310d5dbe4,B,24.84641,"Meme MRG, tek meme, 1 Tesla ve üzeri MR cihazları için",birlikteOdenmez,partial,24.84641,,{},HUV_06052025.xlsx,"MANYETİK REZONANS GÖRÜNTÜLEME (MR/MRG) - 24.80271: Bir organ/eklem/bölge/alanda yapılan MR incelemesi ile birlikte aynı seansta, aynı/farklı organ/eklem/bölge/alanda MR incelemesi yapılır ise, (incelemenin tümünü kapsayan özel bir tanım yoksa), birimi en büyük olan inceleme biriminin tamamı, sonraki her bir organ, eklem, bölge, alan inceleme biriminin 2/3 ü dikkate alınarak ücretlendirilir. RADYOLOJİ - 24.00001: Radyolojik incelemelerde kullanılan kontrast ilaç ve tıbbi sarf malzeme ücretleri (aksi belirtilmemiş ise) işleme dahil değildir, ayrıca ücretlendirilir. Radyolojik incelemenin değerlendirilmesi, yorumlanması ve raporlandırılması Radyoloji Uzmanı tarafından (mutlaka) yapılmalıdır. Radyoloji uzmanı raporuna adını, diploma ve uzmanlık numarasını yazarak imzalamalıdır. Radyolojik girişimlerde, Genel İlkelerin 00.57882 kodlu maddesi (ilgili bölümde/tanımda aksine bir açıklama yoksa) uygulanmaz. Aynı seansta birden fazla radyoloji incelemesi yapılması halinde, (ilgili bölüm/işlem öz",new,canonical_together_target_not_found,pending,
engine_proposal_359f176e6b251dbff6ed09f8,B,24.84641,"Meme MRG, tek meme, 1 Tesla ve üzeri MR cihazları için",sure,partial,24.84641,,{},HUV_06052025.xlsx,"MANYETİK REZONANS GÖRÜNTÜLEME (MR/MRG) - 24.80271: Bir organ/eklem/bölge/alanda yapılan MR incelemesi ile birlikte aynı seansta, aynı/farklı organ/eklem/bölge/alanda MR incelemesi yapılır ise, (incelemenin tümünü kapsayan özel bir tanım yoksa), birimi en büyük olan inceleme biriminin tamamı, sonraki her bir organ, eklem, bölge, alan inceleme biriminin 2/3 ü dikkate alınarak ücretlendirilir. RADYOLOJİ - 24.00001: Radyolojik incelemelerde kullanılan kontrast ilaç ve tıbbi sarf malzeme ücretleri (aksi belirtilmemiş ise) işleme dahil değildir, ayrıca ücretlendirilir. Radyolojik incelemenin değerlendirilmesi, yorumlanması ve raporlandırılması Radyoloji Uzmanı tarafından (mutlaka) yapılmalıdır. Radyoloji uzmanı raporuna adını, diploma ve uzmanlık numarasını yazarak imzalamalıdır. Radyolojik girişimlerde, Genel İlkelerin 00.57882 kodlu maddesi (ilgili bölümde/tanımda aksine bir açıklama yoksa) uygulanmaz. Aynı seansta birden fazla radyoloji incelemesi yapılması halinde, (ilgili bölüm/işlem öz",new,explicit_frequency_fields_not_parsed,pending,
engine_proposal_7cacc08e22c762fb5ba75d9f,B,24.84871,"Meme MRG, iki meme, 1 Tesla ve üzeri MR cihazları için",birlikteOdenmez,partial,24.84871,,{},HUV_06052025.xlsx,"MANYETİK REZONANS GÖRÜNTÜLEME (MR/MRG) - 24.80271: Bir organ/eklem/bölge/alanda yapılan MR incelemesi ile birlikte aynı seansta, aynı/farklı organ/eklem/bölge/alanda MR incelemesi yapılır ise, (incelemenin tümünü kapsayan özel bir tanım yoksa), birimi en büyük olan inceleme biriminin tamamı, sonraki her bir organ, eklem, bölge, alan inceleme biriminin 2/3 ü dikkate alınarak ücretlendirilir. RADYOLOJİ - 24.00001: Radyolojik incelemelerde kullanılan kontrast ilaç ve tıbbi sarf malzeme ücretleri (aksi belirtilmemiş ise) işleme dahil değildir, ayrıca ücretlendirilir. Radyolojik incelemenin değerlendirilmesi, yorumlanması ve raporlandırılması Radyoloji Uzmanı tarafından (mutlaka) yapılmalıdır. Radyoloji uzmanı raporuna adını, diploma ve uzmanlık numarasını yazarak imzalamalıdır. Radyolojik girişimlerde, Genel İlkelerin 00.57882 kodlu maddesi (ilgili bölümde/tanımda aksine bir açıklama yoksa) uygulanmaz. Aynı seansta birden fazla radyoloji incelemesi yapılması halinde, (ilgili bölüm/işlem öz",new,canonical_together_target_not_found,pending,
engine_proposal_c3fbdc3789acac22cf85760e,B,24.84871,"Meme MRG, iki meme, 1 Tesla ve üzeri MR cihazları için",sure,partial,24.84871,,{},HUV_06052025.xlsx,"MANYETİK REZONANS GÖRÜNTÜLEME (MR/MRG) - 24.80271: Bir organ/eklem/bölge/alanda yapılan MR incelemesi ile birlikte aynı seansta, aynı/farklı organ/eklem/bölge/alanda MR incelemesi yapılır ise, (incelemenin tümünü kapsayan özel bir tanım yoksa), birimi en büyük olan inceleme biriminin tamamı, sonraki her bir organ, eklem, bölge, alan inceleme biriminin 2/3 ü dikkate alınarak ücretlendirilir. RADYOLOJİ - 24.00001: Radyolojik incelemelerde kullanılan kontrast ilaç ve tıbbi sarf malzeme ücretleri (aksi belirtilmemiş ise) işleme dahil değildir, ayrıca ücretlendirilir. Radyolojik incelemenin değerlendirilmesi, yorumlanması ve raporlandırılması Radyoloji Uzmanı tarafından (mutlaka) yapılmalıdır. Radyoloji uzmanı raporuna adını, diploma ve uzmanlık numarasını yazarak imzalamalıdır. Radyolojik girişimlerde, Genel İlkelerin 00.57882 kodlu maddesi (ilgili bölümde/tanımda aksine bir açıklama yoksa) uygulanmaz. Aynı seansta birden fazla radyoloji incelemesi yapılması halinde, (ilgili bölüm/işlem öz",new,explicit_frequency_fields_not_parsed,pending,
engine_proposal_7ca18269742507d1101ca56c,B,24.85101,"Meme MRG (tek meme, özel meme sarmalı ile, postprocessing dahil), 1 Tesla ve üzeri MR cihazları için",birlikteOdenmez,partial,24.85101,,{},HUV_06052025.xlsx,"MANYETİK REZONANS GÖRÜNTÜLEME (MR/MRG) - 24.80271: Bir organ/eklem/bölge/alanda yapılan MR incelemesi ile birlikte aynı seansta, aynı/farklı organ/eklem/bölge/alanda MR incelemesi yapılır ise, (incelemenin tümünü kapsayan özel bir tanım yoksa), birimi en büyük olan inceleme biriminin tamamı, sonraki her bir organ, eklem, bölge, alan inceleme biriminin 2/3 ü dikkate alınarak ücretlendirilir. RADYOLOJİ - 24.00001: Radyolojik incelemelerde kullanılan kontrast ilaç ve tıbbi sarf malzeme ücretleri (aksi belirtilmemiş ise) işleme dahil değildir, ayrıca ücretlendirilir. Radyolojik incelemenin değerlendirilmesi, yorumlanması ve raporlandırılması Radyoloji Uzmanı tarafından (mutlaka) yapılmalıdır. Radyoloji uzmanı raporuna adını, diploma ve uzmanlık numarasını yazarak imzalamalıdır. Radyolojik girişimlerde, Genel İlkelerin 00.57882 kodlu maddesi (ilgili bölümde/tanımda aksine bir açıklama yoksa) uygulanmaz. Aynı seansta birden fazla radyoloji incelemesi yapılması halinde, (ilgili bölüm/işlem öz",new,canonical_together_target_not_found,pending,
engine_proposal_e677da9fdcab32470f6d5897,B,24.85101,"Meme MRG (tek meme, özel meme sarmalı ile, postprocessing dahil), 1 Tesla ve üzeri MR cihazları için",sure,partial,24.85101,,{},HUV_06052025.xlsx,"MANYETİK REZONANS GÖRÜNTÜLEME (MR/MRG) - 24.80271: Bir organ/eklem/bölge/alanda yapılan MR incelemesi ile birlikte aynı seansta, aynı/farklı organ/eklem/bölge/alanda MR incelemesi yapılır ise, (incelemenin tümünü kapsayan özel bir tanım yoksa), birimi en büyük olan inceleme biriminin tamamı, sonraki her bir organ, eklem, bölge, alan inceleme biriminin 2/3 ü dikkate alınarak ücretlendirilir. RADYOLOJİ - 24.00001: Radyolojik incelemelerde kullanılan kontrast ilaç ve tıbbi sarf malzeme ücretleri (aksi belirtilmemiş ise) işleme dahil değildir, ayrıca ücretlendirilir. Radyolojik incelemenin değerlendirilmesi, yorumlanması ve raporlandırılması Radyoloji Uzmanı tarafından (mutlaka) yapılmalıdır. Radyoloji uzmanı raporuna adını, diploma ve uzmanlık numarasını yazarak imzalamalıdır. Radyolojik girişimlerde, Genel İlkelerin 00.57882 kodlu maddesi (ilgili bölümde/tanımda aksine bir açıklama yoksa) uygulanmaz. Aynı seansta birden fazla radyoloji incelemesi yapılması halinde, (ilgili bölüm/işlem öz",new,explicit_frequency_fields_not_parsed,pending,
engine_proposal_bf1267a09a268b8d7d9dec78,B,24.85331,"Meme MRG (iki meme, özel meme sarmalı ile, postprocessing dahil), 1 Tesla ve üzeri MR cihazları için",birlikteOdenmez,partial,24.85331,,{},HUV_06052025.xlsx,"MANYETİK REZONANS GÖRÜNTÜLEME (MR/MRG) - 24.80271: Bir organ/eklem/bölge/alanda yapılan MR incelemesi ile birlikte aynı seansta, aynı/farklı organ/eklem/bölge/alanda MR incelemesi yapılır ise, (incelemenin tümünü kapsayan özel bir tanım yoksa), birimi en büyük olan inceleme biriminin tamamı, sonraki her bir organ, eklem, bölge, alan inceleme biriminin 2/3 ü dikkate alınarak ücretlendirilir. RADYOLOJİ - 24.00001: Radyolojik incelemelerde kullanılan kontrast ilaç ve tıbbi sarf malzeme ücretleri (aksi belirtilmemiş ise) işleme dahil değildir, ayrıca ücretlendirilir. Radyolojik incelemenin değerlendirilmesi, yorumlanması ve raporlandırılması Radyoloji Uzmanı tarafından (mutlaka) yapılmalıdır. Radyoloji uzmanı raporuna adını, diploma ve uzmanlık numarasını yazarak imzalamalıdır. Radyolojik girişimlerde, Genel İlkelerin 00.57882 kodlu maddesi (ilgili bölümde/tanımda aksine bir açıklama yoksa) uygulanmaz. Aynı seansta birden fazla radyoloji incelemesi yapılması halinde, (ilgili bölüm/işlem öz",new,canonical_together_target_not_found,pending,
engine_proposal_f1d8f63ae996510203173b5d,B,24.85331,"Meme MRG (iki meme, özel meme sarmalı ile, postprocessing dahil), 1 Tesla ve üzeri MR cihazları için",sure,partial,24.85331,,{},HUV_06052025.xlsx,"MANYETİK REZONANS GÖRÜNTÜLEME (MR/MRG) - 24.80271: Bir organ/eklem/bölge/alanda yapılan MR incelemesi ile birlikte aynı seansta, aynı/farklı organ/eklem/bölge/alanda MR incelemesi yapılır ise, (incelemenin tümünü kapsayan özel bir tanım yoksa), birimi en büyük olan inceleme biriminin tamamı, sonraki her bir organ, eklem, bölge, alan inceleme biriminin 2/3 ü dikkate alınarak ücretlendirilir. RADYOLOJİ - 24.00001: Radyolojik incelemelerde kullanılan kontrast ilaç ve tıbbi sarf malzeme ücretleri (aksi belirtilmemiş ise) işleme dahil değildir, ayrıca ücretlendirilir. Radyolojik incelemenin değerlendirilmesi, yorumlanması ve raporlandırılması Radyoloji Uzmanı tarafından (mutlaka) yapılmalıdır. Radyoloji uzmanı raporuna adını, diploma ve uzmanlık numarasını yazarak imzalamalıdır. Radyolojik girişimlerde, Genel İlkelerin 00.57882 kodlu maddesi (ilgili bölümde/tanımda aksine bir açıklama yoksa) uygulanmaz. Aynı seansta birden fazla radyoloji incelemesi yapılması halinde, (ilgili bölüm/işlem öz",new,explicit_frequency_fields_not_parsed,pending,
engine_proposal_1f7556574a6309d6dc12b4f7,B,24.85561,"Üst abdomen MRG, 1 Tesla ve üzeri MR cihazları için",birlikteOdenmez,partial,24.85561,,{},HUV_06052025.xlsx,"MANYETİK REZONANS GÖRÜNTÜLEME (MR/MRG) - 24.80271: Bir organ/eklem/bölge/alanda yapılan MR incelemesi ile birlikte aynı seansta, aynı/farklı organ/eklem/bölge/alanda MR incelemesi yapılır ise, (incelemenin tümünü kapsayan özel bir tanım yoksa), birimi en büyük olan inceleme biriminin tamamı, sonraki her bir organ, eklem, bölge, alan inceleme biriminin 2/3 ü dikkate alınarak ücretlendirilir. RADYOLOJİ - 24.00001: Radyolojik incelemelerde kullanılan kontrast ilaç ve tıbbi sarf malzeme ücretleri (aksi belirtilmemiş ise) işleme dahil değildir, ayrıca ücretlendirilir. Radyolojik incelemenin değerlendirilmesi, yorumlanması ve raporlandırılması Radyoloji Uzmanı tarafından (mutlaka) yapılmalıdır. Radyoloji uzmanı raporuna adını, diploma ve uzmanlık numarasını yazarak imzalamalıdır. Radyolojik girişimlerde, Genel İlkelerin 00.57882 kodlu maddesi (ilgili bölümde/tanımda aksine bir açıklama yoksa) uygulanmaz. Aynı seansta birden fazla radyoloji incelemesi yapılması halinde, (ilgili bölüm/işlem öz",new,canonical_together_target_not_found,pending,
engine_proposal_f24becb6240e740d6647a9c7,B,24.85561,"Üst abdomen MRG, 1 Tesla ve üzeri MR cihazları için",sure,partial,24.85561,,{},HUV_06052025.xlsx,"MANYETİK REZONANS GÖRÜNTÜLEME (MR/MRG) - 24.80271: Bir organ/eklem/bölge/alanda yapılan MR incelemesi ile birlikte aynı seansta, aynı/farklı organ/eklem/bölge/alanda MR incelemesi yapılır ise, (incelemenin tümünü kapsayan özel bir tanım yoksa), birimi en büyük olan inceleme biriminin tamamı, sonraki her bir organ, eklem, bölge, alan inceleme biriminin 2/3 ü dikkate alınarak ücretlendirilir. RADYOLOJİ - 24.00001: Radyolojik incelemelerde kullanılan kontrast ilaç ve tıbbi sarf malzeme ücretleri (aksi belirtilmemiş ise) işleme dahil değildir, ayrıca ücretlendirilir. Radyolojik incelemenin değerlendirilmesi, yorumlanması ve raporlandırılması Radyoloji Uzmanı tarafından (mutlaka) yapılmalıdır. Radyoloji uzmanı raporuna adını, diploma ve uzmanlık numarasını yazarak imzalamalıdır. Radyolojik girişimlerde, Genel İlkelerin 00.57882 kodlu maddesi (ilgili bölümde/tanımda aksine bir açıklama yoksa) uygulanmaz. Aynı seansta birden fazla radyoloji incelemesi yapılması halinde, (ilgili bölüm/işlem öz",new,explicit_frequency_fields_not_parsed,pending,
engine_proposal_d1dcc554029c0941c533d6f6,B,24.85791,"Alt abdomen MRG, 1 Tesla ve üzeri MR cihazları için",birlikteOdenmez,partial,24.85791,,{},HUV_06052025.xlsx,"MANYETİK REZONANS GÖRÜNTÜLEME (MR/MRG) - 24.80271: Bir organ/eklem/bölge/alanda yapılan MR incelemesi ile birlikte aynı seansta, aynı/farklı organ/eklem/bölge/alanda MR incelemesi yapılır ise, (incelemenin tümünü kapsayan özel bir tanım yoksa), birimi en büyük olan inceleme biriminin tamamı, sonraki her bir organ, eklem, bölge, alan inceleme biriminin 2/3 ü dikkate alınarak ücretlendirilir. RADYOLOJİ - 24.00001: Radyolojik incelemelerde kullanılan kontrast ilaç ve tıbbi sarf malzeme ücretleri (aksi belirtilmemiş ise) işleme dahil değildir, ayrıca ücretlendirilir. Radyolojik incelemenin değerlendirilmesi, yorumlanması ve raporlandırılması Radyoloji Uzmanı tarafından (mutlaka) yapılmalıdır. Radyoloji uzmanı raporuna adını, diploma ve uzmanlık numarasını yazarak imzalamalıdır. Radyolojik girişimlerde, Genel İlkelerin 00.57882 kodlu maddesi (ilgili bölümde/tanımda aksine bir açıklama yoksa) uygulanmaz. Aynı seansta birden fazla radyoloji incelemesi yapılması halinde, (ilgili bölüm/işlem öz",new,canonical_together_target_not_found,pending,
engine_proposal_aebc44b8422e4a831ec9210a,B,24.85791,"Alt abdomen MRG, 1 Tesla ve üzeri MR cihazları için",sure,partial,24.85791,,{},HUV_06052025.xlsx,"MANYETİK REZONANS GÖRÜNTÜLEME (MR/MRG) - 24.80271: Bir organ/eklem/bölge/alanda yapılan MR incelemesi ile birlikte aynı seansta, aynı/farklı organ/eklem/bölge/alanda MR incelemesi yapılır ise, (incelemenin tümünü kapsayan özel bir tanım yoksa), birimi en büyük olan inceleme biriminin tamamı, sonraki her bir organ, eklem, bölge, alan inceleme biriminin 2/3 ü dikkate alınarak ücretlendirilir. RADYOLOJİ - 24.00001: Radyolojik incelemelerde kullanılan kontrast ilaç ve tıbbi sarf malzeme ücretleri (aksi belirtilmemiş ise) işleme dahil değildir, ayrıca ücretlendirilir. Radyolojik incelemenin değerlendirilmesi, yorumlanması ve raporlandırılması Radyoloji Uzmanı tarafından (mutlaka) yapılmalıdır. Radyoloji uzmanı raporuna adını, diploma ve uzmanlık numarasını yazarak imzalamalıdır. Radyolojik girişimlerde, Genel İlkelerin 00.57882 kodlu maddesi (ilgili bölümde/tanımda aksine bir açıklama yoksa) uygulanmaz. Aynı seansta birden fazla radyoloji incelemesi yapılması halinde, (ilgili bölüm/işlem öz",new,explicit_frequency_fields_not_parsed,pending,
engine_proposal_69179a241d3648c58e2a6b50,B,24.86021,"Tüm abdomen MRG, 1 Tesla ve üzeri MR cihazları için",birlikteOdenmez,partial,24.86021,,{},HUV_06052025.xlsx,"MANYETİK REZONANS GÖRÜNTÜLEME (MR/MRG) - 24.80271: Bir organ/eklem/bölge/alanda yapılan MR incelemesi ile birlikte aynı seansta, aynı/farklı organ/eklem/bölge/alanda MR incelemesi yapılır ise, (incelemenin tümünü kapsayan özel bir tanım yoksa), birimi en büyük olan inceleme biriminin tamamı, sonraki her bir organ, eklem, bölge, alan inceleme biriminin 2/3 ü dikkate alınarak ücretlendirilir. RADYOLOJİ - 24.00001: Radyolojik incelemelerde kullanılan kontrast ilaç ve tıbbi sarf malzeme ücretleri (aksi belirtilmemiş ise) işleme dahil değildir, ayrıca ücretlendirilir. Radyolojik incelemenin değerlendirilmesi, yorumlanması ve raporlandırılması Radyoloji Uzmanı tarafından (mutlaka) yapılmalıdır. Radyoloji uzmanı raporuna adını, diploma ve uzmanlık numarasını yazarak imzalamalıdır. Radyolojik girişimlerde, Genel İlkelerin 00.57882 kodlu maddesi (ilgili bölümde/tanımda aksine bir açıklama yoksa) uygulanmaz. Aynı seansta birden fazla radyoloji incelemesi yapılması halinde, (ilgili bölüm/işlem öz",new,canonical_together_target_not_found,pending,
engine_proposal_49cafed2e9b69817a3e70f31,B,24.86021,"Tüm abdomen MRG, 1 Tesla ve üzeri MR cihazları için",sure,partial,24.86021,,{},HUV_06052025.xlsx,"MANYETİK REZONANS GÖRÜNTÜLEME (MR/MRG) - 24.80271: Bir organ/eklem/bölge/alanda yapılan MR incelemesi ile birlikte aynı seansta, aynı/farklı organ/eklem/bölge/alanda MR incelemesi yapılır ise, (incelemenin tümünü kapsayan özel bir tanım yoksa), birimi en büyük olan inceleme biriminin tamamı, sonraki her bir organ, eklem, bölge, alan inceleme biriminin 2/3 ü dikkate alınarak ücretlendirilir. RADYOLOJİ - 24.00001: Radyolojik incelemelerde kullanılan kontrast ilaç ve tıbbi sarf malzeme ücretleri (aksi belirtilmemiş ise) işleme dahil değildir, ayrıca ücretlendirilir. Radyolojik incelemenin değerlendirilmesi, yorumlanması ve raporlandırılması Radyoloji Uzmanı tarafından (mutlaka) yapılmalıdır. Radyoloji uzmanı raporuna adını, diploma ve uzmanlık numarasını yazarak imzalamalıdır. Radyolojik girişimlerde, Genel İlkelerin 00.57882 kodlu maddesi (ilgili bölümde/tanımda aksine bir açıklama yoksa) uygulanmaz. Aynı seansta birden fazla radyoloji incelemesi yapılması halinde, (ilgili bölüm/işlem öz",new,explicit_frequency_fields_not_parsed,pending,
engine_proposal_d1cde23543e1b8cc971bc8bf,B,24.86251,"Prostat MRG (endorektal sarmal ile), 1 Tesla ve üzeri cihazla",birlikteOdenmez,partial,24.86251,,{},HUV_06052025.xlsx,"MANYETİK REZONANS GÖRÜNTÜLEME (MR/MRG) - 24.80271: Bir organ/eklem/bölge/alanda yapılan MR incelemesi ile birlikte aynı seansta, aynı/farklı organ/eklem/bölge/alanda MR incelemesi yapılır ise, (incelemenin tümünü kapsayan özel bir tanım yoksa), birimi en büyük olan inceleme biriminin tamamı, sonraki her bir organ, eklem, bölge, alan inceleme biriminin 2/3 ü dikkate alınarak ücretlendirilir. RADYOLOJİ - 24.00001: Radyolojik incelemelerde kullanılan kontrast ilaç ve tıbbi sarf malzeme ücretleri (aksi belirtilmemiş ise) işleme dahil değildir, ayrıca ücretlendirilir. Radyolojik incelemenin değerlendirilmesi, yorumlanması ve raporlandırılması Radyoloji Uzmanı tarafından (mutlaka) yapılmalıdır. Radyoloji uzmanı raporuna adını, diploma ve uzmanlık numarasını yazarak imzalamalıdır. Radyolojik girişimlerde, Genel İlkelerin 00.57882 kodlu maddesi (ilgili bölümde/tanımda aksine bir açıklama yoksa) uygulanmaz. Aynı seansta birden fazla radyoloji incelemesi yapılması halinde, (ilgili bölüm/işlem öz",new,canonical_together_target_not_found,pending,
engine_proposal_bd92618bfce733df0a7769f4,B,24.86251,"Prostat MRG (endorektal sarmal ile), 1 Tesla ve üzeri cihazla",sure,partial,24.86251,,{},HUV_06052025.xlsx,"MANYETİK REZONANS GÖRÜNTÜLEME (MR/MRG) - 24.80271: Bir organ/eklem/bölge/alanda yapılan MR incelemesi ile birlikte aynı seansta, aynı/farklı organ/eklem/bölge/alanda MR incelemesi yapılır ise, (incelemenin tümünü kapsayan özel bir tanım yoksa), birimi en büyük olan inceleme biriminin tamamı, sonraki her bir organ, eklem, bölge, alan inceleme biriminin 2/3 ü dikkate alınarak ücretlendirilir. RADYOLOJİ - 24.00001: Radyolojik incelemelerde kullanılan kontrast ilaç ve tıbbi sarf malzeme ücretleri (aksi belirtilmemiş ise) işleme dahil değildir, ayrıca ücretlendirilir. Radyolojik incelemenin değerlendirilmesi, yorumlanması ve raporlandırılması Radyoloji Uzmanı tarafından (mutlaka) yapılmalıdır. Radyoloji uzmanı raporuna adını, diploma ve uzmanlık numarasını yazarak imzalamalıdır. Radyolojik girişimlerde, Genel İlkelerin 00.57882 kodlu maddesi (ilgili bölümde/tanımda aksine bir açıklama yoksa) uygulanmaz. Aynı seansta birden fazla radyoloji incelemesi yapılması halinde, (ilgili bölüm/işlem öz",new,explicit_frequency_fields_not_parsed,pending,
engine_proposal_9e15addacc4635c8db86a6f6,B,24.86366,"Multiparametrik prostat MRG, 1.5 Tesla ve üzeri cihazla, yüzeysel sarmal ile",sure,partial,24.86366,,{},HUV_06052025.xlsx,"Bu işlemle (doğal olarak) birlikte yapılan 24.80961-Difüzyon MR ve 24.92001-MR Dinamik kontrastlı tetkik uygulamaları, işlemin kapsamındadır, ayrıca ücretlenmez. MANYETİK REZONANS GÖRÜNTÜLEME (MR/MRG) - 24.80271: Bir organ/eklem/bölge/alanda yapılan MR incelemesi ile birlikte aynı seansta, aynı/farklı organ/eklem/bölge/alanda MR incelemesi yapılır ise, (incelemenin tümünü kapsayan özel bir tanım yoksa), birimi en büyük olan inceleme biriminin tamamı, sonraki her bir organ, eklem, bölge, alan inceleme biriminin 2/3 ü dikkate alınarak ücretlendirilir. RADYOLOJİ - 24.00001: Radyolojik incelemelerde kullanılan kontrast ilaç ve tıbbi sarf malzeme ücretleri (aksi belirtilmemiş ise) işleme dahil değildir, ayrıca ücretlendirilir. Radyolojik incelemenin değerlendirilmesi, yorumlanması ve raporlandırılması Radyoloji Uzmanı tarafından (mutlaka) yapılmalıdır. Radyoloji uzmanı raporuna adını, diploma ve uzmanlık numarasını yazarak imzalamalıdır. Radyolojik girişimlerde, Genel İlkelerin 00.57882 kod",new,explicit_frequency_fields_not_parsed,pending,
engine_proposal_df1197df424164bf7e8f25ee,B,24.86423,"Multiparametrik prostat MRG, 1.5 Tesla ve üzeri cihazla, endorektal sarmal ile",sure,partial,24.86423,,{},HUV_06052025.xlsx,"Bu işlemle (doğal olarak) birlikte yapılan 24.80961-Difüzyon MR ve 24.92001-MR Dinamik kontrastlı tetkik uygulamaları, işlemin kapsamındadır, ayrıca ücretlenmez. MANYETİK REZONANS GÖRÜNTÜLEME (MR/MRG) - 24.80271: Bir organ/eklem/bölge/alanda yapılan MR incelemesi ile birlikte aynı seansta, aynı/farklı organ/eklem/bölge/alanda MR incelemesi yapılır ise, (incelemenin tümünü kapsayan özel bir tanım yoksa), birimi en büyük olan inceleme biriminin tamamı, sonraki her bir organ, eklem, bölge, alan inceleme biriminin 2/3 ü dikkate alınarak ücretlendirilir. RADYOLOJİ - 24.00001: Radyolojik incelemelerde kullanılan kontrast ilaç ve tıbbi sarf malzeme ücretleri (aksi belirtilmemiş ise) işleme dahil değildir, ayrıca ücretlendirilir. Radyolojik incelemenin değerlendirilmesi, yorumlanması ve raporlandırılması Radyoloji Uzmanı tarafından (mutlaka) yapılmalıdır. Radyoloji uzmanı raporuna adını, diploma ve uzmanlık numarasını yazarak imzalamalıdır. Radyolojik girişimlerde, Genel İlkelerin 00.57882 kod",new,explicit_frequency_fields_not_parsed,pending,
engine_proposal_bc53836fdd99b010997d71f7,B,24.86452,"Multiparametrik prostat MRG, 3.0 Tesla ve üzeri cihazla, yüzeysel sarmal ile",sure,partial,24.86452,,{},HUV_06052025.xlsx,"Bu işlemle (doğal olarak) birlikte yapılan 24.80961-Difüzyon MR ve 24.92001-MR Dinamik kontrastlı tetkik uygulamaları, işlemin kapsamındadır, ayrıca ücretlenmez. MANYETİK REZONANS GÖRÜNTÜLEME (MR/MRG) - 24.80271: Bir organ/eklem/bölge/alanda yapılan MR incelemesi ile birlikte aynı seansta, aynı/farklı organ/eklem/bölge/alanda MR incelemesi yapılır ise, (incelemenin tümünü kapsayan özel bir tanım yoksa), birimi en büyük olan inceleme biriminin tamamı, sonraki her bir organ, eklem, bölge, alan inceleme biriminin 2/3 ü dikkate alınarak ücretlendirilir. RADYOLOJİ - 24.00001: Radyolojik incelemelerde kullanılan kontrast ilaç ve tıbbi sarf malzeme ücretleri (aksi belirtilmemiş ise) işleme dahil değildir, ayrıca ücretlendirilir. Radyolojik incelemenin değerlendirilmesi, yorumlanması ve raporlandırılması Radyoloji Uzmanı tarafından (mutlaka) yapılmalıdır. Radyoloji uzmanı raporuna adını, diploma ve uzmanlık numarasını yazarak imzalamalıdır. Radyolojik girişimlerde, Genel İlkelerin 00.57882 kod",new,explicit_frequency_fields_not_parsed,pending,
engine_proposal_0f40805d39fccc571e9962f5,B,24.86466,"Multiparametrik prostat MRG, 3.0 Tesla ve üzeri cihazla, endorektal sarmal ile",sure,partial,24.86466,,{},HUV_06052025.xlsx,"Bu işlemle (doğal olarak) birlikte yapılan 24.80961-Difüzyon MR ve 24.92001-MR Dinamik kontrastlı tetkik uygulamaları, işlemin kapsamındadır, ayrıca ücretlenmez. MANYETİK REZONANS GÖRÜNTÜLEME (MR/MRG) - 24.80271: Bir organ/eklem/bölge/alanda yapılan MR incelemesi ile birlikte aynı seansta, aynı/farklı organ/eklem/bölge/alanda MR incelemesi yapılır ise, (incelemenin tümünü kapsayan özel bir tanım yoksa), birimi en büyük olan inceleme biriminin tamamı, sonraki her bir organ, eklem, bölge, alan inceleme biriminin 2/3 ü dikkate alınarak ücretlendirilir. RADYOLOJİ - 24.00001: Radyolojik incelemelerde kullanılan kontrast ilaç ve tıbbi sarf malzeme ücretleri (aksi belirtilmemiş ise) işleme dahil değildir, ayrıca ücretlendirilir. Radyolojik incelemenin değerlendirilmesi, yorumlanması ve raporlandırılması Radyoloji Uzmanı tarafından (mutlaka) yapılmalıdır. Radyoloji uzmanı raporuna adını, diploma ve uzmanlık numarasını yazarak imzalamalıdır. Radyolojik girişimlerde, Genel İlkelerin 00.57882 kod",new,explicit_frequency_fields_not_parsed,pending,
engine_proposal_b7c32ae38c5414e9a4e713c5,B,24.86481,"Rektal MRG (transrektal sarmal ile), 1 Tesla ve üzeri MR cihazları için",birlikteOdenmez,partial,24.86481,,{},HUV_06052025.xlsx,"MANYETİK REZONANS GÖRÜNTÜLEME (MR/MRG) - 24.80271: Bir organ/eklem/bölge/alanda yapılan MR incelemesi ile birlikte aynı seansta, aynı/farklı organ/eklem/bölge/alanda MR incelemesi yapılır ise, (incelemenin tümünü kapsayan özel bir tanım yoksa), birimi en büyük olan inceleme biriminin tamamı, sonraki her bir organ, eklem, bölge, alan inceleme biriminin 2/3 ü dikkate alınarak ücretlendirilir. RADYOLOJİ - 24.00001: Radyolojik incelemelerde kullanılan kontrast ilaç ve tıbbi sarf malzeme ücretleri (aksi belirtilmemiş ise) işleme dahil değildir, ayrıca ücretlendirilir. Radyolojik incelemenin değerlendirilmesi, yorumlanması ve raporlandırılması Radyoloji Uzmanı tarafından (mutlaka) yapılmalıdır. Radyoloji uzmanı raporuna adını, diploma ve uzmanlık numarasını yazarak imzalamalıdır. Radyolojik girişimlerde, Genel İlkelerin 00.57882 kodlu maddesi (ilgili bölümde/tanımda aksine bir açıklama yoksa) uygulanmaz. Aynı seansta birden fazla radyoloji incelemesi yapılması halinde, (ilgili bölüm/işlem öz",new,canonical_together_target_not_found,pending,
engine_proposal_a11164a76fdac1a6c5fa5df0,B,24.86481,"Rektal MRG (transrektal sarmal ile), 1 Tesla ve üzeri MR cihazları için",sure,partial,24.86481,,{},HUV_06052025.xlsx,"MANYETİK REZONANS GÖRÜNTÜLEME (MR/MRG) - 24.80271: Bir organ/eklem/bölge/alanda yapılan MR incelemesi ile birlikte aynı seansta, aynı/farklı organ/eklem/bölge/alanda MR incelemesi yapılır ise, (incelemenin tümünü kapsayan özel bir tanım yoksa), birimi en büyük olan inceleme biriminin tamamı, sonraki her bir organ, eklem, bölge, alan inceleme biriminin 2/3 ü dikkate alınarak ücretlendirilir. RADYOLOJİ - 24.00001: Radyolojik incelemelerde kullanılan kontrast ilaç ve tıbbi sarf malzeme ücretleri (aksi belirtilmemiş ise) işleme dahil değildir, ayrıca ücretlendirilir. Radyolojik incelemenin değerlendirilmesi, yorumlanması ve raporlandırılması Radyoloji Uzmanı tarafından (mutlaka) yapılmalıdır. Radyoloji uzmanı raporuna adını, diploma ve uzmanlık numarasını yazarak imzalamalıdır. Radyolojik girişimlerde, Genel İlkelerin 00.57882 kodlu maddesi (ilgili bölümde/tanımda aksine bir açıklama yoksa) uygulanmaz. Aynı seansta birden fazla radyoloji incelemesi yapılması halinde, (ilgili bölüm/işlem öz",new,explicit_frequency_fields_not_parsed,pending,
engine_proposal_f92ea5600f30af76e1a4091d,B,24.86596,"MR Defekografi, 1 Tesla ve üzeri MR cihazları için",birlikteOdenmez,partial,24.86596,,{},HUV_06052025.xlsx,"MANYETİK REZONANS GÖRÜNTÜLEME (MR/MRG) - 24.80271: Bir organ/eklem/bölge/alanda yapılan MR incelemesi ile birlikte aynı seansta, aynı/farklı organ/eklem/bölge/alanda MR incelemesi yapılır ise, (incelemenin tümünü kapsayan özel bir tanım yoksa), birimi en büyük olan inceleme biriminin tamamı, sonraki her bir organ, eklem, bölge, alan inceleme biriminin 2/3 ü dikkate alınarak ücretlendirilir. RADYOLOJİ - 24.00001: Radyolojik incelemelerde kullanılan kontrast ilaç ve tıbbi sarf malzeme ücretleri (aksi belirtilmemiş ise) işleme dahil değildir, ayrıca ücretlendirilir. Radyolojik incelemenin değerlendirilmesi, yorumlanması ve raporlandırılması Radyoloji Uzmanı tarafından (mutlaka) yapılmalıdır. Radyoloji uzmanı raporuna adını, diploma ve uzmanlık numarasını yazarak imzalamalıdır. Radyolojik girişimlerde, Genel İlkelerin 00.57882 kodlu maddesi (ilgili bölümde/tanımda aksine bir açıklama yoksa) uygulanmaz. Aynı seansta birden fazla radyoloji incelemesi yapılması halinde, (ilgili bölüm/işlem öz",new,canonical_together_target_not_found,pending,
engine_proposal_31a1afa89c1f69b31bc8eca7,B,24.86596,"MR Defekografi, 1 Tesla ve üzeri MR cihazları için",sure,partial,24.86596,,{},HUV_06052025.xlsx,"MANYETİK REZONANS GÖRÜNTÜLEME (MR/MRG) - 24.80271: Bir organ/eklem/bölge/alanda yapılan MR incelemesi ile birlikte aynı seansta, aynı/farklı organ/eklem/bölge/alanda MR incelemesi yapılır ise, (incelemenin tümünü kapsayan özel bir tanım yoksa), birimi en büyük olan inceleme biriminin tamamı, sonraki her bir organ, eklem, bölge, alan inceleme biriminin 2/3 ü dikkate alınarak ücretlendirilir. RADYOLOJİ - 24.00001: Radyolojik incelemelerde kullanılan kontrast ilaç ve tıbbi sarf malzeme ücretleri (aksi belirtilmemiş ise) işleme dahil değildir, ayrıca ücretlendirilir. Radyolojik incelemenin değerlendirilmesi, yorumlanması ve raporlandırılması Radyoloji Uzmanı tarafından (mutlaka) yapılmalıdır. Radyoloji uzmanı raporuna adını, diploma ve uzmanlık numarasını yazarak imzalamalıdır. Radyolojik girişimlerde, Genel İlkelerin 00.57882 kodlu maddesi (ilgili bölümde/tanımda aksine bir açıklama yoksa) uygulanmaz. Aynı seansta birden fazla radyoloji incelemesi yapılması halinde, (ilgili bölüm/işlem öz",new,explicit_frequency_fields_not_parsed,pending,
engine_proposal_02cc4fe442331f1def3cb73a,B,24.86711,"Tek eklem MRG, 1 Tesla ve üzeri MR cihazları için",birlikteOdenmez,partial,24.86711,,{},HUV_06052025.xlsx,"MANYETİK REZONANS GÖRÜNTÜLEME (MR/MRG) - 24.80271: Bir organ/eklem/bölge/alanda yapılan MR incelemesi ile birlikte aynı seansta, aynı/farklı organ/eklem/bölge/alanda MR incelemesi yapılır ise, (incelemenin tümünü kapsayan özel bir tanım yoksa), birimi en büyük olan inceleme biriminin tamamı, sonraki her bir organ, eklem, bölge, alan inceleme biriminin 2/3 ü dikkate alınarak ücretlendirilir. RADYOLOJİ - 24.00001: Radyolojik incelemelerde kullanılan kontrast ilaç ve tıbbi sarf malzeme ücretleri (aksi belirtilmemiş ise) işleme dahil değildir, ayrıca ücretlendirilir. Radyolojik incelemenin değerlendirilmesi, yorumlanması ve raporlandırılması Radyoloji Uzmanı tarafından (mutlaka) yapılmalıdır. Radyoloji uzmanı raporuna adını, diploma ve uzmanlık numarasını yazarak imzalamalıdır. Radyolojik girişimlerde, Genel İlkelerin 00.57882 kodlu maddesi (ilgili bölümde/tanımda aksine bir açıklama yoksa) uygulanmaz. Aynı seansta birden fazla radyoloji incelemesi yapılması halinde, (ilgili bölüm/işlem öz",new,canonical_together_target_not_found,pending,
engine_proposal_a73cd12ccedb6f08f52fb863,B,24.86711,"Tek eklem MRG, 1 Tesla ve üzeri MR cihazları için",sure,partial,24.86711,,{},HUV_06052025.xlsx,"MANYETİK REZONANS GÖRÜNTÜLEME (MR/MRG) - 24.80271: Bir organ/eklem/bölge/alanda yapılan MR incelemesi ile birlikte aynı seansta, aynı/farklı organ/eklem/bölge/alanda MR incelemesi yapılır ise, (incelemenin tümünü kapsayan özel bir tanım yoksa), birimi en büyük olan inceleme biriminin tamamı, sonraki her bir organ, eklem, bölge, alan inceleme biriminin 2/3 ü dikkate alınarak ücretlendirilir. RADYOLOJİ - 24.00001: Radyolojik incelemelerde kullanılan kontrast ilaç ve tıbbi sarf malzeme ücretleri (aksi belirtilmemiş ise) işleme dahil değildir, ayrıca ücretlendirilir. Radyolojik incelemenin değerlendirilmesi, yorumlanması ve raporlandırılması Radyoloji Uzmanı tarafından (mutlaka) yapılmalıdır. Radyoloji uzmanı raporuna adını, diploma ve uzmanlık numarasını yazarak imzalamalıdır. Radyolojik girişimlerde, Genel İlkelerin 00.57882 kodlu maddesi (ilgili bölümde/tanımda aksine bir açıklama yoksa) uygulanmaz. Aynı seansta birden fazla radyoloji incelemesi yapılması halinde, (ilgili bölüm/işlem öz",new,explicit_frequency_fields_not_parsed,pending,
engine_proposal_334c5ed0730a40680dea7fec,B,24.86941,"Brakiyal pleksus MRG, tek taraf, 1 Tesla ve üzeri MR cihazları için",birlikteOdenmez,partial,24.86941,,{},HUV_06052025.xlsx,"MANYETİK REZONANS GÖRÜNTÜLEME (MR/MRG) - 24.80271: Bir organ/eklem/bölge/alanda yapılan MR incelemesi ile birlikte aynı seansta, aynı/farklı organ/eklem/bölge/alanda MR incelemesi yapılır ise, (incelemenin tümünü kapsayan özel bir tanım yoksa), birimi en büyük olan inceleme biriminin tamamı, sonraki her bir organ, eklem, bölge, alan inceleme biriminin 2/3 ü dikkate alınarak ücretlendirilir. RADYOLOJİ - 24.00001: Radyolojik incelemelerde kullanılan kontrast ilaç ve tıbbi sarf malzeme ücretleri (aksi belirtilmemiş ise) işleme dahil değildir, ayrıca ücretlendirilir. Radyolojik incelemenin değerlendirilmesi, yorumlanması ve raporlandırılması Radyoloji Uzmanı tarafından (mutlaka) yapılmalıdır. Radyoloji uzmanı raporuna adını, diploma ve uzmanlık numarasını yazarak imzalamalıdır. Radyolojik girişimlerde, Genel İlkelerin 00.57882 kodlu maddesi (ilgili bölümde/tanımda aksine bir açıklama yoksa) uygulanmaz. Aynı seansta birden fazla radyoloji incelemesi yapılması halinde, (ilgili bölüm/işlem öz",new,canonical_together_target_not_found,pending,
engine_proposal_ec348e22a4b833d345713f34,B,24.86941,"Brakiyal pleksus MRG, tek taraf, 1 Tesla ve üzeri MR cihazları için",sure,partial,24.86941,,{},HUV_06052025.xlsx,"MANYETİK REZONANS GÖRÜNTÜLEME (MR/MRG) - 24.80271: Bir organ/eklem/bölge/alanda yapılan MR incelemesi ile birlikte aynı seansta, aynı/farklı organ/eklem/bölge/alanda MR incelemesi yapılır ise, (incelemenin tümünü kapsayan özel bir tanım yoksa), birimi en büyük olan inceleme biriminin tamamı, sonraki her bir organ, eklem, bölge, alan inceleme biriminin 2/3 ü dikkate alınarak ücretlendirilir. RADYOLOJİ - 24.00001: Radyolojik incelemelerde kullanılan kontrast ilaç ve tıbbi sarf malzeme ücretleri (aksi belirtilmemiş ise) işleme dahil değildir, ayrıca ücretlendirilir. Radyolojik incelemenin değerlendirilmesi, yorumlanması ve raporlandırılması Radyoloji Uzmanı tarafından (mutlaka) yapılmalıdır. Radyoloji uzmanı raporuna adını, diploma ve uzmanlık numarasını yazarak imzalamalıdır. Radyolojik girişimlerde, Genel İlkelerin 00.57882 kodlu maddesi (ilgili bölümde/tanımda aksine bir açıklama yoksa) uygulanmaz. Aynı seansta birden fazla radyoloji incelemesi yapılması halinde, (ilgili bölüm/işlem öz",new,explicit_frequency_fields_not_parsed,pending,
engine_proposal_6ecd55735211a0890cb45339,B,24.87171,"Pelvis MRG, 1 Tesla ve üzeri MR cihazları için",birlikteOdenmez,partial,24.87171,,{},HUV_06052025.xlsx,"MANYETİK REZONANS GÖRÜNTÜLEME (MR/MRG) - 24.80271: Bir organ/eklem/bölge/alanda yapılan MR incelemesi ile birlikte aynı seansta, aynı/farklı organ/eklem/bölge/alanda MR incelemesi yapılır ise, (incelemenin tümünü kapsayan özel bir tanım yoksa), birimi en büyük olan inceleme biriminin tamamı, sonraki her bir organ, eklem, bölge, alan inceleme biriminin 2/3 ü dikkate alınarak ücretlendirilir. RADYOLOJİ - 24.00001: Radyolojik incelemelerde kullanılan kontrast ilaç ve tıbbi sarf malzeme ücretleri (aksi belirtilmemiş ise) işleme dahil değildir, ayrıca ücretlendirilir. Radyolojik incelemenin değerlendirilmesi, yorumlanması ve raporlandırılması Radyoloji Uzmanı tarafından (mutlaka) yapılmalıdır. Radyoloji uzmanı raporuna adını, diploma ve uzmanlık numarasını yazarak imzalamalıdır. Radyolojik girişimlerde, Genel İlkelerin 00.57882 kodlu maddesi (ilgili bölümde/tanımda aksine bir açıklama yoksa) uygulanmaz. Aynı seansta birden fazla radyoloji incelemesi yapılması halinde, (ilgili bölüm/işlem öz",new,canonical_together_target_not_found,pending,
engine_proposal_902a35be663ba24012502fd9,B,24.87171,"Pelvis MRG, 1 Tesla ve üzeri MR cihazları için",sure,partial,24.87171,,{},HUV_06052025.xlsx,"MANYETİK REZONANS GÖRÜNTÜLEME (MR/MRG) - 24.80271: Bir organ/eklem/bölge/alanda yapılan MR incelemesi ile birlikte aynı seansta, aynı/farklı organ/eklem/bölge/alanda MR incelemesi yapılır ise, (incelemenin tümünü kapsayan özel bir tanım yoksa), birimi en büyük olan inceleme biriminin tamamı, sonraki her bir organ, eklem, bölge, alan inceleme biriminin 2/3 ü dikkate alınarak ücretlendirilir. RADYOLOJİ - 24.00001: Radyolojik incelemelerde kullanılan kontrast ilaç ve tıbbi sarf malzeme ücretleri (aksi belirtilmemiş ise) işleme dahil değildir, ayrıca ücretlendirilir. Radyolojik incelemenin değerlendirilmesi, yorumlanması ve raporlandırılması Radyoloji Uzmanı tarafından (mutlaka) yapılmalıdır. Radyoloji uzmanı raporuna adını, diploma ve uzmanlık numarasını yazarak imzalamalıdır. Radyolojik girişimlerde, Genel İlkelerin 00.57882 kodlu maddesi (ilgili bölümde/tanımda aksine bir açıklama yoksa) uygulanmaz. Aynı seansta birden fazla radyoloji incelemesi yapılması halinde, (ilgili bölüm/işlem öz",new,explicit_frequency_fields_not_parsed,pending,
engine_proposal_19ae31dc750ab03058189d1c,B,24.87286,"Fetal MRG, 1 Tesla ve üzeri MR cihazları için",birlikteOdenmez,partial,24.87286,,{},HUV_06052025.xlsx,"MANYETİK REZONANS GÖRÜNTÜLEME (MR/MRG) - 24.80271: Bir organ/eklem/bölge/alanda yapılan MR incelemesi ile birlikte aynı seansta, aynı/farklı organ/eklem/bölge/alanda MR incelemesi yapılır ise, (incelemenin tümünü kapsayan özel bir tanım yoksa), birimi en büyük olan inceleme biriminin tamamı, sonraki her bir organ, eklem, bölge, alan inceleme biriminin 2/3 ü dikkate alınarak ücretlendirilir. RADYOLOJİ - 24.00001: Radyolojik incelemelerde kullanılan kontrast ilaç ve tıbbi sarf malzeme ücretleri (aksi belirtilmemiş ise) işleme dahil değildir, ayrıca ücretlendirilir. Radyolojik incelemenin değerlendirilmesi, yorumlanması ve raporlandırılması Radyoloji Uzmanı tarafından (mutlaka) yapılmalıdır. Radyoloji uzmanı raporuna adını, diploma ve uzmanlık numarasını yazarak imzalamalıdır. Radyolojik girişimlerde, Genel İlkelerin 00.57882 kodlu maddesi (ilgili bölümde/tanımda aksine bir açıklama yoksa) uygulanmaz. Aynı seansta birden fazla radyoloji incelemesi yapılması halinde, (ilgili bölüm/işlem öz",new,canonical_together_target_not_found,pending,
engine_proposal_501556832b8fc461a4f47e13,B,24.87286,"Fetal MRG, 1 Tesla ve üzeri MR cihazları için",sure,partial,24.87286,,{},HUV_06052025.xlsx,"MANYETİK REZONANS GÖRÜNTÜLEME (MR/MRG) - 24.80271: Bir organ/eklem/bölge/alanda yapılan MR incelemesi ile birlikte aynı seansta, aynı/farklı organ/eklem/bölge/alanda MR incelemesi yapılır ise, (incelemenin tümünü kapsayan özel bir tanım yoksa), birimi en büyük olan inceleme biriminin tamamı, sonraki her bir organ, eklem, bölge, alan inceleme biriminin 2/3 ü dikkate alınarak ücretlendirilir. RADYOLOJİ - 24.00001: Radyolojik incelemelerde kullanılan kontrast ilaç ve tıbbi sarf malzeme ücretleri (aksi belirtilmemiş ise) işleme dahil değildir, ayrıca ücretlendirilir. Radyolojik incelemenin değerlendirilmesi, yorumlanması ve raporlandırılması Radyoloji Uzmanı tarafından (mutlaka) yapılmalıdır. Radyoloji uzmanı raporuna adını, diploma ve uzmanlık numarasını yazarak imzalamalıdır. Radyolojik girişimlerde, Genel İlkelerin 00.57882 kodlu maddesi (ilgili bölümde/tanımda aksine bir açıklama yoksa) uygulanmaz. Aynı seansta birden fazla radyoloji incelemesi yapılması halinde, (ilgili bölüm/işlem öz",new,explicit_frequency_fields_not_parsed,pending,
engine_proposal_9591b6c1391f4bc0d3699a80,B,24.87401,"Temporomandibuler eklem MRG, tek eklem, 1 Tesla ve üzeri MR cihazları için",birlikteOdenmez,partial,24.87401,,{},HUV_06052025.xlsx,"MANYETİK REZONANS GÖRÜNTÜLEME (MR/MRG) - 24.80271: Bir organ/eklem/bölge/alanda yapılan MR incelemesi ile birlikte aynı seansta, aynı/farklı organ/eklem/bölge/alanda MR incelemesi yapılır ise, (incelemenin tümünü kapsayan özel bir tanım yoksa), birimi en büyük olan inceleme biriminin tamamı, sonraki her bir organ, eklem, bölge, alan inceleme biriminin 2/3 ü dikkate alınarak ücretlendirilir. RADYOLOJİ - 24.00001: Radyolojik incelemelerde kullanılan kontrast ilaç ve tıbbi sarf malzeme ücretleri (aksi belirtilmemiş ise) işleme dahil değildir, ayrıca ücretlendirilir. Radyolojik incelemenin değerlendirilmesi, yorumlanması ve raporlandırılması Radyoloji Uzmanı tarafından (mutlaka) yapılmalıdır. Radyoloji uzmanı raporuna adını, diploma ve uzmanlık numarasını yazarak imzalamalıdır. Radyolojik girişimlerde, Genel İlkelerin 00.57882 kodlu maddesi (ilgili bölümde/tanımda aksine bir açıklama yoksa) uygulanmaz. Aynı seansta birden fazla radyoloji incelemesi yapılması halinde, (ilgili bölüm/işlem öz",new,canonical_together_target_not_found,pending,
engine_proposal_f4b4a3c8a2b31094a5f5cc10,B,24.87401,"Temporomandibuler eklem MRG, tek eklem, 1 Tesla ve üzeri MR cihazları için",sure,partial,24.87401,,{},HUV_06052025.xlsx,"MANYETİK REZONANS GÖRÜNTÜLEME (MR/MRG) - 24.80271: Bir organ/eklem/bölge/alanda yapılan MR incelemesi ile birlikte aynı seansta, aynı/farklı organ/eklem/bölge/alanda MR incelemesi yapılır ise, (incelemenin tümünü kapsayan özel bir tanım yoksa), birimi en büyük olan inceleme biriminin tamamı, sonraki her bir organ, eklem, bölge, alan inceleme biriminin 2/3 ü dikkate alınarak ücretlendirilir. RADYOLOJİ - 24.00001: Radyolojik incelemelerde kullanılan kontrast ilaç ve tıbbi sarf malzeme ücretleri (aksi belirtilmemiş ise) işleme dahil değildir, ayrıca ücretlendirilir. Radyolojik incelemenin değerlendirilmesi, yorumlanması ve raporlandırılması Radyoloji Uzmanı tarafından (mutlaka) yapılmalıdır. Radyoloji uzmanı raporuna adını, diploma ve uzmanlık numarasını yazarak imzalamalıdır. Radyolojik girişimlerde, Genel İlkelerin 00.57882 kodlu maddesi (ilgili bölümde/tanımda aksine bir açıklama yoksa) uygulanmaz. Aynı seansta birden fazla radyoloji incelemesi yapılması halinde, (ilgili bölüm/işlem öz",new,explicit_frequency_fields_not_parsed,pending,
engine_proposal_093d64a97be55aee38ae921c,B,24.87516,"Temporomandibuler eklem MRG, çift eklem, 1 Tesla ve üzeri MR cihazları için",birlikteOdenmez,partial,24.87516,,{},HUV_06052025.xlsx,"MANYETİK REZONANS GÖRÜNTÜLEME (MR/MRG) - 24.80271: Bir organ/eklem/bölge/alanda yapılan MR incelemesi ile birlikte aynı seansta, aynı/farklı organ/eklem/bölge/alanda MR incelemesi yapılır ise, (incelemenin tümünü kapsayan özel bir tanım yoksa), birimi en büyük olan inceleme biriminin tamamı, sonraki her bir organ, eklem, bölge, alan inceleme biriminin 2/3 ü dikkate alınarak ücretlendirilir. RADYOLOJİ - 24.00001: Radyolojik incelemelerde kullanılan kontrast ilaç ve tıbbi sarf malzeme ücretleri (aksi belirtilmemiş ise) işleme dahil değildir, ayrıca ücretlendirilir. Radyolojik incelemenin değerlendirilmesi, yorumlanması ve raporlandırılması Radyoloji Uzmanı tarafından (mutlaka) yapılmalıdır. Radyoloji uzmanı raporuna adını, diploma ve uzmanlık numarasını yazarak imzalamalıdır. Radyolojik girişimlerde, Genel İlkelerin 00.57882 kodlu maddesi (ilgili bölümde/tanımda aksine bir açıklama yoksa) uygulanmaz. Aynı seansta birden fazla radyoloji incelemesi yapılması halinde, (ilgili bölüm/işlem öz",new,canonical_together_target_not_found,pending,
engine_proposal_05d28aedaa390aece607c8b3,B,24.87516,"Temporomandibuler eklem MRG, çift eklem, 1 Tesla ve üzeri MR cihazları için",sure,partial,24.87516,,{},HUV_06052025.xlsx,"MANYETİK REZONANS GÖRÜNTÜLEME (MR/MRG) - 24.80271: Bir organ/eklem/bölge/alanda yapılan MR incelemesi ile birlikte aynı seansta, aynı/farklı organ/eklem/bölge/alanda MR incelemesi yapılır ise, (incelemenin tümünü kapsayan özel bir tanım yoksa), birimi en büyük olan inceleme biriminin tamamı, sonraki her bir organ, eklem, bölge, alan inceleme biriminin 2/3 ü dikkate alınarak ücretlendirilir. RADYOLOJİ - 24.00001: Radyolojik incelemelerde kullanılan kontrast ilaç ve tıbbi sarf malzeme ücretleri (aksi belirtilmemiş ise) işleme dahil değildir, ayrıca ücretlendirilir. Radyolojik incelemenin değerlendirilmesi, yorumlanması ve raporlandırılması Radyoloji Uzmanı tarafından (mutlaka) yapılmalıdır. Radyoloji uzmanı raporuna adını, diploma ve uzmanlık numarasını yazarak imzalamalıdır. Radyolojik girişimlerde, Genel İlkelerin 00.57882 kodlu maddesi (ilgili bölümde/tanımda aksine bir açıklama yoksa) uygulanmaz. Aynı seansta birden fazla radyoloji incelemesi yapılması halinde, (ilgili bölüm/işlem öz",new,explicit_frequency_fields_not_parsed,pending,
engine_proposal_db44420718bbb4ea812c5e51,B,24.87631,"Tek ekstremite MRG (kol, önkol, uyluk, bacak), 1 Tesla ve üzeri MR cihazları için",birlikteOdenmez,partial,24.87631,,{},HUV_06052025.xlsx,"MANYETİK REZONANS GÖRÜNTÜLEME (MR/MRG) - 24.80271: Bir organ/eklem/bölge/alanda yapılan MR incelemesi ile birlikte aynı seansta, aynı/farklı organ/eklem/bölge/alanda MR incelemesi yapılır ise, (incelemenin tümünü kapsayan özel bir tanım yoksa), birimi en büyük olan inceleme biriminin tamamı, sonraki her bir organ, eklem, bölge, alan inceleme biriminin 2/3 ü dikkate alınarak ücretlendirilir. RADYOLOJİ - 24.00001: Radyolojik incelemelerde kullanılan kontrast ilaç ve tıbbi sarf malzeme ücretleri (aksi belirtilmemiş ise) işleme dahil değildir, ayrıca ücretlendirilir. Radyolojik incelemenin değerlendirilmesi, yorumlanması ve raporlandırılması Radyoloji Uzmanı tarafından (mutlaka) yapılmalıdır. Radyoloji uzmanı raporuna adını, diploma ve uzmanlık numarasını yazarak imzalamalıdır. Radyolojik girişimlerde, Genel İlkelerin 00.57882 kodlu maddesi (ilgili bölümde/tanımda aksine bir açıklama yoksa) uygulanmaz. Aynı seansta birden fazla radyoloji incelemesi yapılması halinde, (ilgili bölüm/işlem öz",new,canonical_together_target_not_found,pending,
engine_proposal_199e41163d06d294695a4de1,B,24.87631,"Tek ekstremite MRG (kol, önkol, uyluk, bacak), 1 Tesla ve üzeri MR cihazları için",sure,partial,24.87631,,{},HUV_06052025.xlsx,"MANYETİK REZONANS GÖRÜNTÜLEME (MR/MRG) - 24.80271: Bir organ/eklem/bölge/alanda yapılan MR incelemesi ile birlikte aynı seansta, aynı/farklı organ/eklem/bölge/alanda MR incelemesi yapılır ise, (incelemenin tümünü kapsayan özel bir tanım yoksa), birimi en büyük olan inceleme biriminin tamamı, sonraki her bir organ, eklem, bölge, alan inceleme biriminin 2/3 ü dikkate alınarak ücretlendirilir. RADYOLOJİ - 24.00001: Radyolojik incelemelerde kullanılan kontrast ilaç ve tıbbi sarf malzeme ücretleri (aksi belirtilmemiş ise) işleme dahil değildir, ayrıca ücretlendirilir. Radyolojik incelemenin değerlendirilmesi, yorumlanması ve raporlandırılması Radyoloji Uzmanı tarafından (mutlaka) yapılmalıdır. Radyoloji uzmanı raporuna adını, diploma ve uzmanlık numarasını yazarak imzalamalıdır. Radyolojik girişimlerde, Genel İlkelerin 00.57882 kodlu maddesi (ilgili bölümde/tanımda aksine bir açıklama yoksa) uygulanmaz. Aynı seansta birden fazla radyoloji incelemesi yapılması halinde, (ilgili bölüm/işlem öz",new,explicit_frequency_fields_not_parsed,pending,
engine_proposal_af75140253376b3011af0962,B,24.87861,"Vertebral kolon MRG, tek bölge, 1 Tesla ve üzeri MR cihazları için",birlikteOdenmez,partial,24.87861,,{},HUV_06052025.xlsx,"MANYETİK REZONANS GÖRÜNTÜLEME (MR/MRG) - 24.80271: Bir organ/eklem/bölge/alanda yapılan MR incelemesi ile birlikte aynı seansta, aynı/farklı organ/eklem/bölge/alanda MR incelemesi yapılır ise, (incelemenin tümünü kapsayan özel bir tanım yoksa), birimi en büyük olan inceleme biriminin tamamı, sonraki her bir organ, eklem, bölge, alan inceleme biriminin 2/3 ü dikkate alınarak ücretlendirilir. RADYOLOJİ - 24.00001: Radyolojik incelemelerde kullanılan kontrast ilaç ve tıbbi sarf malzeme ücretleri (aksi belirtilmemiş ise) işleme dahil değildir, ayrıca ücretlendirilir. Radyolojik incelemenin değerlendirilmesi, yorumlanması ve raporlandırılması Radyoloji Uzmanı tarafından (mutlaka) yapılmalıdır. Radyoloji uzmanı raporuna adını, diploma ve uzmanlık numarasını yazarak imzalamalıdır. Radyolojik girişimlerde, Genel İlkelerin 00.57882 kodlu maddesi (ilgili bölümde/tanımda aksine bir açıklama yoksa) uygulanmaz. Aynı seansta birden fazla radyoloji incelemesi yapılması halinde, (ilgili bölüm/işlem öz",new,canonical_together_target_not_found,pending,
engine_proposal_9c0181deb5a90fb96dd10177,B,24.87861,"Vertebral kolon MRG, tek bölge, 1 Tesla ve üzeri MR cihazları için",sure,partial,24.87861,,{},HUV_06052025.xlsx,"MANYETİK REZONANS GÖRÜNTÜLEME (MR/MRG) - 24.80271: Bir organ/eklem/bölge/alanda yapılan MR incelemesi ile birlikte aynı seansta, aynı/farklı organ/eklem/bölge/alanda MR incelemesi yapılır ise, (incelemenin tümünü kapsayan özel bir tanım yoksa), birimi en büyük olan inceleme biriminin tamamı, sonraki her bir organ, eklem, bölge, alan inceleme biriminin 2/3 ü dikkate alınarak ücretlendirilir. RADYOLOJİ - 24.00001: Radyolojik incelemelerde kullanılan kontrast ilaç ve tıbbi sarf malzeme ücretleri (aksi belirtilmemiş ise) işleme dahil değildir, ayrıca ücretlendirilir. Radyolojik incelemenin değerlendirilmesi, yorumlanması ve raporlandırılması Radyoloji Uzmanı tarafından (mutlaka) yapılmalıdır. Radyoloji uzmanı raporuna adını, diploma ve uzmanlık numarasını yazarak imzalamalıdır. Radyolojik girişimlerde, Genel İlkelerin 00.57882 kodlu maddesi (ilgili bölümde/tanımda aksine bir açıklama yoksa) uygulanmaz. Aynı seansta birden fazla radyoloji incelemesi yapılması halinde, (ilgili bölüm/işlem öz",new,explicit_frequency_fields_not_parsed,pending,
engine_proposal_1c736bfce64f40e480e0fb36,B,24.88091,"Baskılı (yüklemeli) Vertebral Kolon MRG, tek bölge, 1 Tesla ve üzeri MR cihazları için",birlikteOdenmez,partial,24.88091,,{},HUV_06052025.xlsx,"MANYETİK REZONANS GÖRÜNTÜLEME (MR/MRG) - 24.80271: Bir organ/eklem/bölge/alanda yapılan MR incelemesi ile birlikte aynı seansta, aynı/farklı organ/eklem/bölge/alanda MR incelemesi yapılır ise, (incelemenin tümünü kapsayan özel bir tanım yoksa), birimi en büyük olan inceleme biriminin tamamı, sonraki her bir organ, eklem, bölge, alan inceleme biriminin 2/3 ü dikkate alınarak ücretlendirilir. RADYOLOJİ - 24.00001: Radyolojik incelemelerde kullanılan kontrast ilaç ve tıbbi sarf malzeme ücretleri (aksi belirtilmemiş ise) işleme dahil değildir, ayrıca ücretlendirilir. Radyolojik incelemenin değerlendirilmesi, yorumlanması ve raporlandırılması Radyoloji Uzmanı tarafından (mutlaka) yapılmalıdır. Radyoloji uzmanı raporuna adını, diploma ve uzmanlık numarasını yazarak imzalamalıdır. Radyolojik girişimlerde, Genel İlkelerin 00.57882 kodlu maddesi (ilgili bölümde/tanımda aksine bir açıklama yoksa) uygulanmaz. Aynı seansta birden fazla radyoloji incelemesi yapılması halinde, (ilgili bölüm/işlem öz",new,canonical_together_target_not_found,pending,
engine_proposal_310639f3c9654648fe98b388,B,24.88091,"Baskılı (yüklemeli) Vertebral Kolon MRG, tek bölge, 1 Tesla ve üzeri MR cihazları için",sure,partial,24.88091,,{},HUV_06052025.xlsx,"MANYETİK REZONANS GÖRÜNTÜLEME (MR/MRG) - 24.80271: Bir organ/eklem/bölge/alanda yapılan MR incelemesi ile birlikte aynı seansta, aynı/farklı organ/eklem/bölge/alanda MR incelemesi yapılır ise, (incelemenin tümünü kapsayan özel bir tanım yoksa), birimi en büyük olan inceleme biriminin tamamı, sonraki her bir organ, eklem, bölge, alan inceleme biriminin 2/3 ü dikkate alınarak ücretlendirilir. RADYOLOJİ - 24.00001: Radyolojik incelemelerde kullanılan kontrast ilaç ve tıbbi sarf malzeme ücretleri (aksi belirtilmemiş ise) işleme dahil değildir, ayrıca ücretlendirilir. Radyolojik incelemenin değerlendirilmesi, yorumlanması ve raporlandırılması Radyoloji Uzmanı tarafından (mutlaka) yapılmalıdır. Radyoloji uzmanı raporuna adını, diploma ve uzmanlık numarasını yazarak imzalamalıdır. Radyolojik girişimlerde, Genel İlkelerin 00.57882 kodlu maddesi (ilgili bölümde/tanımda aksine bir açıklama yoksa) uygulanmaz. Aynı seansta birden fazla radyoloji incelemesi yapılması halinde, (ilgili bölüm/işlem öz",new,explicit_frequency_fields_not_parsed,pending,
engine_proposal_35ba5882c50d1168b2147249,B,24.88321,"Kontrastsız MR anjiyografi, tek anatomik bölge, 1 Tesla ve üzeri MR cihazları için",birlikteOdenmez,partial,24.88321,,{},HUV_06052025.xlsx,"MANYETİK REZONANS GÖRÜNTÜLEME (MR/MRG) - 24.80271: Bir organ/eklem/bölge/alanda yapılan MR incelemesi ile birlikte aynı seansta, aynı/farklı organ/eklem/bölge/alanda MR incelemesi yapılır ise, (incelemenin tümünü kapsayan özel bir tanım yoksa), birimi en büyük olan inceleme biriminin tamamı, sonraki her bir organ, eklem, bölge, alan inceleme biriminin 2/3 ü dikkate alınarak ücretlendirilir. RADYOLOJİ - 24.00001: Radyolojik incelemelerde kullanılan kontrast ilaç ve tıbbi sarf malzeme ücretleri (aksi belirtilmemiş ise) işleme dahil değildir, ayrıca ücretlendirilir. Radyolojik incelemenin değerlendirilmesi, yorumlanması ve raporlandırılması Radyoloji Uzmanı tarafından (mutlaka) yapılmalıdır. Radyoloji uzmanı raporuna adını, diploma ve uzmanlık numarasını yazarak imzalamalıdır. Radyolojik girişimlerde, Genel İlkelerin 00.57882 kodlu maddesi (ilgili bölümde/tanımda aksine bir açıklama yoksa) uygulanmaz. Aynı seansta birden fazla radyoloji incelemesi yapılması halinde, (ilgili bölüm/işlem öz",new,canonical_together_target_not_found,pending,
engine_proposal_76a4bb95729d7f4d8362d23d,B,24.88321,"Kontrastsız MR anjiyografi, tek anatomik bölge, 1 Tesla ve üzeri MR cihazları için",sure,partial,24.88321,,{},HUV_06052025.xlsx,"MANYETİK REZONANS GÖRÜNTÜLEME (MR/MRG) - 24.80271: Bir organ/eklem/bölge/alanda yapılan MR incelemesi ile birlikte aynı seansta, aynı/farklı organ/eklem/bölge/alanda MR incelemesi yapılır ise, (incelemenin tümünü kapsayan özel bir tanım yoksa), birimi en büyük olan inceleme biriminin tamamı, sonraki her bir organ, eklem, bölge, alan inceleme biriminin 2/3 ü dikkate alınarak ücretlendirilir. RADYOLOJİ - 24.00001: Radyolojik incelemelerde kullanılan kontrast ilaç ve tıbbi sarf malzeme ücretleri (aksi belirtilmemiş ise) işleme dahil değildir, ayrıca ücretlendirilir. Radyolojik incelemenin değerlendirilmesi, yorumlanması ve raporlandırılması Radyoloji Uzmanı tarafından (mutlaka) yapılmalıdır. Radyoloji uzmanı raporuna adını, diploma ve uzmanlık numarasını yazarak imzalamalıdır. Radyolojik girişimlerde, Genel İlkelerin 00.57882 kodlu maddesi (ilgili bölümde/tanımda aksine bir açıklama yoksa) uygulanmaz. Aynı seansta birden fazla radyoloji incelemesi yapılması halinde, (ilgili bölüm/işlem öz",new,explicit_frequency_fields_not_parsed,pending,
engine_proposal_d22962ea03e01d2ab38f4d73,B,24.88551,"Kontrastlı MR anjiyografi, tek anatomik bölge, 1 Tesla ve üzeri MR cihazları için",birlikteOdenmez,partial,24.88551,,{},HUV_06052025.xlsx,"MANYETİK REZONANS GÖRÜNTÜLEME (MR/MRG) - 24.80271: Bir organ/eklem/bölge/alanda yapılan MR incelemesi ile birlikte aynı seansta, aynı/farklı organ/eklem/bölge/alanda MR incelemesi yapılır ise, (incelemenin tümünü kapsayan özel bir tanım yoksa), birimi en büyük olan inceleme biriminin tamamı, sonraki her bir organ, eklem, bölge, alan inceleme biriminin 2/3 ü dikkate alınarak ücretlendirilir. RADYOLOJİ - 24.00001: Radyolojik incelemelerde kullanılan kontrast ilaç ve tıbbi sarf malzeme ücretleri (aksi belirtilmemiş ise) işleme dahil değildir, ayrıca ücretlendirilir. Radyolojik incelemenin değerlendirilmesi, yorumlanması ve raporlandırılması Radyoloji Uzmanı tarafından (mutlaka) yapılmalıdır. Radyoloji uzmanı raporuna adını, diploma ve uzmanlık numarasını yazarak imzalamalıdır. Radyolojik girişimlerde, Genel İlkelerin 00.57882 kodlu maddesi (ilgili bölümde/tanımda aksine bir açıklama yoksa) uygulanmaz. Aynı seansta birden fazla radyoloji incelemesi yapılması halinde, (ilgili bölüm/işlem öz",new,canonical_together_target_not_found,pending,
engine_proposal_af6270fc4fedc628cbae6004,B,24.88551,"Kontrastlı MR anjiyografi, tek anatomik bölge, 1 Tesla ve üzeri MR cihazları için",sure,partial,24.88551,,{},HUV_06052025.xlsx,"MANYETİK REZONANS GÖRÜNTÜLEME (MR/MRG) - 24.80271: Bir organ/eklem/bölge/alanda yapılan MR incelemesi ile birlikte aynı seansta, aynı/farklı organ/eklem/bölge/alanda MR incelemesi yapılır ise, (incelemenin tümünü kapsayan özel bir tanım yoksa), birimi en büyük olan inceleme biriminin tamamı, sonraki her bir organ, eklem, bölge, alan inceleme biriminin 2/3 ü dikkate alınarak ücretlendirilir. RADYOLOJİ - 24.00001: Radyolojik incelemelerde kullanılan kontrast ilaç ve tıbbi sarf malzeme ücretleri (aksi belirtilmemiş ise) işleme dahil değildir, ayrıca ücretlendirilir. Radyolojik incelemenin değerlendirilmesi, yorumlanması ve raporlandırılması Radyoloji Uzmanı tarafından (mutlaka) yapılmalıdır. Radyoloji uzmanı raporuna adını, diploma ve uzmanlık numarasını yazarak imzalamalıdır. Radyolojik girişimlerde, Genel İlkelerin 00.57882 kodlu maddesi (ilgili bölümde/tanımda aksine bir açıklama yoksa) uygulanmaz. Aynı seansta birden fazla radyoloji incelemesi yapılması halinde, (ilgili bölüm/işlem öz",new,explicit_frequency_fields_not_parsed,pending,
engine_proposal_bfbed0a5b54a2ddc89c15132,B,24.88781,"Kontrastlı aorto-popliteal MRA (hareketli masa ile), 1 Tesla ve üzeri MR cihazları için",birlikteOdenmez,partial,24.88781,,{},HUV_06052025.xlsx,"MANYETİK REZONANS GÖRÜNTÜLEME (MR/MRG) - 24.80271: Bir organ/eklem/bölge/alanda yapılan MR incelemesi ile birlikte aynı seansta, aynı/farklı organ/eklem/bölge/alanda MR incelemesi yapılır ise, (incelemenin tümünü kapsayan özel bir tanım yoksa), birimi en büyük olan inceleme biriminin tamamı, sonraki her bir organ, eklem, bölge, alan inceleme biriminin 2/3 ü dikkate alınarak ücretlendirilir. RADYOLOJİ - 24.00001: Radyolojik incelemelerde kullanılan kontrast ilaç ve tıbbi sarf malzeme ücretleri (aksi belirtilmemiş ise) işleme dahil değildir, ayrıca ücretlendirilir. Radyolojik incelemenin değerlendirilmesi, yorumlanması ve raporlandırılması Radyoloji Uzmanı tarafından (mutlaka) yapılmalıdır. Radyoloji uzmanı raporuna adını, diploma ve uzmanlık numarasını yazarak imzalamalıdır. Radyolojik girişimlerde, Genel İlkelerin 00.57882 kodlu maddesi (ilgili bölümde/tanımda aksine bir açıklama yoksa) uygulanmaz. Aynı seansta birden fazla radyoloji incelemesi yapılması halinde, (ilgili bölüm/işlem öz",new,canonical_together_target_not_found,pending,
engine_proposal_9e6133e31208cb88bd6a51ad,B,24.88781,"Kontrastlı aorto-popliteal MRA (hareketli masa ile), 1 Tesla ve üzeri MR cihazları için",sure,partial,24.88781,,{},HUV_06052025.xlsx,"MANYETİK REZONANS GÖRÜNTÜLEME (MR/MRG) - 24.80271: Bir organ/eklem/bölge/alanda yapılan MR incelemesi ile birlikte aynı seansta, aynı/farklı organ/eklem/bölge/alanda MR incelemesi yapılır ise, (incelemenin tümünü kapsayan özel bir tanım yoksa), birimi en büyük olan inceleme biriminin tamamı, sonraki her bir organ, eklem, bölge, alan inceleme biriminin 2/3 ü dikkate alınarak ücretlendirilir. RADYOLOJİ - 24.00001: Radyolojik incelemelerde kullanılan kontrast ilaç ve tıbbi sarf malzeme ücretleri (aksi belirtilmemiş ise) işleme dahil değildir, ayrıca ücretlendirilir. Radyolojik incelemenin değerlendirilmesi, yorumlanması ve raporlandırılması Radyoloji Uzmanı tarafından (mutlaka) yapılmalıdır. Radyoloji uzmanı raporuna adını, diploma ve uzmanlık numarasını yazarak imzalamalıdır. Radyolojik girişimlerde, Genel İlkelerin 00.57882 kodlu maddesi (ilgili bölümde/tanımda aksine bir açıklama yoksa) uygulanmaz. Aynı seansta birden fazla radyoloji incelemesi yapılması halinde, (ilgili bölüm/işlem öz",new,explicit_frequency_fields_not_parsed,pending,
engine_proposal_e873ac8c245d3e825fc9802d,B,24.88896,Radyoterapi sürecini izlem için tanısal MRG,birlikteOdenmez,partial,24.88896,,{},HUV_06052025.xlsx,"Radyoterapi sürecinde tasarım+planlama amacı ile hastada BT veya MRG uygulanması, RT tasarım+planlama hizmeti kapsamındadır, ek işlem olarak değerlendirilmez. Radyoterapi sürecinde (tasarım+planlama dışında) tanısal amaç ile yapılan BT, MR, PET gibi görüntüleme tetkikleri ise, belgelenmek koşulu ile ve tedavi boyunca, (ek olarak) tanımlı bu birim ile yalnız bir kez ücretlendirilebilir. MANYETİK REZONANS GÖRÜNTÜLEME (MR/MRG) - 24.80271: Bir organ/eklem/bölge/alanda yapılan MR incelemesi ile birlikte aynı seansta, aynı/farklı organ/eklem/bölge/alanda MR incelemesi yapılır ise, (incelemenin tümünü kapsayan özel bir tanım yoksa), birimi en büyük olan inceleme biriminin tamamı, sonraki her bir organ, eklem, bölge, alan inceleme biriminin 2/3 ü dikkate alınarak ücretlendirilir. RADYOLOJİ - 24.00001: Radyolojik incelemelerde kullanılan kontrast ilaç ve tıbbi sarf malzeme ücretleri (aksi belirtilmemiş ise) işleme dahil değildir, ayrıca ücretlendirilir. Radyolojik incelemenin değerlendirilmesi,",new,canonical_together_target_not_found,pending,
engine_proposal_3afbce4987cc410ad13e3943,B,24.88896,Radyoterapi sürecini izlem için tanısal MRG,sure,partial,24.88896,,{},HUV_06052025.xlsx,"Radyoterapi sürecinde tasarım+planlama amacı ile hastada BT veya MRG uygulanması, RT tasarım+planlama hizmeti kapsamındadır, ek işlem olarak değerlendirilmez. Radyoterapi sürecinde (tasarım+planlama dışında) tanısal amaç ile yapılan BT, MR, PET gibi görüntüleme tetkikleri ise, belgelenmek koşulu ile ve tedavi boyunca, (ek olarak) tanımlı bu birim ile yalnız bir kez ücretlendirilebilir. MANYETİK REZONANS GÖRÜNTÜLEME (MR/MRG) - 24.80271: Bir organ/eklem/bölge/alanda yapılan MR incelemesi ile birlikte aynı seansta, aynı/farklı organ/eklem/bölge/alanda MR incelemesi yapılır ise, (incelemenin tümünü kapsayan özel bir tanım yoksa), birimi en büyük olan inceleme biriminin tamamı, sonraki her bir organ, eklem, bölge, alan inceleme biriminin 2/3 ü dikkate alınarak ücretlendirilir. RADYOLOJİ - 24.00001: Radyolojik incelemelerde kullanılan kontrast ilaç ve tıbbi sarf malzeme ücretleri (aksi belirtilmemiş ise) işleme dahil değildir, ayrıca ücretlendirilir. Radyolojik incelemenin değerlendirilmesi,",new,explicit_frequency_fields_not_parsed,pending,
engine_proposal_cd6504bd3a9b35298fe94f69,B,24.89011,"MRG konsültasyonu (eski tetkikleri inceleme, karşılaştırma ve raporlama)",birlikteOdenmez,partial,24.89011,,{},HUV_06052025.xlsx,"Bu tanım, hastada yeni bir MRG incelemesi yapılmadan, yalnız (bir/birden çok) eski MR görüntülerinin incelenmesi, bunların karşılaştırılması ve durumun raporlanmasını kapsar. Hastada yeni MRG incelemesi yapılırken eski (bir/birden çok) MR görüntüsü incelenir, bunlar arasında karşılaştırma yapılır ve (beraber) raporlanırsa, bu hizmet (yeni) MRG İncelemesinin kapsamındadır, MRG konsültasyonu olarak değerlendirilmez. MANYETİK REZONANS GÖRÜNTÜLEME (MR/MRG) - 24.80271: Bir organ/eklem/bölge/alanda yapılan MR incelemesi ile birlikte aynı seansta, aynı/farklı organ/eklem/bölge/alanda MR incelemesi yapılır ise, (incelemenin tümünü kapsayan özel bir tanım yoksa), birimi en büyük olan inceleme biriminin tamamı, sonraki her bir organ, eklem, bölge, alan inceleme biriminin 2/3 ü dikkate alınarak ücretlendirilir. RADYOLOJİ - 24.00001: Radyolojik incelemelerde kullanılan kontrast ilaç ve tıbbi sarf malzeme ücretleri (aksi belirtilmemiş ise) işleme dahil değildir, ayrıca ücretlendirilir. Radyolojik i",new,canonical_together_target_not_found,pending,
engine_proposal_67f9c16bcd9f478497d453c4,B,24.89011,"MRG konsültasyonu (eski tetkikleri inceleme, karşılaştırma ve raporlama)",sure,partial,24.89011,,{},HUV_06052025.xlsx,"Bu tanım, hastada yeni bir MRG incelemesi yapılmadan, yalnız (bir/birden çok) eski MR görüntülerinin incelenmesi, bunların karşılaştırılması ve durumun raporlanmasını kapsar. Hastada yeni MRG incelemesi yapılırken eski (bir/birden çok) MR görüntüsü incelenir, bunlar arasında karşılaştırma yapılır ve (beraber) raporlanırsa, bu hizmet (yeni) MRG İncelemesinin kapsamındadır, MRG konsültasyonu olarak değerlendirilmez. MANYETİK REZONANS GÖRÜNTÜLEME (MR/MRG) - 24.80271: Bir organ/eklem/bölge/alanda yapılan MR incelemesi ile birlikte aynı seansta, aynı/farklı organ/eklem/bölge/alanda MR incelemesi yapılır ise, (incelemenin tümünü kapsayan özel bir tanım yoksa), birimi en büyük olan inceleme biriminin tamamı, sonraki her bir organ, eklem, bölge, alan inceleme biriminin 2/3 ü dikkate alınarak ücretlendirilir. RADYOLOJİ - 24.00001: Radyolojik incelemelerde kullanılan kontrast ilaç ve tıbbi sarf malzeme ücretleri (aksi belirtilmemiş ise) işleme dahil değildir, ayrıca ücretlendirilir. Radyolojik i",new,explicit_frequency_fields_not_parsed,pending,
engine_proposal_2359a20106540c7ee98113dd,B,24.89471,"MR miyelografi, 1 Tesla ve üzeri MR cihazları için",birlikteOdenmez,partial,24.89471,,{},HUV_06052025.xlsx,"MANYETİK REZONANS GÖRÜNTÜLEME (MR/MRG) - 24.80271: Bir organ/eklem/bölge/alanda yapılan MR incelemesi ile birlikte aynı seansta, aynı/farklı organ/eklem/bölge/alanda MR incelemesi yapılır ise, (incelemenin tümünü kapsayan özel bir tanım yoksa), birimi en büyük olan inceleme biriminin tamamı, sonraki her bir organ, eklem, bölge, alan inceleme biriminin 2/3 ü dikkate alınarak ücretlendirilir. RADYOLOJİ - 24.00001: Radyolojik incelemelerde kullanılan kontrast ilaç ve tıbbi sarf malzeme ücretleri (aksi belirtilmemiş ise) işleme dahil değildir, ayrıca ücretlendirilir. Radyolojik incelemenin değerlendirilmesi, yorumlanması ve raporlandırılması Radyoloji Uzmanı tarafından (mutlaka) yapılmalıdır. Radyoloji uzmanı raporuna adını, diploma ve uzmanlık numarasını yazarak imzalamalıdır. Radyolojik girişimlerde, Genel İlkelerin 00.57882 kodlu maddesi (ilgili bölümde/tanımda aksine bir açıklama yoksa) uygulanmaz. Aynı seansta birden fazla radyoloji incelemesi yapılması halinde, (ilgili bölüm/işlem öz",new,canonical_together_target_not_found,pending,
engine_proposal_21ea9f4bdd574780abea4e9f,B,24.89471,"MR miyelografi, 1 Tesla ve üzeri MR cihazları için",sure,partial,24.89471,,{},HUV_06052025.xlsx,"MANYETİK REZONANS GÖRÜNTÜLEME (MR/MRG) - 24.80271: Bir organ/eklem/bölge/alanda yapılan MR incelemesi ile birlikte aynı seansta, aynı/farklı organ/eklem/bölge/alanda MR incelemesi yapılır ise, (incelemenin tümünü kapsayan özel bir tanım yoksa), birimi en büyük olan inceleme biriminin tamamı, sonraki her bir organ, eklem, bölge, alan inceleme biriminin 2/3 ü dikkate alınarak ücretlendirilir. RADYOLOJİ - 24.00001: Radyolojik incelemelerde kullanılan kontrast ilaç ve tıbbi sarf malzeme ücretleri (aksi belirtilmemiş ise) işleme dahil değildir, ayrıca ücretlendirilir. Radyolojik incelemenin değerlendirilmesi, yorumlanması ve raporlandırılması Radyoloji Uzmanı tarafından (mutlaka) yapılmalıdır. Radyoloji uzmanı raporuna adını, diploma ve uzmanlık numarasını yazarak imzalamalıdır. Radyolojik girişimlerde, Genel İlkelerin 00.57882 kodlu maddesi (ilgili bölümde/tanımda aksine bir açıklama yoksa) uygulanmaz. Aynı seansta birden fazla radyoloji incelemesi yapılması halinde, (ilgili bölüm/işlem öz",new,explicit_frequency_fields_not_parsed,pending,
engine_proposal_5981e44c1320bd8fd7a7fec0,B,24.89701,"BOS akım MR, 1 Tesla ve üzeri MR cihazları için",birlikteOdenmez,partial,24.89701,,{},HUV_06052025.xlsx,"MANYETİK REZONANS GÖRÜNTÜLEME (MR/MRG) - 24.80271: Bir organ/eklem/bölge/alanda yapılan MR incelemesi ile birlikte aynı seansta, aynı/farklı organ/eklem/bölge/alanda MR incelemesi yapılır ise, (incelemenin tümünü kapsayan özel bir tanım yoksa), birimi en büyük olan inceleme biriminin tamamı, sonraki her bir organ, eklem, bölge, alan inceleme biriminin 2/3 ü dikkate alınarak ücretlendirilir. RADYOLOJİ - 24.00001: Radyolojik incelemelerde kullanılan kontrast ilaç ve tıbbi sarf malzeme ücretleri (aksi belirtilmemiş ise) işleme dahil değildir, ayrıca ücretlendirilir. Radyolojik incelemenin değerlendirilmesi, yorumlanması ve raporlandırılması Radyoloji Uzmanı tarafından (mutlaka) yapılmalıdır. Radyoloji uzmanı raporuna adını, diploma ve uzmanlık numarasını yazarak imzalamalıdır. Radyolojik girişimlerde, Genel İlkelerin 00.57882 kodlu maddesi (ilgili bölümde/tanımda aksine bir açıklama yoksa) uygulanmaz. Aynı seansta birden fazla radyoloji incelemesi yapılması halinde, (ilgili bölüm/işlem öz",new,canonical_together_target_not_found,pending,
engine_proposal_5de7fd1e67852260d4007b2d,B,24.89701,"BOS akım MR, 1 Tesla ve üzeri MR cihazları için",sure,partial,24.89701,,{},HUV_06052025.xlsx,"MANYETİK REZONANS GÖRÜNTÜLEME (MR/MRG) - 24.80271: Bir organ/eklem/bölge/alanda yapılan MR incelemesi ile birlikte aynı seansta, aynı/farklı organ/eklem/bölge/alanda MR incelemesi yapılır ise, (incelemenin tümünü kapsayan özel bir tanım yoksa), birimi en büyük olan inceleme biriminin tamamı, sonraki her bir organ, eklem, bölge, alan inceleme biriminin 2/3 ü dikkate alınarak ücretlendirilir. RADYOLOJİ - 24.00001: Radyolojik incelemelerde kullanılan kontrast ilaç ve tıbbi sarf malzeme ücretleri (aksi belirtilmemiş ise) işleme dahil değildir, ayrıca ücretlendirilir. Radyolojik incelemenin değerlendirilmesi, yorumlanması ve raporlandırılması Radyoloji Uzmanı tarafından (mutlaka) yapılmalıdır. Radyoloji uzmanı raporuna adını, diploma ve uzmanlık numarasını yazarak imzalamalıdır. Radyolojik girişimlerde, Genel İlkelerin 00.57882 kodlu maddesi (ilgili bölümde/tanımda aksine bir açıklama yoksa) uygulanmaz. Aynı seansta birden fazla radyoloji incelemesi yapılması halinde, (ilgili bölüm/işlem öz",new,explicit_frequency_fields_not_parsed,pending,
engine_proposal_f979e65e9683e00c6bf43aed,B,24.89931,"Kardiyak MR Akım ölçümü, 1 Tesla ve üzeri MR cihazları için",birlikteOdenmez,partial,24.89931,,{},HUV_06052025.xlsx,"MANYETİK REZONANS GÖRÜNTÜLEME (MR/MRG) - 24.80271: Bir organ/eklem/bölge/alanda yapılan MR incelemesi ile birlikte aynı seansta, aynı/farklı organ/eklem/bölge/alanda MR incelemesi yapılır ise, (incelemenin tümünü kapsayan özel bir tanım yoksa), birimi en büyük olan inceleme biriminin tamamı, sonraki her bir organ, eklem, bölge, alan inceleme biriminin 2/3 ü dikkate alınarak ücretlendirilir. RADYOLOJİ - 24.00001: Radyolojik incelemelerde kullanılan kontrast ilaç ve tıbbi sarf malzeme ücretleri (aksi belirtilmemiş ise) işleme dahil değildir, ayrıca ücretlendirilir. Radyolojik incelemenin değerlendirilmesi, yorumlanması ve raporlandırılması Radyoloji Uzmanı tarafından (mutlaka) yapılmalıdır. Radyoloji uzmanı raporuna adını, diploma ve uzmanlık numarasını yazarak imzalamalıdır. Radyolojik girişimlerde, Genel İlkelerin 00.57882 kodlu maddesi (ilgili bölümde/tanımda aksine bir açıklama yoksa) uygulanmaz. Aynı seansta birden fazla radyoloji incelemesi yapılması halinde, (ilgili bölüm/işlem öz",new,canonical_together_target_not_found,pending,
engine_proposal_6e7acb095b4d8b778670bb71,B,24.89931,"Kardiyak MR Akım ölçümü, 1 Tesla ve üzeri MR cihazları için",sure,partial,24.89931,,{},HUV_06052025.xlsx,"MANYETİK REZONANS GÖRÜNTÜLEME (MR/MRG) - 24.80271: Bir organ/eklem/bölge/alanda yapılan MR incelemesi ile birlikte aynı seansta, aynı/farklı organ/eklem/bölge/alanda MR incelemesi yapılır ise, (incelemenin tümünü kapsayan özel bir tanım yoksa), birimi en büyük olan inceleme biriminin tamamı, sonraki her bir organ, eklem, bölge, alan inceleme biriminin 2/3 ü dikkate alınarak ücretlendirilir. RADYOLOJİ - 24.00001: Radyolojik incelemelerde kullanılan kontrast ilaç ve tıbbi sarf malzeme ücretleri (aksi belirtilmemiş ise) işleme dahil değildir, ayrıca ücretlendirilir. Radyolojik incelemenin değerlendirilmesi, yorumlanması ve raporlandırılması Radyoloji Uzmanı tarafından (mutlaka) yapılmalıdır. Radyoloji uzmanı raporuna adını, diploma ve uzmanlık numarasını yazarak imzalamalıdır. Radyolojik girişimlerde, Genel İlkelerin 00.57882 kodlu maddesi (ilgili bölümde/tanımda aksine bir açıklama yoksa) uygulanmaz. Aynı seansta birden fazla radyoloji incelemesi yapılması halinde, (ilgili bölüm/işlem öz",new,explicit_frequency_fields_not_parsed,pending,
engine_proposal_90ea172a51b72fffc9ff6e44,B,24.90161,"MR artrografi, 1 Tesla ve üzeri MR cihazları için",birlikteOdenmez,partial,24.90161,,{},HUV_06052025.xlsx,"MANYETİK REZONANS GÖRÜNTÜLEME (MR/MRG) - 24.80271: Bir organ/eklem/bölge/alanda yapılan MR incelemesi ile birlikte aynı seansta, aynı/farklı organ/eklem/bölge/alanda MR incelemesi yapılır ise, (incelemenin tümünü kapsayan özel bir tanım yoksa), birimi en büyük olan inceleme biriminin tamamı, sonraki her bir organ, eklem, bölge, alan inceleme biriminin 2/3 ü dikkate alınarak ücretlendirilir. RADYOLOJİ - 24.00001: Radyolojik incelemelerde kullanılan kontrast ilaç ve tıbbi sarf malzeme ücretleri (aksi belirtilmemiş ise) işleme dahil değildir, ayrıca ücretlendirilir. Radyolojik incelemenin değerlendirilmesi, yorumlanması ve raporlandırılması Radyoloji Uzmanı tarafından (mutlaka) yapılmalıdır. Radyoloji uzmanı raporuna adını, diploma ve uzmanlık numarasını yazarak imzalamalıdır. Radyolojik girişimlerde, Genel İlkelerin 00.57882 kodlu maddesi (ilgili bölümde/tanımda aksine bir açıklama yoksa) uygulanmaz. Aynı seansta birden fazla radyoloji incelemesi yapılması halinde, (ilgili bölüm/işlem öz",new,canonical_together_target_not_found,pending,
engine_proposal_e5915b0f8370596912eae692,B,24.90161,"MR artrografi, 1 Tesla ve üzeri MR cihazları için",sure,partial,24.90161,,{},HUV_06052025.xlsx,"MANYETİK REZONANS GÖRÜNTÜLEME (MR/MRG) - 24.80271: Bir organ/eklem/bölge/alanda yapılan MR incelemesi ile birlikte aynı seansta, aynı/farklı organ/eklem/bölge/alanda MR incelemesi yapılır ise, (incelemenin tümünü kapsayan özel bir tanım yoksa), birimi en büyük olan inceleme biriminin tamamı, sonraki her bir organ, eklem, bölge, alan inceleme biriminin 2/3 ü dikkate alınarak ücretlendirilir. RADYOLOJİ - 24.00001: Radyolojik incelemelerde kullanılan kontrast ilaç ve tıbbi sarf malzeme ücretleri (aksi belirtilmemiş ise) işleme dahil değildir, ayrıca ücretlendirilir. Radyolojik incelemenin değerlendirilmesi, yorumlanması ve raporlandırılması Radyoloji Uzmanı tarafından (mutlaka) yapılmalıdır. Radyoloji uzmanı raporuna adını, diploma ve uzmanlık numarasını yazarak imzalamalıdır. Radyolojik girişimlerde, Genel İlkelerin 00.57882 kodlu maddesi (ilgili bölümde/tanımda aksine bir açıklama yoksa) uygulanmaz. Aynı seansta birden fazla radyoloji incelemesi yapılması halinde, (ilgili bölüm/işlem öz",new,explicit_frequency_fields_not_parsed,pending,
engine_proposal_634daf92a92f738404ca6669,B,24.90391,"Penil MR, 1 Tesla ve üzeri MR cihazları için",birlikteOdenmez,partial,24.90391,,{},HUV_06052025.xlsx,"MANYETİK REZONANS GÖRÜNTÜLEME (MR/MRG) - 24.80271: Bir organ/eklem/bölge/alanda yapılan MR incelemesi ile birlikte aynı seansta, aynı/farklı organ/eklem/bölge/alanda MR incelemesi yapılır ise, (incelemenin tümünü kapsayan özel bir tanım yoksa), birimi en büyük olan inceleme biriminin tamamı, sonraki her bir organ, eklem, bölge, alan inceleme biriminin 2/3 ü dikkate alınarak ücretlendirilir. RADYOLOJİ - 24.00001: Radyolojik incelemelerde kullanılan kontrast ilaç ve tıbbi sarf malzeme ücretleri (aksi belirtilmemiş ise) işleme dahil değildir, ayrıca ücretlendirilir. Radyolojik incelemenin değerlendirilmesi, yorumlanması ve raporlandırılması Radyoloji Uzmanı tarafından (mutlaka) yapılmalıdır. Radyoloji uzmanı raporuna adını, diploma ve uzmanlık numarasını yazarak imzalamalıdır. Radyolojik girişimlerde, Genel İlkelerin 00.57882 kodlu maddesi (ilgili bölümde/tanımda aksine bir açıklama yoksa) uygulanmaz. Aynı seansta birden fazla radyoloji incelemesi yapılması halinde, (ilgili bölüm/işlem öz",new,canonical_together_target_not_found,pending,
engine_proposal_32cd1216a89eae66e14df21f,B,24.90391,"Penil MR, 1 Tesla ve üzeri MR cihazları için",sure,partial,24.90391,,{},HUV_06052025.xlsx,"MANYETİK REZONANS GÖRÜNTÜLEME (MR/MRG) - 24.80271: Bir organ/eklem/bölge/alanda yapılan MR incelemesi ile birlikte aynı seansta, aynı/farklı organ/eklem/bölge/alanda MR incelemesi yapılır ise, (incelemenin tümünü kapsayan özel bir tanım yoksa), birimi en büyük olan inceleme biriminin tamamı, sonraki her bir organ, eklem, bölge, alan inceleme biriminin 2/3 ü dikkate alınarak ücretlendirilir. RADYOLOJİ - 24.00001: Radyolojik incelemelerde kullanılan kontrast ilaç ve tıbbi sarf malzeme ücretleri (aksi belirtilmemiş ise) işleme dahil değildir, ayrıca ücretlendirilir. Radyolojik incelemenin değerlendirilmesi, yorumlanması ve raporlandırılması Radyoloji Uzmanı tarafından (mutlaka) yapılmalıdır. Radyoloji uzmanı raporuna adını, diploma ve uzmanlık numarasını yazarak imzalamalıdır. Radyolojik girişimlerde, Genel İlkelerin 00.57882 kodlu maddesi (ilgili bölümde/tanımda aksine bir açıklama yoksa) uygulanmaz. Aynı seansta birden fazla radyoloji incelemesi yapılması halinde, (ilgili bölüm/işlem öz",new,explicit_frequency_fields_not_parsed,pending,
engine_proposal_160c44757d264c11a02e38cd,B,24.90621,"MR ürografi, 1 Tesla ve üzeri MR cihazları için",birlikteOdenmez,partial,24.90621,,{},HUV_06052025.xlsx,"MANYETİK REZONANS GÖRÜNTÜLEME (MR/MRG) - 24.80271: Bir organ/eklem/bölge/alanda yapılan MR incelemesi ile birlikte aynı seansta, aynı/farklı organ/eklem/bölge/alanda MR incelemesi yapılır ise, (incelemenin tümünü kapsayan özel bir tanım yoksa), birimi en büyük olan inceleme biriminin tamamı, sonraki her bir organ, eklem, bölge, alan inceleme biriminin 2/3 ü dikkate alınarak ücretlendirilir. RADYOLOJİ - 24.00001: Radyolojik incelemelerde kullanılan kontrast ilaç ve tıbbi sarf malzeme ücretleri (aksi belirtilmemiş ise) işleme dahil değildir, ayrıca ücretlendirilir. Radyolojik incelemenin değerlendirilmesi, yorumlanması ve raporlandırılması Radyoloji Uzmanı tarafından (mutlaka) yapılmalıdır. Radyoloji uzmanı raporuna adını, diploma ve uzmanlık numarasını yazarak imzalamalıdır. Radyolojik girişimlerde, Genel İlkelerin 00.57882 kodlu maddesi (ilgili bölümde/tanımda aksine bir açıklama yoksa) uygulanmaz. Aynı seansta birden fazla radyoloji incelemesi yapılması halinde, (ilgili bölüm/işlem öz",new,canonical_together_target_not_found,pending,
engine_proposal_467990452fd1d18004e3e5de,B,24.90621,"MR ürografi, 1 Tesla ve üzeri MR cihazları için",sure,partial,24.90621,,{},HUV_06052025.xlsx,"MANYETİK REZONANS GÖRÜNTÜLEME (MR/MRG) - 24.80271: Bir organ/eklem/bölge/alanda yapılan MR incelemesi ile birlikte aynı seansta, aynı/farklı organ/eklem/bölge/alanda MR incelemesi yapılır ise, (incelemenin tümünü kapsayan özel bir tanım yoksa), birimi en büyük olan inceleme biriminin tamamı, sonraki her bir organ, eklem, bölge, alan inceleme biriminin 2/3 ü dikkate alınarak ücretlendirilir. RADYOLOJİ - 24.00001: Radyolojik incelemelerde kullanılan kontrast ilaç ve tıbbi sarf malzeme ücretleri (aksi belirtilmemiş ise) işleme dahil değildir, ayrıca ücretlendirilir. Radyolojik incelemenin değerlendirilmesi, yorumlanması ve raporlandırılması Radyoloji Uzmanı tarafından (mutlaka) yapılmalıdır. Radyoloji uzmanı raporuna adını, diploma ve uzmanlık numarasını yazarak imzalamalıdır. Radyolojik girişimlerde, Genel İlkelerin 00.57882 kodlu maddesi (ilgili bölümde/tanımda aksine bir açıklama yoksa) uygulanmaz. Aynı seansta birden fazla radyoloji incelemesi yapılması halinde, (ilgili bölüm/işlem öz",new,explicit_frequency_fields_not_parsed,pending,
engine_proposal_64795fd36385510696050cb3,B,24.90851,"Anal MRG, 1 Tesla ve üzeri MR cihazları için",birlikteOdenmez,partial,24.90851,,{},HUV_06052025.xlsx,"MANYETİK REZONANS GÖRÜNTÜLEME (MR/MRG) - 24.80271: Bir organ/eklem/bölge/alanda yapılan MR incelemesi ile birlikte aynı seansta, aynı/farklı organ/eklem/bölge/alanda MR incelemesi yapılır ise, (incelemenin tümünü kapsayan özel bir tanım yoksa), birimi en büyük olan inceleme biriminin tamamı, sonraki her bir organ, eklem, bölge, alan inceleme biriminin 2/3 ü dikkate alınarak ücretlendirilir. RADYOLOJİ - 24.00001: Radyolojik incelemelerde kullanılan kontrast ilaç ve tıbbi sarf malzeme ücretleri (aksi belirtilmemiş ise) işleme dahil değildir, ayrıca ücretlendirilir. Radyolojik incelemenin değerlendirilmesi, yorumlanması ve raporlandırılması Radyoloji Uzmanı tarafından (mutlaka) yapılmalıdır. Radyoloji uzmanı raporuna adını, diploma ve uzmanlık numarasını yazarak imzalamalıdır. Radyolojik girişimlerde, Genel İlkelerin 00.57882 kodlu maddesi (ilgili bölümde/tanımda aksine bir açıklama yoksa) uygulanmaz. Aynı seansta birden fazla radyoloji incelemesi yapılması halinde, (ilgili bölüm/işlem öz",new,canonical_together_target_not_found,pending,
engine_proposal_ae54ffa326039202d77aef36,B,24.90851,"Anal MRG, 1 Tesla ve üzeri MR cihazları için",sure,partial,24.90851,,{},HUV_06052025.xlsx,"MANYETİK REZONANS GÖRÜNTÜLEME (MR/MRG) - 24.80271: Bir organ/eklem/bölge/alanda yapılan MR incelemesi ile birlikte aynı seansta, aynı/farklı organ/eklem/bölge/alanda MR incelemesi yapılır ise, (incelemenin tümünü kapsayan özel bir tanım yoksa), birimi en büyük olan inceleme biriminin tamamı, sonraki her bir organ, eklem, bölge, alan inceleme biriminin 2/3 ü dikkate alınarak ücretlendirilir. RADYOLOJİ - 24.00001: Radyolojik incelemelerde kullanılan kontrast ilaç ve tıbbi sarf malzeme ücretleri (aksi belirtilmemiş ise) işleme dahil değildir, ayrıca ücretlendirilir. Radyolojik incelemenin değerlendirilmesi, yorumlanması ve raporlandırılması Radyoloji Uzmanı tarafından (mutlaka) yapılmalıdır. Radyoloji uzmanı raporuna adını, diploma ve uzmanlık numarasını yazarak imzalamalıdır. Radyolojik girişimlerde, Genel İlkelerin 00.57882 kodlu maddesi (ilgili bölümde/tanımda aksine bir açıklama yoksa) uygulanmaz. Aynı seansta birden fazla radyoloji incelemesi yapılması halinde, (ilgili bölüm/işlem öz",new,explicit_frequency_fields_not_parsed,pending,
engine_proposal_1c415ec78e1131022323093d,B,24.91081,"MR kolanjiyopankreatografi, 1 Tesla ve üzeri MR cihazları için",birlikteOdenmez,partial,24.91081,,{},HUV_06052025.xlsx,"MANYETİK REZONANS GÖRÜNTÜLEME (MR/MRG) - 24.80271: Bir organ/eklem/bölge/alanda yapılan MR incelemesi ile birlikte aynı seansta, aynı/farklı organ/eklem/bölge/alanda MR incelemesi yapılır ise, (incelemenin tümünü kapsayan özel bir tanım yoksa), birimi en büyük olan inceleme biriminin tamamı, sonraki her bir organ, eklem, bölge, alan inceleme biriminin 2/3 ü dikkate alınarak ücretlendirilir. RADYOLOJİ - 24.00001: Radyolojik incelemelerde kullanılan kontrast ilaç ve tıbbi sarf malzeme ücretleri (aksi belirtilmemiş ise) işleme dahil değildir, ayrıca ücretlendirilir. Radyolojik incelemenin değerlendirilmesi, yorumlanması ve raporlandırılması Radyoloji Uzmanı tarafından (mutlaka) yapılmalıdır. Radyoloji uzmanı raporuna adını, diploma ve uzmanlık numarasını yazarak imzalamalıdır. Radyolojik girişimlerde, Genel İlkelerin 00.57882 kodlu maddesi (ilgili bölümde/tanımda aksine bir açıklama yoksa) uygulanmaz. Aynı seansta birden fazla radyoloji incelemesi yapılması halinde, (ilgili bölüm/işlem öz",new,canonical_together_target_not_found,pending,
engine_proposal_6f21a3e8cd475a639157d32e,B,24.91081,"MR kolanjiyopankreatografi, 1 Tesla ve üzeri MR cihazları için",sure,partial,24.91081,,{},HUV_06052025.xlsx,"MANYETİK REZONANS GÖRÜNTÜLEME (MR/MRG) - 24.80271: Bir organ/eklem/bölge/alanda yapılan MR incelemesi ile birlikte aynı seansta, aynı/farklı organ/eklem/bölge/alanda MR incelemesi yapılır ise, (incelemenin tümünü kapsayan özel bir tanım yoksa), birimi en büyük olan inceleme biriminin tamamı, sonraki her bir organ, eklem, bölge, alan inceleme biriminin 2/3 ü dikkate alınarak ücretlendirilir. RADYOLOJİ - 24.00001: Radyolojik incelemelerde kullanılan kontrast ilaç ve tıbbi sarf malzeme ücretleri (aksi belirtilmemiş ise) işleme dahil değildir, ayrıca ücretlendirilir. Radyolojik incelemenin değerlendirilmesi, yorumlanması ve raporlandırılması Radyoloji Uzmanı tarafından (mutlaka) yapılmalıdır. Radyoloji uzmanı raporuna adını, diploma ve uzmanlık numarasını yazarak imzalamalıdır. Radyolojik girişimlerde, Genel İlkelerin 00.57882 kodlu maddesi (ilgili bölümde/tanımda aksine bir açıklama yoksa) uygulanmaz. Aynı seansta birden fazla radyoloji incelemesi yapılması halinde, (ilgili bölüm/işlem öz",new,explicit_frequency_fields_not_parsed,pending,
engine_proposal_fb0ffd758ad553f28e8a2cb1,B,24.91311,"MR Enterografi, 1 Tesla ve üzeri MR cihazları için",birlikteOdenmez,partial,24.91311,,{},HUV_06052025.xlsx,"MANYETİK REZONANS GÖRÜNTÜLEME (MR/MRG) - 24.80271: Bir organ/eklem/bölge/alanda yapılan MR incelemesi ile birlikte aynı seansta, aynı/farklı organ/eklem/bölge/alanda MR incelemesi yapılır ise, (incelemenin tümünü kapsayan özel bir tanım yoksa), birimi en büyük olan inceleme biriminin tamamı, sonraki her bir organ, eklem, bölge, alan inceleme biriminin 2/3 ü dikkate alınarak ücretlendirilir. RADYOLOJİ - 24.00001: Radyolojik incelemelerde kullanılan kontrast ilaç ve tıbbi sarf malzeme ücretleri (aksi belirtilmemiş ise) işleme dahil değildir, ayrıca ücretlendirilir. Radyolojik incelemenin değerlendirilmesi, yorumlanması ve raporlandırılması Radyoloji Uzmanı tarafından (mutlaka) yapılmalıdır. Radyoloji uzmanı raporuna adını, diploma ve uzmanlık numarasını yazarak imzalamalıdır. Radyolojik girişimlerde, Genel İlkelerin 00.57882 kodlu maddesi (ilgili bölümde/tanımda aksine bir açıklama yoksa) uygulanmaz. Aynı seansta birden fazla radyoloji incelemesi yapılması halinde, (ilgili bölüm/işlem öz",new,canonical_together_target_not_found,pending,
engine_proposal_02d65fa11b616be2992459a8,B,24.91311,"MR Enterografi, 1 Tesla ve üzeri MR cihazları için",sure,partial,24.91311,,{},HUV_06052025.xlsx,"MANYETİK REZONANS GÖRÜNTÜLEME (MR/MRG) - 24.80271: Bir organ/eklem/bölge/alanda yapılan MR incelemesi ile birlikte aynı seansta, aynı/farklı organ/eklem/bölge/alanda MR incelemesi yapılır ise, (incelemenin tümünü kapsayan özel bir tanım yoksa), birimi en büyük olan inceleme biriminin tamamı, sonraki her bir organ, eklem, bölge, alan inceleme biriminin 2/3 ü dikkate alınarak ücretlendirilir. RADYOLOJİ - 24.00001: Radyolojik incelemelerde kullanılan kontrast ilaç ve tıbbi sarf malzeme ücretleri (aksi belirtilmemiş ise) işleme dahil değildir, ayrıca ücretlendirilir. Radyolojik incelemenin değerlendirilmesi, yorumlanması ve raporlandırılması Radyoloji Uzmanı tarafından (mutlaka) yapılmalıdır. Radyoloji uzmanı raporuna adını, diploma ve uzmanlık numarasını yazarak imzalamalıdır. Radyolojik girişimlerde, Genel İlkelerin 00.57882 kodlu maddesi (ilgili bölümde/tanımda aksine bir açıklama yoksa) uygulanmaz. Aynı seansta birden fazla radyoloji incelemesi yapılması halinde, (ilgili bölüm/işlem öz",new,explicit_frequency_fields_not_parsed,pending,
engine_proposal_2e2bf1304db3620ee6a0a8e8,B,24.91426,"MR Kolonografi (MR Kolonoskopi), 1 Tesla ve üzeri MR cihazları için",birlikteOdenmez,partial,24.91426,,{},HUV_06052025.xlsx,"MANYETİK REZONANS GÖRÜNTÜLEME (MR/MRG) - 24.80271: Bir organ/eklem/bölge/alanda yapılan MR incelemesi ile birlikte aynı seansta, aynı/farklı organ/eklem/bölge/alanda MR incelemesi yapılır ise, (incelemenin tümünü kapsayan özel bir tanım yoksa), birimi en büyük olan inceleme biriminin tamamı, sonraki her bir organ, eklem, bölge, alan inceleme biriminin 2/3 ü dikkate alınarak ücretlendirilir. RADYOLOJİ - 24.00001: Radyolojik incelemelerde kullanılan kontrast ilaç ve tıbbi sarf malzeme ücretleri (aksi belirtilmemiş ise) işleme dahil değildir, ayrıca ücretlendirilir. Radyolojik incelemenin değerlendirilmesi, yorumlanması ve raporlandırılması Radyoloji Uzmanı tarafından (mutlaka) yapılmalıdır. Radyoloji uzmanı raporuna adını, diploma ve uzmanlık numarasını yazarak imzalamalıdır. Radyolojik girişimlerde, Genel İlkelerin 00.57882 kodlu maddesi (ilgili bölümde/tanımda aksine bir açıklama yoksa) uygulanmaz. Aynı seansta birden fazla radyoloji incelemesi yapılması halinde, (ilgili bölüm/işlem öz",new,canonical_together_target_not_found,pending,
engine_proposal_82cba78aa678fcd06af20e83,B,24.91426,"MR Kolonografi (MR Kolonoskopi), 1 Tesla ve üzeri MR cihazları için",sure,partial,24.91426,,{},HUV_06052025.xlsx,"MANYETİK REZONANS GÖRÜNTÜLEME (MR/MRG) - 24.80271: Bir organ/eklem/bölge/alanda yapılan MR incelemesi ile birlikte aynı seansta, aynı/farklı organ/eklem/bölge/alanda MR incelemesi yapılır ise, (incelemenin tümünü kapsayan özel bir tanım yoksa), birimi en büyük olan inceleme biriminin tamamı, sonraki her bir organ, eklem, bölge, alan inceleme biriminin 2/3 ü dikkate alınarak ücretlendirilir. RADYOLOJİ - 24.00001: Radyolojik incelemelerde kullanılan kontrast ilaç ve tıbbi sarf malzeme ücretleri (aksi belirtilmemiş ise) işleme dahil değildir, ayrıca ücretlendirilir. Radyolojik incelemenin değerlendirilmesi, yorumlanması ve raporlandırılması Radyoloji Uzmanı tarafından (mutlaka) yapılmalıdır. Radyoloji uzmanı raporuna adını, diploma ve uzmanlık numarasını yazarak imzalamalıdır. Radyolojik girişimlerde, Genel İlkelerin 00.57882 kodlu maddesi (ilgili bölümde/tanımda aksine bir açıklama yoksa) uygulanmaz. Aynı seansta birden fazla radyoloji incelemesi yapılması halinde, (ilgili bölüm/işlem öz",new,explicit_frequency_fields_not_parsed,pending,
engine_proposal_692d48c504104ac3f17b3efa,B,24.91541,"Onkolojik MR, tüm vücut kemik metastaz tarama",birlikteOdenmez,partial,24.91541,,{},HUV_06052025.xlsx,"MANYETİK REZONANS GÖRÜNTÜLEME (MR/MRG) - 24.80271: Bir organ/eklem/bölge/alanda yapılan MR incelemesi ile birlikte aynı seansta, aynı/farklı organ/eklem/bölge/alanda MR incelemesi yapılır ise, (incelemenin tümünü kapsayan özel bir tanım yoksa), birimi en büyük olan inceleme biriminin tamamı, sonraki her bir organ, eklem, bölge, alan inceleme biriminin 2/3 ü dikkate alınarak ücretlendirilir. RADYOLOJİ - 24.00001: Radyolojik incelemelerde kullanılan kontrast ilaç ve tıbbi sarf malzeme ücretleri (aksi belirtilmemiş ise) işleme dahil değildir, ayrıca ücretlendirilir. Radyolojik incelemenin değerlendirilmesi, yorumlanması ve raporlandırılması Radyoloji Uzmanı tarafından (mutlaka) yapılmalıdır. Radyoloji uzmanı raporuna adını, diploma ve uzmanlık numarasını yazarak imzalamalıdır. Radyolojik girişimlerde, Genel İlkelerin 00.57882 kodlu maddesi (ilgili bölümde/tanımda aksine bir açıklama yoksa) uygulanmaz. Aynı seansta birden fazla radyoloji incelemesi yapılması halinde, (ilgili bölüm/işlem öz",new,canonical_together_target_not_found,pending,
engine_proposal_56df21220dfa06edf0472f77,B,24.91541,"Onkolojik MR, tüm vücut kemik metastaz tarama",sure,partial,24.91541,,{},HUV_06052025.xlsx,"MANYETİK REZONANS GÖRÜNTÜLEME (MR/MRG) - 24.80271: Bir organ/eklem/bölge/alanda yapılan MR incelemesi ile birlikte aynı seansta, aynı/farklı organ/eklem/bölge/alanda MR incelemesi yapılır ise, (incelemenin tümünü kapsayan özel bir tanım yoksa), birimi en büyük olan inceleme biriminin tamamı, sonraki her bir organ, eklem, bölge, alan inceleme biriminin 2/3 ü dikkate alınarak ücretlendirilir. RADYOLOJİ - 24.00001: Radyolojik incelemelerde kullanılan kontrast ilaç ve tıbbi sarf malzeme ücretleri (aksi belirtilmemiş ise) işleme dahil değildir, ayrıca ücretlendirilir. Radyolojik incelemenin değerlendirilmesi, yorumlanması ve raporlandırılması Radyoloji Uzmanı tarafından (mutlaka) yapılmalıdır. Radyoloji uzmanı raporuna adını, diploma ve uzmanlık numarasını yazarak imzalamalıdır. Radyolojik girişimlerde, Genel İlkelerin 00.57882 kodlu maddesi (ilgili bölümde/tanımda aksine bir açıklama yoksa) uygulanmaz. Aynı seansta birden fazla radyoloji incelemesi yapılması halinde, (ilgili bölüm/işlem öz",new,explicit_frequency_fields_not_parsed,pending,
engine_proposal_bbf81f872a04d72f778d3f76,B,24.91771,"MR kontrastlı tetkik farkı, 1 Tesla ve üzeri MR cihazları için",birlikteOdenmez,partial,24.91771,,{},HUV_06052025.xlsx,"Uygulama, (asıl işlemin kapsamında değilse) ek işlem olarak değerlendirilir ve liste birimi ile ücretlendirilir. Uygulamada kullanılan kontrast ilacı işlemin kapsamında değildir, ayrıca ücretlendirilir. İlk kontrastlı tetkikten sonra aynı seansta başka kontrastlı tetkik yapılırsa, birinciden sonraki her bir tetkik, tanımlı biriminin 2/3 ü ile değerlendirilir. İncelemede kullanılan kontrast maddenin tümü, rayiç ücreti ile değerlendirilir. MANYETİK REZONANS GÖRÜNTÜLEME (MR/MRG) - 24.80271: Bir organ/eklem/bölge/alanda yapılan MR incelemesi ile birlikte aynı seansta, aynı/farklı organ/eklem/bölge/alanda MR incelemesi yapılır ise, (incelemenin tümünü kapsayan özel bir tanım yoksa), birimi en büyük olan inceleme biriminin tamamı, sonraki her bir organ, eklem, bölge, alan inceleme biriminin 2/3 ü dikkate alınarak ücretlendirilir. RADYOLOJİ - 24.00001: Radyolojik incelemelerde kullanılan kontrast ilaç ve tıbbi sarf malzeme ücretleri (aksi belirtilmemiş ise) işleme dahil değildir, ayrıca ücret",new,canonical_together_target_not_found,pending,
engine_proposal_2f3185764782b1ba0fdfa845,B,24.91771,"MR kontrastlı tetkik farkı, 1 Tesla ve üzeri MR cihazları için",sure,partial,24.91771,,{},HUV_06052025.xlsx,"Uygulama, (asıl işlemin kapsamında değilse) ek işlem olarak değerlendirilir ve liste birimi ile ücretlendirilir. Uygulamada kullanılan kontrast ilacı işlemin kapsamında değildir, ayrıca ücretlendirilir. İlk kontrastlı tetkikten sonra aynı seansta başka kontrastlı tetkik yapılırsa, birinciden sonraki her bir tetkik, tanımlı biriminin 2/3 ü ile değerlendirilir. İncelemede kullanılan kontrast maddenin tümü, rayiç ücreti ile değerlendirilir. MANYETİK REZONANS GÖRÜNTÜLEME (MR/MRG) - 24.80271: Bir organ/eklem/bölge/alanda yapılan MR incelemesi ile birlikte aynı seansta, aynı/farklı organ/eklem/bölge/alanda MR incelemesi yapılır ise, (incelemenin tümünü kapsayan özel bir tanım yoksa), birimi en büyük olan inceleme biriminin tamamı, sonraki her bir organ, eklem, bölge, alan inceleme biriminin 2/3 ü dikkate alınarak ücretlendirilir. RADYOLOJİ - 24.00001: Radyolojik incelemelerde kullanılan kontrast ilaç ve tıbbi sarf malzeme ücretleri (aksi belirtilmemiş ise) işleme dahil değildir, ayrıca ücret",new,explicit_frequency_fields_not_parsed,pending,
engine_proposal_923abe202f62fc7a2b480aa8,B,24.92001,"MR Dinamik kontrastlı tetkik farkı, 1 Tesla ve üzeri cihazlar için",birlikteOdenmez,partial,24.92001,,{},HUV_06052025.xlsx,"Uygulama, (asıl işlemin kapsamında değilse) ek işlem olarak değerlendirilir ve liste birimi ile ücretlendirilir. Uygulamada kullanılan kontrast ilacı işlemin kapsamında değildir, ayrıca ücretlendirilir. İlk kontrastlı tetkikten sonra aynı seansta başka kontrastlı tetkik yapılırsa, birinciden sonraki her bir tetkik, tanımlı biriminin 2/3 ü ile değerlendirilir. İncelemede kullanılan kontrast maddenin tümü, rayiç ücreti ile değerlendirilir. MANYETİK REZONANS GÖRÜNTÜLEME (MR/MRG) - 24.80271: Bir organ/eklem/bölge/alanda yapılan MR incelemesi ile birlikte aynı seansta, aynı/farklı organ/eklem/bölge/alanda MR incelemesi yapılır ise, (incelemenin tümünü kapsayan özel bir tanım yoksa), birimi en büyük olan inceleme biriminin tamamı, sonraki her bir organ, eklem, bölge, alan inceleme biriminin 2/3 ü dikkate alınarak ücretlendirilir. RADYOLOJİ - 24.00001: Radyolojik incelemelerde kullanılan kontrast ilaç ve tıbbi sarf malzeme ücretleri (aksi belirtilmemiş ise) işleme dahil değildir, ayrıca ücret",new,canonical_together_target_not_found,pending,
engine_proposal_483bcf0ae4e004c20a2c26fe,B,24.92001,"MR Dinamik kontrastlı tetkik farkı, 1 Tesla ve üzeri cihazlar için",sure,partial,24.92001,,{},HUV_06052025.xlsx,"Uygulama, (asıl işlemin kapsamında değilse) ek işlem olarak değerlendirilir ve liste birimi ile ücretlendirilir. Uygulamada kullanılan kontrast ilacı işlemin kapsamında değildir, ayrıca ücretlendirilir. İlk kontrastlı tetkikten sonra aynı seansta başka kontrastlı tetkik yapılırsa, birinciden sonraki her bir tetkik, tanımlı biriminin 2/3 ü ile değerlendirilir. İncelemede kullanılan kontrast maddenin tümü, rayiç ücreti ile değerlendirilir. MANYETİK REZONANS GÖRÜNTÜLEME (MR/MRG) - 24.80271: Bir organ/eklem/bölge/alanda yapılan MR incelemesi ile birlikte aynı seansta, aynı/farklı organ/eklem/bölge/alanda MR incelemesi yapılır ise, (incelemenin tümünü kapsayan özel bir tanım yoksa), birimi en büyük olan inceleme biriminin tamamı, sonraki her bir organ, eklem, bölge, alan inceleme biriminin 2/3 ü dikkate alınarak ücretlendirilir. RADYOLOJİ - 24.00001: Radyolojik incelemelerde kullanılan kontrast ilaç ve tıbbi sarf malzeme ücretleri (aksi belirtilmemiş ise) işleme dahil değildir, ayrıca ücret",new,explicit_frequency_fields_not_parsed,pending,
engine_proposal_345581d0dd225a07f318a1f4,B,24.92231,"Kinematik eklem tetkik farkı, 1 Tesla ve üzeri MR cihazları için",birlikteOdenmez,partial,24.92231,,{},HUV_06052025.xlsx,"Uygulama, (asıl işlemin kapsamında değil ise) ek işlem olarak değerlendirilir ve tanımlı birimi ile ücretlendirilir. Uygulamada kullanılan kontrast ilacı işlemin kapsamında değildir, ayrıca ücretlendirilir. MANYETİK REZONANS GÖRÜNTÜLEME (MR/MRG) - 24.80271: Bir organ/eklem/bölge/alanda yapılan MR incelemesi ile birlikte aynı seansta, aynı/farklı organ/eklem/bölge/alanda MR incelemesi yapılır ise, (incelemenin tümünü kapsayan özel bir tanım yoksa), birimi en büyük olan inceleme biriminin tamamı, sonraki her bir organ, eklem, bölge, alan inceleme biriminin 2/3 ü dikkate alınarak ücretlendirilir. RADYOLOJİ - 24.00001: Radyolojik incelemelerde kullanılan kontrast ilaç ve tıbbi sarf malzeme ücretleri (aksi belirtilmemiş ise) işleme dahil değildir, ayrıca ücretlendirilir. Radyolojik incelemenin değerlendirilmesi, yorumlanması ve raporlandırılması Radyoloji Uzmanı tarafından (mutlaka) yapılmalıdır. Radyoloji uzmanı raporuna adını, diploma ve uzmanlık numarasını yazarak imzalamalıdır. Radyoloj",new,canonical_together_target_not_found,pending,
engine_proposal_d0e3570705b9ff9de2124e76,B,24.92231,"Kinematik eklem tetkik farkı, 1 Tesla ve üzeri MR cihazları için",sure,partial,24.92231,,{},HUV_06052025.xlsx,"Uygulama, (asıl işlemin kapsamında değil ise) ek işlem olarak değerlendirilir ve tanımlı birimi ile ücretlendirilir. Uygulamada kullanılan kontrast ilacı işlemin kapsamında değildir, ayrıca ücretlendirilir. MANYETİK REZONANS GÖRÜNTÜLEME (MR/MRG) - 24.80271: Bir organ/eklem/bölge/alanda yapılan MR incelemesi ile birlikte aynı seansta, aynı/farklı organ/eklem/bölge/alanda MR incelemesi yapılır ise, (incelemenin tümünü kapsayan özel bir tanım yoksa), birimi en büyük olan inceleme biriminin tamamı, sonraki her bir organ, eklem, bölge, alan inceleme biriminin 2/3 ü dikkate alınarak ücretlendirilir. RADYOLOJİ - 24.00001: Radyolojik incelemelerde kullanılan kontrast ilaç ve tıbbi sarf malzeme ücretleri (aksi belirtilmemiş ise) işleme dahil değildir, ayrıca ücretlendirilir. Radyolojik incelemenin değerlendirilmesi, yorumlanması ve raporlandırılması Radyoloji Uzmanı tarafından (mutlaka) yapılmalıdır. Radyoloji uzmanı raporuna adını, diploma ve uzmanlık numarasını yazarak imzalamalıdır. Radyoloj",new,explicit_frequency_fields_not_parsed,pending,
engine_proposal_5fff7cb4c054bfa0c7fd8dee,B,24.92691,"İntraoperatif MR Görüntülemesi, 1 Tesla ve üzeri MR cihazları için",birlikteOdenmez,partial,24.92691,,{},HUV_06052025.xlsx,"MANYETİK REZONANS GÖRÜNTÜLEME (MR/MRG) - 24.80271: Bir organ/eklem/bölge/alanda yapılan MR incelemesi ile birlikte aynı seansta, aynı/farklı organ/eklem/bölge/alanda MR incelemesi yapılır ise, (incelemenin tümünü kapsayan özel bir tanım yoksa), birimi en büyük olan inceleme biriminin tamamı, sonraki her bir organ, eklem, bölge, alan inceleme biriminin 2/3 ü dikkate alınarak ücretlendirilir. RADYOLOJİ - 24.00001: Radyolojik incelemelerde kullanılan kontrast ilaç ve tıbbi sarf malzeme ücretleri (aksi belirtilmemiş ise) işleme dahil değildir, ayrıca ücretlendirilir. Radyolojik incelemenin değerlendirilmesi, yorumlanması ve raporlandırılması Radyoloji Uzmanı tarafından (mutlaka) yapılmalıdır. Radyoloji uzmanı raporuna adını, diploma ve uzmanlık numarasını yazarak imzalamalıdır. Radyolojik girişimlerde, Genel İlkelerin 00.57882 kodlu maddesi (ilgili bölümde/tanımda aksine bir açıklama yoksa) uygulanmaz. Aynı seansta birden fazla radyoloji incelemesi yapılması halinde, (ilgili bölüm/işlem öz",new,canonical_together_target_not_found,pending,
engine_proposal_1ee97c0b28b4d40d14816a9d,B,24.92691,"İntraoperatif MR Görüntülemesi, 1 Tesla ve üzeri MR cihazları için",sure,partial,24.92691,,{},HUV_06052025.xlsx,"MANYETİK REZONANS GÖRÜNTÜLEME (MR/MRG) - 24.80271: Bir organ/eklem/bölge/alanda yapılan MR incelemesi ile birlikte aynı seansta, aynı/farklı organ/eklem/bölge/alanda MR incelemesi yapılır ise, (incelemenin tümünü kapsayan özel bir tanım yoksa), birimi en büyük olan inceleme biriminin tamamı, sonraki her bir organ, eklem, bölge, alan inceleme biriminin 2/3 ü dikkate alınarak ücretlendirilir. RADYOLOJİ - 24.00001: Radyolojik incelemelerde kullanılan kontrast ilaç ve tıbbi sarf malzeme ücretleri (aksi belirtilmemiş ise) işleme dahil değildir, ayrıca ücretlendirilir. Radyolojik incelemenin değerlendirilmesi, yorumlanması ve raporlandırılması Radyoloji Uzmanı tarafından (mutlaka) yapılmalıdır. Radyoloji uzmanı raporuna adını, diploma ve uzmanlık numarasını yazarak imzalamalıdır. Radyolojik girişimlerde, Genel İlkelerin 00.57882 kodlu maddesi (ilgili bölümde/tanımda aksine bir açıklama yoksa) uygulanmaz. Aynı seansta birden fazla radyoloji incelemesi yapılması halinde, (ilgili bölüm/işlem öz",new,explicit_frequency_fields_not_parsed,pending,
engine_proposal_cf7d15e2b7b55679d37ec769,B,24.92921,"MR traktografi, 1 Tesla ve üzeri MR cihazları için",birlikteOdenmez,partial,24.92921,,{},HUV_06052025.xlsx,"MANYETİK REZONANS GÖRÜNTÜLEME (MR/MRG) - 24.80271: Bir organ/eklem/bölge/alanda yapılan MR incelemesi ile birlikte aynı seansta, aynı/farklı organ/eklem/bölge/alanda MR incelemesi yapılır ise, (incelemenin tümünü kapsayan özel bir tanım yoksa), birimi en büyük olan inceleme biriminin tamamı, sonraki her bir organ, eklem, bölge, alan inceleme biriminin 2/3 ü dikkate alınarak ücretlendirilir. RADYOLOJİ - 24.00001: Radyolojik incelemelerde kullanılan kontrast ilaç ve tıbbi sarf malzeme ücretleri (aksi belirtilmemiş ise) işleme dahil değildir, ayrıca ücretlendirilir. Radyolojik incelemenin değerlendirilmesi, yorumlanması ve raporlandırılması Radyoloji Uzmanı tarafından (mutlaka) yapılmalıdır. Radyoloji uzmanı raporuna adını, diploma ve uzmanlık numarasını yazarak imzalamalıdır. Radyolojik girişimlerde, Genel İlkelerin 00.57882 kodlu maddesi (ilgili bölümde/tanımda aksine bir açıklama yoksa) uygulanmaz. Aynı seansta birden fazla radyoloji incelemesi yapılması halinde, (ilgili bölüm/işlem öz",new,canonical_together_target_not_found,pending,
engine_proposal_3ff31e01e740c0222643d0b5,B,24.92921,"MR traktografi, 1 Tesla ve üzeri MR cihazları için",sure,partial,24.92921,,{},HUV_06052025.xlsx,"MANYETİK REZONANS GÖRÜNTÜLEME (MR/MRG) - 24.80271: Bir organ/eklem/bölge/alanda yapılan MR incelemesi ile birlikte aynı seansta, aynı/farklı organ/eklem/bölge/alanda MR incelemesi yapılır ise, (incelemenin tümünü kapsayan özel bir tanım yoksa), birimi en büyük olan inceleme biriminin tamamı, sonraki her bir organ, eklem, bölge, alan inceleme biriminin 2/3 ü dikkate alınarak ücretlendirilir. RADYOLOJİ - 24.00001: Radyolojik incelemelerde kullanılan kontrast ilaç ve tıbbi sarf malzeme ücretleri (aksi belirtilmemiş ise) işleme dahil değildir, ayrıca ücretlendirilir. Radyolojik incelemenin değerlendirilmesi, yorumlanması ve raporlandırılması Radyoloji Uzmanı tarafından (mutlaka) yapılmalıdır. Radyoloji uzmanı raporuna adını, diploma ve uzmanlık numarasını yazarak imzalamalıdır. Radyolojik girişimlerde, Genel İlkelerin 00.57882 kodlu maddesi (ilgili bölümde/tanımda aksine bir açıklama yoksa) uygulanmaz. Aynı seansta birden fazla radyoloji incelemesi yapılması halinde, (ilgili bölüm/işlem öz",new,explicit_frequency_fields_not_parsed,pending,
engine_proposal_0d40748e7f7126dae7e060e8,B,24.93151,"MR lezyon işaretleme tetkik farkı, 1 Tesla ve üzeri MR cihazları için",birlikteOdenmez,partial,24.93151,,{},HUV_06052025.xlsx,"MANYETİK REZONANS GÖRÜNTÜLEME (MR/MRG) - 24.80271: Bir organ/eklem/bölge/alanda yapılan MR incelemesi ile birlikte aynı seansta, aynı/farklı organ/eklem/bölge/alanda MR incelemesi yapılır ise, (incelemenin tümünü kapsayan özel bir tanım yoksa), birimi en büyük olan inceleme biriminin tamamı, sonraki her bir organ, eklem, bölge, alan inceleme biriminin 2/3 ü dikkate alınarak ücretlendirilir. RADYOLOJİ - 24.00001: Radyolojik incelemelerde kullanılan kontrast ilaç ve tıbbi sarf malzeme ücretleri (aksi belirtilmemiş ise) işleme dahil değildir, ayrıca ücretlendirilir. Radyolojik incelemenin değerlendirilmesi, yorumlanması ve raporlandırılması Radyoloji Uzmanı tarafından (mutlaka) yapılmalıdır. Radyoloji uzmanı raporuna adını, diploma ve uzmanlık numarasını yazarak imzalamalıdır. Radyolojik girişimlerde, Genel İlkelerin 00.57882 kodlu maddesi (ilgili bölümde/tanımda aksine bir açıklama yoksa) uygulanmaz. Aynı seansta birden fazla radyoloji incelemesi yapılması halinde, (ilgili bölüm/işlem öz",new,canonical_together_target_not_found,pending,
engine_proposal_53d92363d71a28c284f9168d,B,24.93151,"MR lezyon işaretleme tetkik farkı, 1 Tesla ve üzeri MR cihazları için",sure,partial,24.93151,,{},HUV_06052025.xlsx,"MANYETİK REZONANS GÖRÜNTÜLEME (MR/MRG) - 24.80271: Bir organ/eklem/bölge/alanda yapılan MR incelemesi ile birlikte aynı seansta, aynı/farklı organ/eklem/bölge/alanda MR incelemesi yapılır ise, (incelemenin tümünü kapsayan özel bir tanım yoksa), birimi en büyük olan inceleme biriminin tamamı, sonraki her bir organ, eklem, bölge, alan inceleme biriminin 2/3 ü dikkate alınarak ücretlendirilir. RADYOLOJİ - 24.00001: Radyolojik incelemelerde kullanılan kontrast ilaç ve tıbbi sarf malzeme ücretleri (aksi belirtilmemiş ise) işleme dahil değildir, ayrıca ücretlendirilir. Radyolojik incelemenin değerlendirilmesi, yorumlanması ve raporlandırılması Radyoloji Uzmanı tarafından (mutlaka) yapılmalıdır. Radyoloji uzmanı raporuna adını, diploma ve uzmanlık numarasını yazarak imzalamalıdır. Radyolojik girişimlerde, Genel İlkelerin 00.57882 kodlu maddesi (ilgili bölümde/tanımda aksine bir açıklama yoksa) uygulanmaz. Aynı seansta birden fazla radyoloji incelemesi yapılması halinde, (ilgili bölüm/işlem öz",new,explicit_frequency_fields_not_parsed,pending,
engine_proposal_90111f96e940f1e47839948b,B,24.93611,"Beyin MRG, 1 Tesla ve altında MR cihazları için",birlikteOdenmez,partial,24.93611,,{},HUV_06052025.xlsx,"MANYETİK REZONANS GÖRÜNTÜLEME (MR/MRG) - 24.80271: Bir organ/eklem/bölge/alanda yapılan MR incelemesi ile birlikte aynı seansta, aynı/farklı organ/eklem/bölge/alanda MR incelemesi yapılır ise, (incelemenin tümünü kapsayan özel bir tanım yoksa), birimi en büyük olan inceleme biriminin tamamı, sonraki her bir organ, eklem, bölge, alan inceleme biriminin 2/3 ü dikkate alınarak ücretlendirilir. RADYOLOJİ - 24.00001: Radyolojik incelemelerde kullanılan kontrast ilaç ve tıbbi sarf malzeme ücretleri (aksi belirtilmemiş ise) işleme dahil değildir, ayrıca ücretlendirilir. Radyolojik incelemenin değerlendirilmesi, yorumlanması ve raporlandırılması Radyoloji Uzmanı tarafından (mutlaka) yapılmalıdır. Radyoloji uzmanı raporuna adını, diploma ve uzmanlık numarasını yazarak imzalamalıdır. Radyolojik girişimlerde, Genel İlkelerin 00.57882 kodlu maddesi (ilgili bölümde/tanımda aksine bir açıklama yoksa) uygulanmaz. Aynı seansta birden fazla radyoloji incelemesi yapılması halinde, (ilgili bölüm/işlem öz",new,canonical_together_target_not_found,pending,
engine_proposal_963372ea2880c3e6d85d59af,B,24.93611,"Beyin MRG, 1 Tesla ve altında MR cihazları için",sure,partial,24.93611,,{},HUV_06052025.xlsx,"MANYETİK REZONANS GÖRÜNTÜLEME (MR/MRG) - 24.80271: Bir organ/eklem/bölge/alanda yapılan MR incelemesi ile birlikte aynı seansta, aynı/farklı organ/eklem/bölge/alanda MR incelemesi yapılır ise, (incelemenin tümünü kapsayan özel bir tanım yoksa), birimi en büyük olan inceleme biriminin tamamı, sonraki her bir organ, eklem, bölge, alan inceleme biriminin 2/3 ü dikkate alınarak ücretlendirilir. RADYOLOJİ - 24.00001: Radyolojik incelemelerde kullanılan kontrast ilaç ve tıbbi sarf malzeme ücretleri (aksi belirtilmemiş ise) işleme dahil değildir, ayrıca ücretlendirilir. Radyolojik incelemenin değerlendirilmesi, yorumlanması ve raporlandırılması Radyoloji Uzmanı tarafından (mutlaka) yapılmalıdır. Radyoloji uzmanı raporuna adını, diploma ve uzmanlık numarasını yazarak imzalamalıdır. Radyolojik girişimlerde, Genel İlkelerin 00.57882 kodlu maddesi (ilgili bölümde/tanımda aksine bir açıklama yoksa) uygulanmaz. Aynı seansta birden fazla radyoloji incelemesi yapılması halinde, (ilgili bölüm/işlem öz",new,explicit_frequency_fields_not_parsed,pending,
engine_proposal_9e973502ccb83201c24f0fc8,B,24.93841,"Difüzyon MR, 1 Tesla ve altında MR cihazları için",birlikteOdenmez,partial,24.93841,,{},HUV_06052025.xlsx,"MANYETİK REZONANS GÖRÜNTÜLEME (MR/MRG) - 24.80271: Bir organ/eklem/bölge/alanda yapılan MR incelemesi ile birlikte aynı seansta, aynı/farklı organ/eklem/bölge/alanda MR incelemesi yapılır ise, (incelemenin tümünü kapsayan özel bir tanım yoksa), birimi en büyük olan inceleme biriminin tamamı, sonraki her bir organ, eklem, bölge, alan inceleme biriminin 2/3 ü dikkate alınarak ücretlendirilir. RADYOLOJİ - 24.00001: Radyolojik incelemelerde kullanılan kontrast ilaç ve tıbbi sarf malzeme ücretleri (aksi belirtilmemiş ise) işleme dahil değildir, ayrıca ücretlendirilir. Radyolojik incelemenin değerlendirilmesi, yorumlanması ve raporlandırılması Radyoloji Uzmanı tarafından (mutlaka) yapılmalıdır. Radyoloji uzmanı raporuna adını, diploma ve uzmanlık numarasını yazarak imzalamalıdır. Radyolojik girişimlerde, Genel İlkelerin 00.57882 kodlu maddesi (ilgili bölümde/tanımda aksine bir açıklama yoksa) uygulanmaz. Aynı seansta birden fazla radyoloji incelemesi yapılması halinde, (ilgili bölüm/işlem öz",new,canonical_together_target_not_found,pending,
engine_proposal_20a219b4b6542c147b461b69,B,24.93841,"Difüzyon MR, 1 Tesla ve altında MR cihazları için",sure,partial,24.93841,,{},HUV_06052025.xlsx,"MANYETİK REZONANS GÖRÜNTÜLEME (MR/MRG) - 24.80271: Bir organ/eklem/bölge/alanda yapılan MR incelemesi ile birlikte aynı seansta, aynı/farklı organ/eklem/bölge/alanda MR incelemesi yapılır ise, (incelemenin tümünü kapsayan özel bir tanım yoksa), birimi en büyük olan inceleme biriminin tamamı, sonraki her bir organ, eklem, bölge, alan inceleme biriminin 2/3 ü dikkate alınarak ücretlendirilir. RADYOLOJİ - 24.00001: Radyolojik incelemelerde kullanılan kontrast ilaç ve tıbbi sarf malzeme ücretleri (aksi belirtilmemiş ise) işleme dahil değildir, ayrıca ücretlendirilir. Radyolojik incelemenin değerlendirilmesi, yorumlanması ve raporlandırılması Radyoloji Uzmanı tarafından (mutlaka) yapılmalıdır. Radyoloji uzmanı raporuna adını, diploma ve uzmanlık numarasını yazarak imzalamalıdır. Radyolojik girişimlerde, Genel İlkelerin 00.57882 kodlu maddesi (ilgili bölümde/tanımda aksine bir açıklama yoksa) uygulanmaz. Aynı seansta birden fazla radyoloji incelemesi yapılması halinde, (ilgili bölüm/işlem öz",new,explicit_frequency_fields_not_parsed,pending,
engine_proposal_1df5faacbd96756b235229fd,B,24.94071,"Hipofiz MRG, 1 Tesla ve altında MR cihazları için",birlikteOdenmez,partial,24.94071,,{},HUV_06052025.xlsx,"MANYETİK REZONANS GÖRÜNTÜLEME (MR/MRG) - 24.80271: Bir organ/eklem/bölge/alanda yapılan MR incelemesi ile birlikte aynı seansta, aynı/farklı organ/eklem/bölge/alanda MR incelemesi yapılır ise, (incelemenin tümünü kapsayan özel bir tanım yoksa), birimi en büyük olan inceleme biriminin tamamı, sonraki her bir organ, eklem, bölge, alan inceleme biriminin 2/3 ü dikkate alınarak ücretlendirilir. RADYOLOJİ - 24.00001: Radyolojik incelemelerde kullanılan kontrast ilaç ve tıbbi sarf malzeme ücretleri (aksi belirtilmemiş ise) işleme dahil değildir, ayrıca ücretlendirilir. Radyolojik incelemenin değerlendirilmesi, yorumlanması ve raporlandırılması Radyoloji Uzmanı tarafından (mutlaka) yapılmalıdır. Radyoloji uzmanı raporuna adını, diploma ve uzmanlık numarasını yazarak imzalamalıdır. Radyolojik girişimlerde, Genel İlkelerin 00.57882 kodlu maddesi (ilgili bölümde/tanımda aksine bir açıklama yoksa) uygulanmaz. Aynı seansta birden fazla radyoloji incelemesi yapılması halinde, (ilgili bölüm/işlem öz",new,canonical_together_target_not_found,pending,
engine_proposal_01cafa57e6516a4b0b43d835,B,24.94071,"Hipofiz MRG, 1 Tesla ve altında MR cihazları için",sure,partial,24.94071,,{},HUV_06052025.xlsx,"MANYETİK REZONANS GÖRÜNTÜLEME (MR/MRG) - 24.80271: Bir organ/eklem/bölge/alanda yapılan MR incelemesi ile birlikte aynı seansta, aynı/farklı organ/eklem/bölge/alanda MR incelemesi yapılır ise, (incelemenin tümünü kapsayan özel bir tanım yoksa), birimi en büyük olan inceleme biriminin tamamı, sonraki her bir organ, eklem, bölge, alan inceleme biriminin 2/3 ü dikkate alınarak ücretlendirilir. RADYOLOJİ - 24.00001: Radyolojik incelemelerde kullanılan kontrast ilaç ve tıbbi sarf malzeme ücretleri (aksi belirtilmemiş ise) işleme dahil değildir, ayrıca ücretlendirilir. Radyolojik incelemenin değerlendirilmesi, yorumlanması ve raporlandırılması Radyoloji Uzmanı tarafından (mutlaka) yapılmalıdır. Radyoloji uzmanı raporuna adını, diploma ve uzmanlık numarasını yazarak imzalamalıdır. Radyolojik girişimlerde, Genel İlkelerin 00.57882 kodlu maddesi (ilgili bölümde/tanımda aksine bir açıklama yoksa) uygulanmaz. Aynı seansta birden fazla radyoloji incelemesi yapılması halinde, (ilgili bölüm/işlem öz",new,explicit_frequency_fields_not_parsed,pending,
engine_proposal_b3996b558d53e6011f2aa883,B,24.94301,"Orbita MRG, 1 Tesla ve altında MR cihazları için",birlikteOdenmez,partial,24.94301,,{},HUV_06052025.xlsx,"MANYETİK REZONANS GÖRÜNTÜLEME (MR/MRG) - 24.80271: Bir organ/eklem/bölge/alanda yapılan MR incelemesi ile birlikte aynı seansta, aynı/farklı organ/eklem/bölge/alanda MR incelemesi yapılır ise, (incelemenin tümünü kapsayan özel bir tanım yoksa), birimi en büyük olan inceleme biriminin tamamı, sonraki her bir organ, eklem, bölge, alan inceleme biriminin 2/3 ü dikkate alınarak ücretlendirilir. RADYOLOJİ - 24.00001: Radyolojik incelemelerde kullanılan kontrast ilaç ve tıbbi sarf malzeme ücretleri (aksi belirtilmemiş ise) işleme dahil değildir, ayrıca ücretlendirilir. Radyolojik incelemenin değerlendirilmesi, yorumlanması ve raporlandırılması Radyoloji Uzmanı tarafından (mutlaka) yapılmalıdır. Radyoloji uzmanı raporuna adını, diploma ve uzmanlık numarasını yazarak imzalamalıdır. Radyolojik girişimlerde, Genel İlkelerin 00.57882 kodlu maddesi (ilgili bölümde/tanımda aksine bir açıklama yoksa) uygulanmaz. Aynı seansta birden fazla radyoloji incelemesi yapılması halinde, (ilgili bölüm/işlem öz",new,canonical_together_target_not_found,pending,
engine_proposal_ffa8f7a680e80b4f67c1d264,B,24.94301,"Orbita MRG, 1 Tesla ve altında MR cihazları için",sure,partial,24.94301,,{},HUV_06052025.xlsx,"MANYETİK REZONANS GÖRÜNTÜLEME (MR/MRG) - 24.80271: Bir organ/eklem/bölge/alanda yapılan MR incelemesi ile birlikte aynı seansta, aynı/farklı organ/eklem/bölge/alanda MR incelemesi yapılır ise, (incelemenin tümünü kapsayan özel bir tanım yoksa), birimi en büyük olan inceleme biriminin tamamı, sonraki her bir organ, eklem, bölge, alan inceleme biriminin 2/3 ü dikkate alınarak ücretlendirilir. RADYOLOJİ - 24.00001: Radyolojik incelemelerde kullanılan kontrast ilaç ve tıbbi sarf malzeme ücretleri (aksi belirtilmemiş ise) işleme dahil değildir, ayrıca ücretlendirilir. Radyolojik incelemenin değerlendirilmesi, yorumlanması ve raporlandırılması Radyoloji Uzmanı tarafından (mutlaka) yapılmalıdır. Radyoloji uzmanı raporuna adını, diploma ve uzmanlık numarasını yazarak imzalamalıdır. Radyolojik girişimlerde, Genel İlkelerin 00.57882 kodlu maddesi (ilgili bölümde/tanımda aksine bir açıklama yoksa) uygulanmaz. Aynı seansta birden fazla radyoloji incelemesi yapılması halinde, (ilgili bölüm/işlem öz",new,explicit_frequency_fields_not_parsed,pending,
engine_proposal_1faf436582a8511a9296654b,B,24.94531,"Temporal kemik MRG, 1 Tesla ve altında MR cihazları için",birlikteOdenmez,partial,24.94531,,{},HUV_06052025.xlsx,"MANYETİK REZONANS GÖRÜNTÜLEME (MR/MRG) - 24.80271: Bir organ/eklem/bölge/alanda yapılan MR incelemesi ile birlikte aynı seansta, aynı/farklı organ/eklem/bölge/alanda MR incelemesi yapılır ise, (incelemenin tümünü kapsayan özel bir tanım yoksa), birimi en büyük olan inceleme biriminin tamamı, sonraki her bir organ, eklem, bölge, alan inceleme biriminin 2/3 ü dikkate alınarak ücretlendirilir. RADYOLOJİ - 24.00001: Radyolojik incelemelerde kullanılan kontrast ilaç ve tıbbi sarf malzeme ücretleri (aksi belirtilmemiş ise) işleme dahil değildir, ayrıca ücretlendirilir. Radyolojik incelemenin değerlendirilmesi, yorumlanması ve raporlandırılması Radyoloji Uzmanı tarafından (mutlaka) yapılmalıdır. Radyoloji uzmanı raporuna adını, diploma ve uzmanlık numarasını yazarak imzalamalıdır. Radyolojik girişimlerde, Genel İlkelerin 00.57882 kodlu maddesi (ilgili bölümde/tanımda aksine bir açıklama yoksa) uygulanmaz. Aynı seansta birden fazla radyoloji incelemesi yapılması halinde, (ilgili bölüm/işlem öz",new,canonical_together_target_not_found,pending,
engine_proposal_ce8f6d48713bc12f50438eab,B,24.94531,"Temporal kemik MRG, 1 Tesla ve altında MR cihazları için",sure,partial,24.94531,,{},HUV_06052025.xlsx,"MANYETİK REZONANS GÖRÜNTÜLEME (MR/MRG) - 24.80271: Bir organ/eklem/bölge/alanda yapılan MR incelemesi ile birlikte aynı seansta, aynı/farklı organ/eklem/bölge/alanda MR incelemesi yapılır ise, (incelemenin tümünü kapsayan özel bir tanım yoksa), birimi en büyük olan inceleme biriminin tamamı, sonraki her bir organ, eklem, bölge, alan inceleme biriminin 2/3 ü dikkate alınarak ücretlendirilir. RADYOLOJİ - 24.00001: Radyolojik incelemelerde kullanılan kontrast ilaç ve tıbbi sarf malzeme ücretleri (aksi belirtilmemiş ise) işleme dahil değildir, ayrıca ücretlendirilir. Radyolojik incelemenin değerlendirilmesi, yorumlanması ve raporlandırılması Radyoloji Uzmanı tarafından (mutlaka) yapılmalıdır. Radyoloji uzmanı raporuna adını, diploma ve uzmanlık numarasını yazarak imzalamalıdır. Radyolojik girişimlerde, Genel İlkelerin 00.57882 kodlu maddesi (ilgili bölümde/tanımda aksine bir açıklama yoksa) uygulanmaz. Aynı seansta birden fazla radyoloji incelemesi yapılması halinde, (ilgili bölüm/işlem öz",new,explicit_frequency_fields_not_parsed,pending,
engine_proposal_15625f070905df8e22e35faf,B,24.94761,"Yüz (maksillofasiyal) MRG, 1 Tesla ve altında MR cihazları için",birlikteOdenmez,partial,24.94761,,{},HUV_06052025.xlsx,"MANYETİK REZONANS GÖRÜNTÜLEME (MR/MRG) - 24.80271: Bir organ/eklem/bölge/alanda yapılan MR incelemesi ile birlikte aynı seansta, aynı/farklı organ/eklem/bölge/alanda MR incelemesi yapılır ise, (incelemenin tümünü kapsayan özel bir tanım yoksa), birimi en büyük olan inceleme biriminin tamamı, sonraki her bir organ, eklem, bölge, alan inceleme biriminin 2/3 ü dikkate alınarak ücretlendirilir. RADYOLOJİ - 24.00001: Radyolojik incelemelerde kullanılan kontrast ilaç ve tıbbi sarf malzeme ücretleri (aksi belirtilmemiş ise) işleme dahil değildir, ayrıca ücretlendirilir. Radyolojik incelemenin değerlendirilmesi, yorumlanması ve raporlandırılması Radyoloji Uzmanı tarafından (mutlaka) yapılmalıdır. Radyoloji uzmanı raporuna adını, diploma ve uzmanlık numarasını yazarak imzalamalıdır. Radyolojik girişimlerde, Genel İlkelerin 00.57882 kodlu maddesi (ilgili bölümde/tanımda aksine bir açıklama yoksa) uygulanmaz. Aynı seansta birden fazla radyoloji incelemesi yapılması halinde, (ilgili bölüm/işlem öz",new,canonical_together_target_not_found,pending,
engine_proposal_6b7d50b03a29e15d5cf0ccf3,B,24.94761,"Yüz (maksillofasiyal) MRG, 1 Tesla ve altında MR cihazları için",sure,partial,24.94761,,{},HUV_06052025.xlsx,"MANYETİK REZONANS GÖRÜNTÜLEME (MR/MRG) - 24.80271: Bir organ/eklem/bölge/alanda yapılan MR incelemesi ile birlikte aynı seansta, aynı/farklı organ/eklem/bölge/alanda MR incelemesi yapılır ise, (incelemenin tümünü kapsayan özel bir tanım yoksa), birimi en büyük olan inceleme biriminin tamamı, sonraki her bir organ, eklem, bölge, alan inceleme biriminin 2/3 ü dikkate alınarak ücretlendirilir. RADYOLOJİ - 24.00001: Radyolojik incelemelerde kullanılan kontrast ilaç ve tıbbi sarf malzeme ücretleri (aksi belirtilmemiş ise) işleme dahil değildir, ayrıca ücretlendirilir. Radyolojik incelemenin değerlendirilmesi, yorumlanması ve raporlandırılması Radyoloji Uzmanı tarafından (mutlaka) yapılmalıdır. Radyoloji uzmanı raporuna adını, diploma ve uzmanlık numarasını yazarak imzalamalıdır. Radyolojik girişimlerde, Genel İlkelerin 00.57882 kodlu maddesi (ilgili bölümde/tanımda aksine bir açıklama yoksa) uygulanmaz. Aynı seansta birden fazla radyoloji incelemesi yapılması halinde, (ilgili bölüm/işlem öz",new,explicit_frequency_fields_not_parsed,pending,
engine_proposal_3886e64224702dd834f3af04,B,24.94991,"Boyun MRG (larinks, farinks), 1 Tesla ve altında MR cihazları için",birlikteOdenmez,partial,24.94991,,{},HUV_06052025.xlsx,"MANYETİK REZONANS GÖRÜNTÜLEME (MR/MRG) - 24.80271: Bir organ/eklem/bölge/alanda yapılan MR incelemesi ile birlikte aynı seansta, aynı/farklı organ/eklem/bölge/alanda MR incelemesi yapılır ise, (incelemenin tümünü kapsayan özel bir tanım yoksa), birimi en büyük olan inceleme biriminin tamamı, sonraki her bir organ, eklem, bölge, alan inceleme biriminin 2/3 ü dikkate alınarak ücretlendirilir. RADYOLOJİ - 24.00001: Radyolojik incelemelerde kullanılan kontrast ilaç ve tıbbi sarf malzeme ücretleri (aksi belirtilmemiş ise) işleme dahil değildir, ayrıca ücretlendirilir. Radyolojik incelemenin değerlendirilmesi, yorumlanması ve raporlandırılması Radyoloji Uzmanı tarafından (mutlaka) yapılmalıdır. Radyoloji uzmanı raporuna adını, diploma ve uzmanlık numarasını yazarak imzalamalıdır. Radyolojik girişimlerde, Genel İlkelerin 00.57882 kodlu maddesi (ilgili bölümde/tanımda aksine bir açıklama yoksa) uygulanmaz. Aynı seansta birden fazla radyoloji incelemesi yapılması halinde, (ilgili bölüm/işlem öz",new,canonical_together_target_not_found,pending,
engine_proposal_ae3126d50412ee742d004df4,B,24.94991,"Boyun MRG (larinks, farinks), 1 Tesla ve altında MR cihazları için",sure,partial,24.94991,,{},HUV_06052025.xlsx,"MANYETİK REZONANS GÖRÜNTÜLEME (MR/MRG) - 24.80271: Bir organ/eklem/bölge/alanda yapılan MR incelemesi ile birlikte aynı seansta, aynı/farklı organ/eklem/bölge/alanda MR incelemesi yapılır ise, (incelemenin tümünü kapsayan özel bir tanım yoksa), birimi en büyük olan inceleme biriminin tamamı, sonraki her bir organ, eklem, bölge, alan inceleme biriminin 2/3 ü dikkate alınarak ücretlendirilir. RADYOLOJİ - 24.00001: Radyolojik incelemelerde kullanılan kontrast ilaç ve tıbbi sarf malzeme ücretleri (aksi belirtilmemiş ise) işleme dahil değildir, ayrıca ücretlendirilir. Radyolojik incelemenin değerlendirilmesi, yorumlanması ve raporlandırılması Radyoloji Uzmanı tarafından (mutlaka) yapılmalıdır. Radyoloji uzmanı raporuna adını, diploma ve uzmanlık numarasını yazarak imzalamalıdır. Radyolojik girişimlerde, Genel İlkelerin 00.57882 kodlu maddesi (ilgili bölümde/tanımda aksine bir açıklama yoksa) uygulanmaz. Aynı seansta birden fazla radyoloji incelemesi yapılması halinde, (ilgili bölüm/işlem öz",new,explicit_frequency_fields_not_parsed,pending,
engine_proposal_11a41d370cf51d4b32e1839e,B,24.95221,"Toraks MRG, 1 Tesla ve altında MR cihazları için",birlikteOdenmez,partial,24.95221,,{},HUV_06052025.xlsx,"MANYETİK REZONANS GÖRÜNTÜLEME (MR/MRG) - 24.80271: Bir organ/eklem/bölge/alanda yapılan MR incelemesi ile birlikte aynı seansta, aynı/farklı organ/eklem/bölge/alanda MR incelemesi yapılır ise, (incelemenin tümünü kapsayan özel bir tanım yoksa), birimi en büyük olan inceleme biriminin tamamı, sonraki her bir organ, eklem, bölge, alan inceleme biriminin 2/3 ü dikkate alınarak ücretlendirilir. RADYOLOJİ - 24.00001: Radyolojik incelemelerde kullanılan kontrast ilaç ve tıbbi sarf malzeme ücretleri (aksi belirtilmemiş ise) işleme dahil değildir, ayrıca ücretlendirilir. Radyolojik incelemenin değerlendirilmesi, yorumlanması ve raporlandırılması Radyoloji Uzmanı tarafından (mutlaka) yapılmalıdır. Radyoloji uzmanı raporuna adını, diploma ve uzmanlık numarasını yazarak imzalamalıdır. Radyolojik girişimlerde, Genel İlkelerin 00.57882 kodlu maddesi (ilgili bölümde/tanımda aksine bir açıklama yoksa) uygulanmaz. Aynı seansta birden fazla radyoloji incelemesi yapılması halinde, (ilgili bölüm/işlem öz",new,canonical_together_target_not_found,pending,
engine_proposal_f102f64644fa393878f3774d,B,24.95221,"Toraks MRG, 1 Tesla ve altında MR cihazları için",sure,partial,24.95221,,{},HUV_06052025.xlsx,"MANYETİK REZONANS GÖRÜNTÜLEME (MR/MRG) - 24.80271: Bir organ/eklem/bölge/alanda yapılan MR incelemesi ile birlikte aynı seansta, aynı/farklı organ/eklem/bölge/alanda MR incelemesi yapılır ise, (incelemenin tümünü kapsayan özel bir tanım yoksa), birimi en büyük olan inceleme biriminin tamamı, sonraki her bir organ, eklem, bölge, alan inceleme biriminin 2/3 ü dikkate alınarak ücretlendirilir. RADYOLOJİ - 24.00001: Radyolojik incelemelerde kullanılan kontrast ilaç ve tıbbi sarf malzeme ücretleri (aksi belirtilmemiş ise) işleme dahil değildir, ayrıca ücretlendirilir. Radyolojik incelemenin değerlendirilmesi, yorumlanması ve raporlandırılması Radyoloji Uzmanı tarafından (mutlaka) yapılmalıdır. Radyoloji uzmanı raporuna adını, diploma ve uzmanlık numarasını yazarak imzalamalıdır. Radyolojik girişimlerde, Genel İlkelerin 00.57882 kodlu maddesi (ilgili bölümde/tanımda aksine bir açıklama yoksa) uygulanmaz. Aynı seansta birden fazla radyoloji incelemesi yapılması halinde, (ilgili bölüm/işlem öz",new,explicit_frequency_fields_not_parsed,pending,
engine_proposal_cd57d89c0e94adaadab392f0,B,24.95451,"Meme MRG, tek meme, 1 Tesla ve altında MR cihazları için",birlikteOdenmez,partial,24.95451,,{},HUV_06052025.xlsx,"MANYETİK REZONANS GÖRÜNTÜLEME (MR/MRG) - 24.80271: Bir organ/eklem/bölge/alanda yapılan MR incelemesi ile birlikte aynı seansta, aynı/farklı organ/eklem/bölge/alanda MR incelemesi yapılır ise, (incelemenin tümünü kapsayan özel bir tanım yoksa), birimi en büyük olan inceleme biriminin tamamı, sonraki her bir organ, eklem, bölge, alan inceleme biriminin 2/3 ü dikkate alınarak ücretlendirilir. RADYOLOJİ - 24.00001: Radyolojik incelemelerde kullanılan kontrast ilaç ve tıbbi sarf malzeme ücretleri (aksi belirtilmemiş ise) işleme dahil değildir, ayrıca ücretlendirilir. Radyolojik incelemenin değerlendirilmesi, yorumlanması ve raporlandırılması Radyoloji Uzmanı tarafından (mutlaka) yapılmalıdır. Radyoloji uzmanı raporuna adını, diploma ve uzmanlık numarasını yazarak imzalamalıdır. Radyolojik girişimlerde, Genel İlkelerin 00.57882 kodlu maddesi (ilgili bölümde/tanımda aksine bir açıklama yoksa) uygulanmaz. Aynı seansta birden fazla radyoloji incelemesi yapılması halinde, (ilgili bölüm/işlem öz",new,canonical_together_target_not_found,pending,
engine_proposal_d792950f28999149ba2a39af,B,24.95451,"Meme MRG, tek meme, 1 Tesla ve altında MR cihazları için",sure,partial,24.95451,,{},HUV_06052025.xlsx,"MANYETİK REZONANS GÖRÜNTÜLEME (MR/MRG) - 24.80271: Bir organ/eklem/bölge/alanda yapılan MR incelemesi ile birlikte aynı seansta, aynı/farklı organ/eklem/bölge/alanda MR incelemesi yapılır ise, (incelemenin tümünü kapsayan özel bir tanım yoksa), birimi en büyük olan inceleme biriminin tamamı, sonraki her bir organ, eklem, bölge, alan inceleme biriminin 2/3 ü dikkate alınarak ücretlendirilir. RADYOLOJİ - 24.00001: Radyolojik incelemelerde kullanılan kontrast ilaç ve tıbbi sarf malzeme ücretleri (aksi belirtilmemiş ise) işleme dahil değildir, ayrıca ücretlendirilir. Radyolojik incelemenin değerlendirilmesi, yorumlanması ve raporlandırılması Radyoloji Uzmanı tarafından (mutlaka) yapılmalıdır. Radyoloji uzmanı raporuna adını, diploma ve uzmanlık numarasını yazarak imzalamalıdır. Radyolojik girişimlerde, Genel İlkelerin 00.57882 kodlu maddesi (ilgili bölümde/tanımda aksine bir açıklama yoksa) uygulanmaz. Aynı seansta birden fazla radyoloji incelemesi yapılması halinde, (ilgili bölüm/işlem öz",new,explicit_frequency_fields_not_parsed,pending,
engine_proposal_43c9a639a0ac47d22a91d422,B,24.95681,"Meme MRG, iki meme, 1 Tesla ve altında MR cihazları için",birlikteOdenmez,partial,24.95681,,{},HUV_06052025.xlsx,"MANYETİK REZONANS GÖRÜNTÜLEME (MR/MRG) - 24.80271: Bir organ/eklem/bölge/alanda yapılan MR incelemesi ile birlikte aynı seansta, aynı/farklı organ/eklem/bölge/alanda MR incelemesi yapılır ise, (incelemenin tümünü kapsayan özel bir tanım yoksa), birimi en büyük olan inceleme biriminin tamamı, sonraki her bir organ, eklem, bölge, alan inceleme biriminin 2/3 ü dikkate alınarak ücretlendirilir. RADYOLOJİ - 24.00001: Radyolojik incelemelerde kullanılan kontrast ilaç ve tıbbi sarf malzeme ücretleri (aksi belirtilmemiş ise) işleme dahil değildir, ayrıca ücretlendirilir. Radyolojik incelemenin değerlendirilmesi, yorumlanması ve raporlandırılması Radyoloji Uzmanı tarafından (mutlaka) yapılmalıdır. Radyoloji uzmanı raporuna adını, diploma ve uzmanlık numarasını yazarak imzalamalıdır. Radyolojik girişimlerde, Genel İlkelerin 00.57882 kodlu maddesi (ilgili bölümde/tanımda aksine bir açıklama yoksa) uygulanmaz. Aynı seansta birden fazla radyoloji incelemesi yapılması halinde, (ilgili bölüm/işlem öz",new,canonical_together_target_not_found,pending,
engine_proposal_5f3ef97538ede1b3fd4d7536,B,24.95681,"Meme MRG, iki meme, 1 Tesla ve altında MR cihazları için",sure,partial,24.95681,,{},HUV_06052025.xlsx,"MANYETİK REZONANS GÖRÜNTÜLEME (MR/MRG) - 24.80271: Bir organ/eklem/bölge/alanda yapılan MR incelemesi ile birlikte aynı seansta, aynı/farklı organ/eklem/bölge/alanda MR incelemesi yapılır ise, (incelemenin tümünü kapsayan özel bir tanım yoksa), birimi en büyük olan inceleme biriminin tamamı, sonraki her bir organ, eklem, bölge, alan inceleme biriminin 2/3 ü dikkate alınarak ücretlendirilir. RADYOLOJİ - 24.00001: Radyolojik incelemelerde kullanılan kontrast ilaç ve tıbbi sarf malzeme ücretleri (aksi belirtilmemiş ise) işleme dahil değildir, ayrıca ücretlendirilir. Radyolojik incelemenin değerlendirilmesi, yorumlanması ve raporlandırılması Radyoloji Uzmanı tarafından (mutlaka) yapılmalıdır. Radyoloji uzmanı raporuna adını, diploma ve uzmanlık numarasını yazarak imzalamalıdır. Radyolojik girişimlerde, Genel İlkelerin 00.57882 kodlu maddesi (ilgili bölümde/tanımda aksine bir açıklama yoksa) uygulanmaz. Aynı seansta birden fazla radyoloji incelemesi yapılması halinde, (ilgili bölüm/işlem öz",new,explicit_frequency_fields_not_parsed,pending,
engine_proposal_3e39357294e3c6373ed2b521,B,24.95911,"Üst abdomen MRG, 1 Tesla ve altında MR cihazları için",birlikteOdenmez,partial,24.95911,,{},HUV_06052025.xlsx,"MANYETİK REZONANS GÖRÜNTÜLEME (MR/MRG) - 24.80271: Bir organ/eklem/bölge/alanda yapılan MR incelemesi ile birlikte aynı seansta, aynı/farklı organ/eklem/bölge/alanda MR incelemesi yapılır ise, (incelemenin tümünü kapsayan özel bir tanım yoksa), birimi en büyük olan inceleme biriminin tamamı, sonraki her bir organ, eklem, bölge, alan inceleme biriminin 2/3 ü dikkate alınarak ücretlendirilir. RADYOLOJİ - 24.00001: Radyolojik incelemelerde kullanılan kontrast ilaç ve tıbbi sarf malzeme ücretleri (aksi belirtilmemiş ise) işleme dahil değildir, ayrıca ücretlendirilir. Radyolojik incelemenin değerlendirilmesi, yorumlanması ve raporlandırılması Radyoloji Uzmanı tarafından (mutlaka) yapılmalıdır. Radyoloji uzmanı raporuna adını, diploma ve uzmanlık numarasını yazarak imzalamalıdır. Radyolojik girişimlerde, Genel İlkelerin 00.57882 kodlu maddesi (ilgili bölümde/tanımda aksine bir açıklama yoksa) uygulanmaz. Aynı seansta birden fazla radyoloji incelemesi yapılması halinde, (ilgili bölüm/işlem öz",new,canonical_together_target_not_found,pending,
engine_proposal_5998c5ec6aacf5dbbacdfc64,B,24.95911,"Üst abdomen MRG, 1 Tesla ve altında MR cihazları için",sure,partial,24.95911,,{},HUV_06052025.xlsx,"MANYETİK REZONANS GÖRÜNTÜLEME (MR/MRG) - 24.80271: Bir organ/eklem/bölge/alanda yapılan MR incelemesi ile birlikte aynı seansta, aynı/farklı organ/eklem/bölge/alanda MR incelemesi yapılır ise, (incelemenin tümünü kapsayan özel bir tanım yoksa), birimi en büyük olan inceleme biriminin tamamı, sonraki her bir organ, eklem, bölge, alan inceleme biriminin 2/3 ü dikkate alınarak ücretlendirilir. RADYOLOJİ - 24.00001: Radyolojik incelemelerde kullanılan kontrast ilaç ve tıbbi sarf malzeme ücretleri (aksi belirtilmemiş ise) işleme dahil değildir, ayrıca ücretlendirilir. Radyolojik incelemenin değerlendirilmesi, yorumlanması ve raporlandırılması Radyoloji Uzmanı tarafından (mutlaka) yapılmalıdır. Radyoloji uzmanı raporuna adını, diploma ve uzmanlık numarasını yazarak imzalamalıdır. Radyolojik girişimlerde, Genel İlkelerin 00.57882 kodlu maddesi (ilgili bölümde/tanımda aksine bir açıklama yoksa) uygulanmaz. Aynı seansta birden fazla radyoloji incelemesi yapılması halinde, (ilgili bölüm/işlem öz",new,explicit_frequency_fields_not_parsed,pending,
engine_proposal_8ca040040c32c1cf22fecb6a,B,24.96141,"Alt abdomen MRG, 1 Tesla ve altında MR cihazları için",birlikteOdenmez,partial,24.96141,,{},HUV_06052025.xlsx,"MANYETİK REZONANS GÖRÜNTÜLEME (MR/MRG) - 24.80271: Bir organ/eklem/bölge/alanda yapılan MR incelemesi ile birlikte aynı seansta, aynı/farklı organ/eklem/bölge/alanda MR incelemesi yapılır ise, (incelemenin tümünü kapsayan özel bir tanım yoksa), birimi en büyük olan inceleme biriminin tamamı, sonraki her bir organ, eklem, bölge, alan inceleme biriminin 2/3 ü dikkate alınarak ücretlendirilir. RADYOLOJİ - 24.00001: Radyolojik incelemelerde kullanılan kontrast ilaç ve tıbbi sarf malzeme ücretleri (aksi belirtilmemiş ise) işleme dahil değildir, ayrıca ücretlendirilir. Radyolojik incelemenin değerlendirilmesi, yorumlanması ve raporlandırılması Radyoloji Uzmanı tarafından (mutlaka) yapılmalıdır. Radyoloji uzmanı raporuna adını, diploma ve uzmanlık numarasını yazarak imzalamalıdır. Radyolojik girişimlerde, Genel İlkelerin 00.57882 kodlu maddesi (ilgili bölümde/tanımda aksine bir açıklama yoksa) uygulanmaz. Aynı seansta birden fazla radyoloji incelemesi yapılması halinde, (ilgili bölüm/işlem öz",new,canonical_together_target_not_found,pending,
engine_proposal_b6d8566b20e05024bc423137,B,24.96141,"Alt abdomen MRG, 1 Tesla ve altında MR cihazları için",sure,partial,24.96141,,{},HUV_06052025.xlsx,"MANYETİK REZONANS GÖRÜNTÜLEME (MR/MRG) - 24.80271: Bir organ/eklem/bölge/alanda yapılan MR incelemesi ile birlikte aynı seansta, aynı/farklı organ/eklem/bölge/alanda MR incelemesi yapılır ise, (incelemenin tümünü kapsayan özel bir tanım yoksa), birimi en büyük olan inceleme biriminin tamamı, sonraki her bir organ, eklem, bölge, alan inceleme biriminin 2/3 ü dikkate alınarak ücretlendirilir. RADYOLOJİ - 24.00001: Radyolojik incelemelerde kullanılan kontrast ilaç ve tıbbi sarf malzeme ücretleri (aksi belirtilmemiş ise) işleme dahil değildir, ayrıca ücretlendirilir. Radyolojik incelemenin değerlendirilmesi, yorumlanması ve raporlandırılması Radyoloji Uzmanı tarafından (mutlaka) yapılmalıdır. Radyoloji uzmanı raporuna adını, diploma ve uzmanlık numarasını yazarak imzalamalıdır. Radyolojik girişimlerde, Genel İlkelerin 00.57882 kodlu maddesi (ilgili bölümde/tanımda aksine bir açıklama yoksa) uygulanmaz. Aynı seansta birden fazla radyoloji incelemesi yapılması halinde, (ilgili bölüm/işlem öz",new,explicit_frequency_fields_not_parsed,pending,
engine_proposal_53cf50ccd667400ba6592fbd,B,24.96371,"Tüm abdomen MRG, 1 Tesla ve altında MR cihazları için",birlikteOdenmez,partial,24.96371,,{},HUV_06052025.xlsx,"MANYETİK REZONANS GÖRÜNTÜLEME (MR/MRG) - 24.80271: Bir organ/eklem/bölge/alanda yapılan MR incelemesi ile birlikte aynı seansta, aynı/farklı organ/eklem/bölge/alanda MR incelemesi yapılır ise, (incelemenin tümünü kapsayan özel bir tanım yoksa), birimi en büyük olan inceleme biriminin tamamı, sonraki her bir organ, eklem, bölge, alan inceleme biriminin 2/3 ü dikkate alınarak ücretlendirilir. RADYOLOJİ - 24.00001: Radyolojik incelemelerde kullanılan kontrast ilaç ve tıbbi sarf malzeme ücretleri (aksi belirtilmemiş ise) işleme dahil değildir, ayrıca ücretlendirilir. Radyolojik incelemenin değerlendirilmesi, yorumlanması ve raporlandırılması Radyoloji Uzmanı tarafından (mutlaka) yapılmalıdır. Radyoloji uzmanı raporuna adını, diploma ve uzmanlık numarasını yazarak imzalamalıdır. Radyolojik girişimlerde, Genel İlkelerin 00.57882 kodlu maddesi (ilgili bölümde/tanımda aksine bir açıklama yoksa) uygulanmaz. Aynı seansta birden fazla radyoloji incelemesi yapılması halinde, (ilgili bölüm/işlem öz",new,canonical_together_target_not_found,pending,
engine_proposal_2732b9f896651fb1d58668ae,B,24.96371,"Tüm abdomen MRG, 1 Tesla ve altında MR cihazları için",sure,partial,24.96371,,{},HUV_06052025.xlsx,"MANYETİK REZONANS GÖRÜNTÜLEME (MR/MRG) - 24.80271: Bir organ/eklem/bölge/alanda yapılan MR incelemesi ile birlikte aynı seansta, aynı/farklı organ/eklem/bölge/alanda MR incelemesi yapılır ise, (incelemenin tümünü kapsayan özel bir tanım yoksa), birimi en büyük olan inceleme biriminin tamamı, sonraki her bir organ, eklem, bölge, alan inceleme biriminin 2/3 ü dikkate alınarak ücretlendirilir. RADYOLOJİ - 24.00001: Radyolojik incelemelerde kullanılan kontrast ilaç ve tıbbi sarf malzeme ücretleri (aksi belirtilmemiş ise) işleme dahil değildir, ayrıca ücretlendirilir. Radyolojik incelemenin değerlendirilmesi, yorumlanması ve raporlandırılması Radyoloji Uzmanı tarafından (mutlaka) yapılmalıdır. Radyoloji uzmanı raporuna adını, diploma ve uzmanlık numarasını yazarak imzalamalıdır. Radyolojik girişimlerde, Genel İlkelerin 00.57882 kodlu maddesi (ilgili bölümde/tanımda aksine bir açıklama yoksa) uygulanmaz. Aynı seansta birden fazla radyoloji incelemesi yapılması halinde, (ilgili bölüm/işlem öz",new,explicit_frequency_fields_not_parsed,pending,
engine_proposal_08d6881af42d52e747f51119,B,24.96601,"Tek eklem MRG, 1 Tesla ve altında MR cihazları için",birlikteOdenmez,partial,24.96601,,{},HUV_06052025.xlsx,"MANYETİK REZONANS GÖRÜNTÜLEME (MR/MRG) - 24.80271: Bir organ/eklem/bölge/alanda yapılan MR incelemesi ile birlikte aynı seansta, aynı/farklı organ/eklem/bölge/alanda MR incelemesi yapılır ise, (incelemenin tümünü kapsayan özel bir tanım yoksa), birimi en büyük olan inceleme biriminin tamamı, sonraki her bir organ, eklem, bölge, alan inceleme biriminin 2/3 ü dikkate alınarak ücretlendirilir. RADYOLOJİ - 24.00001: Radyolojik incelemelerde kullanılan kontrast ilaç ve tıbbi sarf malzeme ücretleri (aksi belirtilmemiş ise) işleme dahil değildir, ayrıca ücretlendirilir. Radyolojik incelemenin değerlendirilmesi, yorumlanması ve raporlandırılması Radyoloji Uzmanı tarafından (mutlaka) yapılmalıdır. Radyoloji uzmanı raporuna adını, diploma ve uzmanlık numarasını yazarak imzalamalıdır. Radyolojik girişimlerde, Genel İlkelerin 00.57882 kodlu maddesi (ilgili bölümde/tanımda aksine bir açıklama yoksa) uygulanmaz. Aynı seansta birden fazla radyoloji incelemesi yapılması halinde, (ilgili bölüm/işlem öz",new,canonical_together_target_not_found,pending,
engine_proposal_b9dd9012d47b42827ff6049f,B,24.96601,"Tek eklem MRG, 1 Tesla ve altında MR cihazları için",sure,partial,24.96601,,{},HUV_06052025.xlsx,"MANYETİK REZONANS GÖRÜNTÜLEME (MR/MRG) - 24.80271: Bir organ/eklem/bölge/alanda yapılan MR incelemesi ile birlikte aynı seansta, aynı/farklı organ/eklem/bölge/alanda MR incelemesi yapılır ise, (incelemenin tümünü kapsayan özel bir tanım yoksa), birimi en büyük olan inceleme biriminin tamamı, sonraki her bir organ, eklem, bölge, alan inceleme biriminin 2/3 ü dikkate alınarak ücretlendirilir. RADYOLOJİ - 24.00001: Radyolojik incelemelerde kullanılan kontrast ilaç ve tıbbi sarf malzeme ücretleri (aksi belirtilmemiş ise) işleme dahil değildir, ayrıca ücretlendirilir. Radyolojik incelemenin değerlendirilmesi, yorumlanması ve raporlandırılması Radyoloji Uzmanı tarafından (mutlaka) yapılmalıdır. Radyoloji uzmanı raporuna adını, diploma ve uzmanlık numarasını yazarak imzalamalıdır. Radyolojik girişimlerde, Genel İlkelerin 00.57882 kodlu maddesi (ilgili bölümde/tanımda aksine bir açıklama yoksa) uygulanmaz. Aynı seansta birden fazla radyoloji incelemesi yapılması halinde, (ilgili bölüm/işlem öz",new,explicit_frequency_fields_not_parsed,pending,
engine_proposal_d68b152e7ac4337b9c2ce1f9,B,24.96831,"Temporomandibuler eklem MRG, 1 Tesla ve altında MR cihazları için",birlikteOdenmez,partial,24.96831,,{},HUV_06052025.xlsx,"MANYETİK REZONANS GÖRÜNTÜLEME (MR/MRG) - 24.80271: Bir organ/eklem/bölge/alanda yapılan MR incelemesi ile birlikte aynı seansta, aynı/farklı organ/eklem/bölge/alanda MR incelemesi yapılır ise, (incelemenin tümünü kapsayan özel bir tanım yoksa), birimi en büyük olan inceleme biriminin tamamı, sonraki her bir organ, eklem, bölge, alan inceleme biriminin 2/3 ü dikkate alınarak ücretlendirilir. RADYOLOJİ - 24.00001: Radyolojik incelemelerde kullanılan kontrast ilaç ve tıbbi sarf malzeme ücretleri (aksi belirtilmemiş ise) işleme dahil değildir, ayrıca ücretlendirilir. Radyolojik incelemenin değerlendirilmesi, yorumlanması ve raporlandırılması Radyoloji Uzmanı tarafından (mutlaka) yapılmalıdır. Radyoloji uzmanı raporuna adını, diploma ve uzmanlık numarasını yazarak imzalamalıdır. Radyolojik girişimlerde, Genel İlkelerin 00.57882 kodlu maddesi (ilgili bölümde/tanımda aksine bir açıklama yoksa) uygulanmaz. Aynı seansta birden fazla radyoloji incelemesi yapılması halinde, (ilgili bölüm/işlem öz",new,canonical_together_target_not_found,pending,
engine_proposal_1b4cc5a4d4c670e162a61df7,B,24.96831,"Temporomandibuler eklem MRG, 1 Tesla ve altında MR cihazları için",sure,partial,24.96831,,{},HUV_06052025.xlsx,"MANYETİK REZONANS GÖRÜNTÜLEME (MR/MRG) - 24.80271: Bir organ/eklem/bölge/alanda yapılan MR incelemesi ile birlikte aynı seansta, aynı/farklı organ/eklem/bölge/alanda MR incelemesi yapılır ise, (incelemenin tümünü kapsayan özel bir tanım yoksa), birimi en büyük olan inceleme biriminin tamamı, sonraki her bir organ, eklem, bölge, alan inceleme biriminin 2/3 ü dikkate alınarak ücretlendirilir. RADYOLOJİ - 24.00001: Radyolojik incelemelerde kullanılan kontrast ilaç ve tıbbi sarf malzeme ücretleri (aksi belirtilmemiş ise) işleme dahil değildir, ayrıca ücretlendirilir. Radyolojik incelemenin değerlendirilmesi, yorumlanması ve raporlandırılması Radyoloji Uzmanı tarafından (mutlaka) yapılmalıdır. Radyoloji uzmanı raporuna adını, diploma ve uzmanlık numarasını yazarak imzalamalıdır. Radyolojik girişimlerde, Genel İlkelerin 00.57882 kodlu maddesi (ilgili bölümde/tanımda aksine bir açıklama yoksa) uygulanmaz. Aynı seansta birden fazla radyoloji incelemesi yapılması halinde, (ilgili bölüm/işlem öz",new,explicit_frequency_fields_not_parsed,pending,
engine_proposal_942b634f5ae8748275b7c387,B,24.97061,"Tek ekstremite MRG (kol, önkol, uyluk, bacak), 1 Tesla ve altında MR cihazları için",birlikteOdenmez,partial,24.97061,,{},HUV_06052025.xlsx,"MANYETİK REZONANS GÖRÜNTÜLEME (MR/MRG) - 24.80271: Bir organ/eklem/bölge/alanda yapılan MR incelemesi ile birlikte aynı seansta, aynı/farklı organ/eklem/bölge/alanda MR incelemesi yapılır ise, (incelemenin tümünü kapsayan özel bir tanım yoksa), birimi en büyük olan inceleme biriminin tamamı, sonraki her bir organ, eklem, bölge, alan inceleme biriminin 2/3 ü dikkate alınarak ücretlendirilir. RADYOLOJİ - 24.00001: Radyolojik incelemelerde kullanılan kontrast ilaç ve tıbbi sarf malzeme ücretleri (aksi belirtilmemiş ise) işleme dahil değildir, ayrıca ücretlendirilir. Radyolojik incelemenin değerlendirilmesi, yorumlanması ve raporlandırılması Radyoloji Uzmanı tarafından (mutlaka) yapılmalıdır. Radyoloji uzmanı raporuna adını, diploma ve uzmanlık numarasını yazarak imzalamalıdır. Radyolojik girişimlerde, Genel İlkelerin 00.57882 kodlu maddesi (ilgili bölümde/tanımda aksine bir açıklama yoksa) uygulanmaz. Aynı seansta birden fazla radyoloji incelemesi yapılması halinde, (ilgili bölüm/işlem öz",new,canonical_together_target_not_found,pending,
engine_proposal_ad958bb4b3790b0a7f099300,B,24.97061,"Tek ekstremite MRG (kol, önkol, uyluk, bacak), 1 Tesla ve altında MR cihazları için",sure,partial,24.97061,,{},HUV_06052025.xlsx,"MANYETİK REZONANS GÖRÜNTÜLEME (MR/MRG) - 24.80271: Bir organ/eklem/bölge/alanda yapılan MR incelemesi ile birlikte aynı seansta, aynı/farklı organ/eklem/bölge/alanda MR incelemesi yapılır ise, (incelemenin tümünü kapsayan özel bir tanım yoksa), birimi en büyük olan inceleme biriminin tamamı, sonraki her bir organ, eklem, bölge, alan inceleme biriminin 2/3 ü dikkate alınarak ücretlendirilir. RADYOLOJİ - 24.00001: Radyolojik incelemelerde kullanılan kontrast ilaç ve tıbbi sarf malzeme ücretleri (aksi belirtilmemiş ise) işleme dahil değildir, ayrıca ücretlendirilir. Radyolojik incelemenin değerlendirilmesi, yorumlanması ve raporlandırılması Radyoloji Uzmanı tarafından (mutlaka) yapılmalıdır. Radyoloji uzmanı raporuna adını, diploma ve uzmanlık numarasını yazarak imzalamalıdır. Radyolojik girişimlerde, Genel İlkelerin 00.57882 kodlu maddesi (ilgili bölümde/tanımda aksine bir açıklama yoksa) uygulanmaz. Aynı seansta birden fazla radyoloji incelemesi yapılması halinde, (ilgili bölüm/işlem öz",new,explicit_frequency_fields_not_parsed,pending,
engine_proposal_a8826cf0dedbed992679a96c,B,24.97291,"Vertebral kolon MRG, tek bölge, 1 Tesla ve altında MR cihazları için",birlikteOdenmez,partial,24.97291,,{},HUV_06052025.xlsx,"MANYETİK REZONANS GÖRÜNTÜLEME (MR/MRG) - 24.80271: Bir organ/eklem/bölge/alanda yapılan MR incelemesi ile birlikte aynı seansta, aynı/farklı organ/eklem/bölge/alanda MR incelemesi yapılır ise, (incelemenin tümünü kapsayan özel bir tanım yoksa), birimi en büyük olan inceleme biriminin tamamı, sonraki her bir organ, eklem, bölge, alan inceleme biriminin 2/3 ü dikkate alınarak ücretlendirilir. RADYOLOJİ - 24.00001: Radyolojik incelemelerde kullanılan kontrast ilaç ve tıbbi sarf malzeme ücretleri (aksi belirtilmemiş ise) işleme dahil değildir, ayrıca ücretlendirilir. Radyolojik incelemenin değerlendirilmesi, yorumlanması ve raporlandırılması Radyoloji Uzmanı tarafından (mutlaka) yapılmalıdır. Radyoloji uzmanı raporuna adını, diploma ve uzmanlık numarasını yazarak imzalamalıdır. Radyolojik girişimlerde, Genel İlkelerin 00.57882 kodlu maddesi (ilgili bölümde/tanımda aksine bir açıklama yoksa) uygulanmaz. Aynı seansta birden fazla radyoloji incelemesi yapılması halinde, (ilgili bölüm/işlem öz",new,canonical_together_target_not_found,pending,
engine_proposal_74d31b0001c4c359396becf8,B,24.97291,"Vertebral kolon MRG, tek bölge, 1 Tesla ve altında MR cihazları için",sure,partial,24.97291,,{},HUV_06052025.xlsx,"MANYETİK REZONANS GÖRÜNTÜLEME (MR/MRG) - 24.80271: Bir organ/eklem/bölge/alanda yapılan MR incelemesi ile birlikte aynı seansta, aynı/farklı organ/eklem/bölge/alanda MR incelemesi yapılır ise, (incelemenin tümünü kapsayan özel bir tanım yoksa), birimi en büyük olan inceleme biriminin tamamı, sonraki her bir organ, eklem, bölge, alan inceleme biriminin 2/3 ü dikkate alınarak ücretlendirilir. RADYOLOJİ - 24.00001: Radyolojik incelemelerde kullanılan kontrast ilaç ve tıbbi sarf malzeme ücretleri (aksi belirtilmemiş ise) işleme dahil değildir, ayrıca ücretlendirilir. Radyolojik incelemenin değerlendirilmesi, yorumlanması ve raporlandırılması Radyoloji Uzmanı tarafından (mutlaka) yapılmalıdır. Radyoloji uzmanı raporuna adını, diploma ve uzmanlık numarasını yazarak imzalamalıdır. Radyolojik girişimlerde, Genel İlkelerin 00.57882 kodlu maddesi (ilgili bölümde/tanımda aksine bir açıklama yoksa) uygulanmaz. Aynı seansta birden fazla radyoloji incelemesi yapılması halinde, (ilgili bölüm/işlem öz",new,explicit_frequency_fields_not_parsed,pending,
engine_proposal_54c5130cbcab8b2d157f327a,B,24.97521,"Baskılı (yüklemeli) Vertebral Kolon MRG, tek bölge, 1 Tesla ve altında MR cihazları için",birlikteOdenmez,partial,24.97521,,{},HUV_06052025.xlsx,"MANYETİK REZONANS GÖRÜNTÜLEME (MR/MRG) - 24.80271: Bir organ/eklem/bölge/alanda yapılan MR incelemesi ile birlikte aynı seansta, aynı/farklı organ/eklem/bölge/alanda MR incelemesi yapılır ise, (incelemenin tümünü kapsayan özel bir tanım yoksa), birimi en büyük olan inceleme biriminin tamamı, sonraki her bir organ, eklem, bölge, alan inceleme biriminin 2/3 ü dikkate alınarak ücretlendirilir. RADYOLOJİ - 24.00001: Radyolojik incelemelerde kullanılan kontrast ilaç ve tıbbi sarf malzeme ücretleri (aksi belirtilmemiş ise) işleme dahil değildir, ayrıca ücretlendirilir. Radyolojik incelemenin değerlendirilmesi, yorumlanması ve raporlandırılması Radyoloji Uzmanı tarafından (mutlaka) yapılmalıdır. Radyoloji uzmanı raporuna adını, diploma ve uzmanlık numarasını yazarak imzalamalıdır. Radyolojik girişimlerde, Genel İlkelerin 00.57882 kodlu maddesi (ilgili bölümde/tanımda aksine bir açıklama yoksa) uygulanmaz. Aynı seansta birden fazla radyoloji incelemesi yapılması halinde, (ilgili bölüm/işlem öz",new,canonical_together_target_not_found,pending,
engine_proposal_53be7de39bac1cdb5159e7b1,B,24.97521,"Baskılı (yüklemeli) Vertebral Kolon MRG, tek bölge, 1 Tesla ve altında MR cihazları için",sure,partial,24.97521,,{},HUV_06052025.xlsx,"MANYETİK REZONANS GÖRÜNTÜLEME (MR/MRG) - 24.80271: Bir organ/eklem/bölge/alanda yapılan MR incelemesi ile birlikte aynı seansta, aynı/farklı organ/eklem/bölge/alanda MR incelemesi yapılır ise, (incelemenin tümünü kapsayan özel bir tanım yoksa), birimi en büyük olan inceleme biriminin tamamı, sonraki her bir organ, eklem, bölge, alan inceleme biriminin 2/3 ü dikkate alınarak ücretlendirilir. RADYOLOJİ - 24.00001: Radyolojik incelemelerde kullanılan kontrast ilaç ve tıbbi sarf malzeme ücretleri (aksi belirtilmemiş ise) işleme dahil değildir, ayrıca ücretlendirilir. Radyolojik incelemenin değerlendirilmesi, yorumlanması ve raporlandırılması Radyoloji Uzmanı tarafından (mutlaka) yapılmalıdır. Radyoloji uzmanı raporuna adını, diploma ve uzmanlık numarasını yazarak imzalamalıdır. Radyolojik girişimlerde, Genel İlkelerin 00.57882 kodlu maddesi (ilgili bölümde/tanımda aksine bir açıklama yoksa) uygulanmaz. Aynı seansta birden fazla radyoloji incelemesi yapılması halinde, (ilgili bölüm/işlem öz",new,explicit_frequency_fields_not_parsed,pending,
engine_proposal_c85f584e69c43d9ed0d971b7,B,24.97751,"Kontrastsız MR anjiyografi, tek anatomik bölge, 1 Tesla ve altında MR cihazları için",birlikteOdenmez,partial,24.97751,,{},HUV_06052025.xlsx,"MANYETİK REZONANS GÖRÜNTÜLEME (MR/MRG) - 24.80271: Bir organ/eklem/bölge/alanda yapılan MR incelemesi ile birlikte aynı seansta, aynı/farklı organ/eklem/bölge/alanda MR incelemesi yapılır ise, (incelemenin tümünü kapsayan özel bir tanım yoksa), birimi en büyük olan inceleme biriminin tamamı, sonraki her bir organ, eklem, bölge, alan inceleme biriminin 2/3 ü dikkate alınarak ücretlendirilir. RADYOLOJİ - 24.00001: Radyolojik incelemelerde kullanılan kontrast ilaç ve tıbbi sarf malzeme ücretleri (aksi belirtilmemiş ise) işleme dahil değildir, ayrıca ücretlendirilir. Radyolojik incelemenin değerlendirilmesi, yorumlanması ve raporlandırılması Radyoloji Uzmanı tarafından (mutlaka) yapılmalıdır. Radyoloji uzmanı raporuna adını, diploma ve uzmanlık numarasını yazarak imzalamalıdır. Radyolojik girişimlerde, Genel İlkelerin 00.57882 kodlu maddesi (ilgili bölümde/tanımda aksine bir açıklama yoksa) uygulanmaz. Aynı seansta birden fazla radyoloji incelemesi yapılması halinde, (ilgili bölüm/işlem öz",new,canonical_together_target_not_found,pending,
engine_proposal_1e12c039b4c34c57081ffe6b,B,24.97751,"Kontrastsız MR anjiyografi, tek anatomik bölge, 1 Tesla ve altında MR cihazları için",sure,partial,24.97751,,{},HUV_06052025.xlsx,"MANYETİK REZONANS GÖRÜNTÜLEME (MR/MRG) - 24.80271: Bir organ/eklem/bölge/alanda yapılan MR incelemesi ile birlikte aynı seansta, aynı/farklı organ/eklem/bölge/alanda MR incelemesi yapılır ise, (incelemenin tümünü kapsayan özel bir tanım yoksa), birimi en büyük olan inceleme biriminin tamamı, sonraki her bir organ, eklem, bölge, alan inceleme biriminin 2/3 ü dikkate alınarak ücretlendirilir. RADYOLOJİ - 24.00001: Radyolojik incelemelerde kullanılan kontrast ilaç ve tıbbi sarf malzeme ücretleri (aksi belirtilmemiş ise) işleme dahil değildir, ayrıca ücretlendirilir. Radyolojik incelemenin değerlendirilmesi, yorumlanması ve raporlandırılması Radyoloji Uzmanı tarafından (mutlaka) yapılmalıdır. Radyoloji uzmanı raporuna adını, diploma ve uzmanlık numarasını yazarak imzalamalıdır. Radyolojik girişimlerde, Genel İlkelerin 00.57882 kodlu maddesi (ilgili bölümde/tanımda aksine bir açıklama yoksa) uygulanmaz. Aynı seansta birden fazla radyoloji incelemesi yapılması halinde, (ilgili bölüm/işlem öz",new,explicit_frequency_fields_not_parsed,pending,
engine_proposal_387a7d9c97f742ac3f9d07da,B,24.97981,"Kontrastlı MR anjiyografi, tek anatomik bölge, 1 Tesla ve altında MR cihazları için",birlikteOdenmez,partial,24.97981,,{},HUV_06052025.xlsx,"MANYETİK REZONANS GÖRÜNTÜLEME (MR/MRG) - 24.80271: Bir organ/eklem/bölge/alanda yapılan MR incelemesi ile birlikte aynı seansta, aynı/farklı organ/eklem/bölge/alanda MR incelemesi yapılır ise, (incelemenin tümünü kapsayan özel bir tanım yoksa), birimi en büyük olan inceleme biriminin tamamı, sonraki her bir organ, eklem, bölge, alan inceleme biriminin 2/3 ü dikkate alınarak ücretlendirilir. RADYOLOJİ - 24.00001: Radyolojik incelemelerde kullanılan kontrast ilaç ve tıbbi sarf malzeme ücretleri (aksi belirtilmemiş ise) işleme dahil değildir, ayrıca ücretlendirilir. Radyolojik incelemenin değerlendirilmesi, yorumlanması ve raporlandırılması Radyoloji Uzmanı tarafından (mutlaka) yapılmalıdır. Radyoloji uzmanı raporuna adını, diploma ve uzmanlık numarasını yazarak imzalamalıdır. Radyolojik girişimlerde, Genel İlkelerin 00.57882 kodlu maddesi (ilgili bölümde/tanımda aksine bir açıklama yoksa) uygulanmaz. Aynı seansta birden fazla radyoloji incelemesi yapılması halinde, (ilgili bölüm/işlem öz",new,canonical_together_target_not_found,pending,
engine_proposal_de89980a04746b4f1a23a206,B,24.97981,"Kontrastlı MR anjiyografi, tek anatomik bölge, 1 Tesla ve altında MR cihazları için",sure,partial,24.97981,,{},HUV_06052025.xlsx,"MANYETİK REZONANS GÖRÜNTÜLEME (MR/MRG) - 24.80271: Bir organ/eklem/bölge/alanda yapılan MR incelemesi ile birlikte aynı seansta, aynı/farklı organ/eklem/bölge/alanda MR incelemesi yapılır ise, (incelemenin tümünü kapsayan özel bir tanım yoksa), birimi en büyük olan inceleme biriminin tamamı, sonraki her bir organ, eklem, bölge, alan inceleme biriminin 2/3 ü dikkate alınarak ücretlendirilir. RADYOLOJİ - 24.00001: Radyolojik incelemelerde kullanılan kontrast ilaç ve tıbbi sarf malzeme ücretleri (aksi belirtilmemiş ise) işleme dahil değildir, ayrıca ücretlendirilir. Radyolojik incelemenin değerlendirilmesi, yorumlanması ve raporlandırılması Radyoloji Uzmanı tarafından (mutlaka) yapılmalıdır. Radyoloji uzmanı raporuna adını, diploma ve uzmanlık numarasını yazarak imzalamalıdır. Radyolojik girişimlerde, Genel İlkelerin 00.57882 kodlu maddesi (ilgili bölümde/tanımda aksine bir açıklama yoksa) uygulanmaz. Aynı seansta birden fazla radyoloji incelemesi yapılması halinde, (ilgili bölüm/işlem öz",new,explicit_frequency_fields_not_parsed,pending,
engine_proposal_df7729438c16d5a0fedefca7,B,24.98441,"MR miyelografi, 1 Tesla ve altında MR cihazları için",birlikteOdenmez,partial,24.98441,,{},HUV_06052025.xlsx,"MANYETİK REZONANS GÖRÜNTÜLEME (MR/MRG) - 24.80271: Bir organ/eklem/bölge/alanda yapılan MR incelemesi ile birlikte aynı seansta, aynı/farklı organ/eklem/bölge/alanda MR incelemesi yapılır ise, (incelemenin tümünü kapsayan özel bir tanım yoksa), birimi en büyük olan inceleme biriminin tamamı, sonraki her bir organ, eklem, bölge, alan inceleme biriminin 2/3 ü dikkate alınarak ücretlendirilir. RADYOLOJİ - 24.00001: Radyolojik incelemelerde kullanılan kontrast ilaç ve tıbbi sarf malzeme ücretleri (aksi belirtilmemiş ise) işleme dahil değildir, ayrıca ücretlendirilir. Radyolojik incelemenin değerlendirilmesi, yorumlanması ve raporlandırılması Radyoloji Uzmanı tarafından (mutlaka) yapılmalıdır. Radyoloji uzmanı raporuna adını, diploma ve uzmanlık numarasını yazarak imzalamalıdır. Radyolojik girişimlerde, Genel İlkelerin 00.57882 kodlu maddesi (ilgili bölümde/tanımda aksine bir açıklama yoksa) uygulanmaz. Aynı seansta birden fazla radyoloji incelemesi yapılması halinde, (ilgili bölüm/işlem öz",new,canonical_together_target_not_found,pending,
engine_proposal_9369ad3a4d64064ed2f3e9aa,B,24.98441,"MR miyelografi, 1 Tesla ve altında MR cihazları için",sure,partial,24.98441,,{},HUV_06052025.xlsx,"MANYETİK REZONANS GÖRÜNTÜLEME (MR/MRG) - 24.80271: Bir organ/eklem/bölge/alanda yapılan MR incelemesi ile birlikte aynı seansta, aynı/farklı organ/eklem/bölge/alanda MR incelemesi yapılır ise, (incelemenin tümünü kapsayan özel bir tanım yoksa), birimi en büyük olan inceleme biriminin tamamı, sonraki her bir organ, eklem, bölge, alan inceleme biriminin 2/3 ü dikkate alınarak ücretlendirilir. RADYOLOJİ - 24.00001: Radyolojik incelemelerde kullanılan kontrast ilaç ve tıbbi sarf malzeme ücretleri (aksi belirtilmemiş ise) işleme dahil değildir, ayrıca ücretlendirilir. Radyolojik incelemenin değerlendirilmesi, yorumlanması ve raporlandırılması Radyoloji Uzmanı tarafından (mutlaka) yapılmalıdır. Radyoloji uzmanı raporuna adını, diploma ve uzmanlık numarasını yazarak imzalamalıdır. Radyolojik girişimlerde, Genel İlkelerin 00.57882 kodlu maddesi (ilgili bölümde/tanımda aksine bir açıklama yoksa) uygulanmaz. Aynı seansta birden fazla radyoloji incelemesi yapılması halinde, (ilgili bölüm/işlem öz",new,explicit_frequency_fields_not_parsed,pending,
engine_proposal_aa9411483d88c430d94c49ef,B,24.98671,"BOS akım MR, 1 Tesla ve altında MR cihazları için",birlikteOdenmez,partial,24.98671,,{},HUV_06052025.xlsx,"MANYETİK REZONANS GÖRÜNTÜLEME (MR/MRG) - 24.80271: Bir organ/eklem/bölge/alanda yapılan MR incelemesi ile birlikte aynı seansta, aynı/farklı organ/eklem/bölge/alanda MR incelemesi yapılır ise, (incelemenin tümünü kapsayan özel bir tanım yoksa), birimi en büyük olan inceleme biriminin tamamı, sonraki her bir organ, eklem, bölge, alan inceleme biriminin 2/3 ü dikkate alınarak ücretlendirilir. RADYOLOJİ - 24.00001: Radyolojik incelemelerde kullanılan kontrast ilaç ve tıbbi sarf malzeme ücretleri (aksi belirtilmemiş ise) işleme dahil değildir, ayrıca ücretlendirilir. Radyolojik incelemenin değerlendirilmesi, yorumlanması ve raporlandırılması Radyoloji Uzmanı tarafından (mutlaka) yapılmalıdır. Radyoloji uzmanı raporuna adını, diploma ve uzmanlık numarasını yazarak imzalamalıdır. Radyolojik girişimlerde, Genel İlkelerin 00.57882 kodlu maddesi (ilgili bölümde/tanımda aksine bir açıklama yoksa) uygulanmaz. Aynı seansta birden fazla radyoloji incelemesi yapılması halinde, (ilgili bölüm/işlem öz",new,canonical_together_target_not_found,pending,
engine_proposal_09723b351117c4a6ad19a2f5,B,24.98671,"BOS akım MR, 1 Tesla ve altında MR cihazları için",sure,partial,24.98671,,{},HUV_06052025.xlsx,"MANYETİK REZONANS GÖRÜNTÜLEME (MR/MRG) - 24.80271: Bir organ/eklem/bölge/alanda yapılan MR incelemesi ile birlikte aynı seansta, aynı/farklı organ/eklem/bölge/alanda MR incelemesi yapılır ise, (incelemenin tümünü kapsayan özel bir tanım yoksa), birimi en büyük olan inceleme biriminin tamamı, sonraki her bir organ, eklem, bölge, alan inceleme biriminin 2/3 ü dikkate alınarak ücretlendirilir. RADYOLOJİ - 24.00001: Radyolojik incelemelerde kullanılan kontrast ilaç ve tıbbi sarf malzeme ücretleri (aksi belirtilmemiş ise) işleme dahil değildir, ayrıca ücretlendirilir. Radyolojik incelemenin değerlendirilmesi, yorumlanması ve raporlandırılması Radyoloji Uzmanı tarafından (mutlaka) yapılmalıdır. Radyoloji uzmanı raporuna adını, diploma ve uzmanlık numarasını yazarak imzalamalıdır. Radyolojik girişimlerde, Genel İlkelerin 00.57882 kodlu maddesi (ilgili bölümde/tanımda aksine bir açıklama yoksa) uygulanmaz. Aynı seansta birden fazla radyoloji incelemesi yapılması halinde, (ilgili bölüm/işlem öz",new,explicit_frequency_fields_not_parsed,pending,
engine_proposal_4de1ed53ef1454014effa2c6,B,24.98901,"MR kolanjiyopankreatografi, 1 Tesla ve altında MR cihazları için",birlikteOdenmez,partial,24.98901,,{},HUV_06052025.xlsx,"MANYETİK REZONANS GÖRÜNTÜLEME (MR/MRG) - 24.80271: Bir organ/eklem/bölge/alanda yapılan MR incelemesi ile birlikte aynı seansta, aynı/farklı organ/eklem/bölge/alanda MR incelemesi yapılır ise, (incelemenin tümünü kapsayan özel bir tanım yoksa), birimi en büyük olan inceleme biriminin tamamı, sonraki her bir organ, eklem, bölge, alan inceleme biriminin 2/3 ü dikkate alınarak ücretlendirilir. RADYOLOJİ - 24.00001: Radyolojik incelemelerde kullanılan kontrast ilaç ve tıbbi sarf malzeme ücretleri (aksi belirtilmemiş ise) işleme dahil değildir, ayrıca ücretlendirilir. Radyolojik incelemenin değerlendirilmesi, yorumlanması ve raporlandırılması Radyoloji Uzmanı tarafından (mutlaka) yapılmalıdır. Radyoloji uzmanı raporuna adını, diploma ve uzmanlık numarasını yazarak imzalamalıdır. Radyolojik girişimlerde, Genel İlkelerin 00.57882 kodlu maddesi (ilgili bölümde/tanımda aksine bir açıklama yoksa) uygulanmaz. Aynı seansta birden fazla radyoloji incelemesi yapılması halinde, (ilgili bölüm/işlem öz",new,canonical_together_target_not_found,pending,
engine_proposal_f6bde3db1abc5ef5f426d1d7,B,24.98901,"MR kolanjiyopankreatografi, 1 Tesla ve altında MR cihazları için",sure,partial,24.98901,,{},HUV_06052025.xlsx,"MANYETİK REZONANS GÖRÜNTÜLEME (MR/MRG) - 24.80271: Bir organ/eklem/bölge/alanda yapılan MR incelemesi ile birlikte aynı seansta, aynı/farklı organ/eklem/bölge/alanda MR incelemesi yapılır ise, (incelemenin tümünü kapsayan özel bir tanım yoksa), birimi en büyük olan inceleme biriminin tamamı, sonraki her bir organ, eklem, bölge, alan inceleme biriminin 2/3 ü dikkate alınarak ücretlendirilir. RADYOLOJİ - 24.00001: Radyolojik incelemelerde kullanılan kontrast ilaç ve tıbbi sarf malzeme ücretleri (aksi belirtilmemiş ise) işleme dahil değildir, ayrıca ücretlendirilir. Radyolojik incelemenin değerlendirilmesi, yorumlanması ve raporlandırılması Radyoloji Uzmanı tarafından (mutlaka) yapılmalıdır. Radyoloji uzmanı raporuna adını, diploma ve uzmanlık numarasını yazarak imzalamalıdır. Radyolojik girişimlerde, Genel İlkelerin 00.57882 kodlu maddesi (ilgili bölümde/tanımda aksine bir açıklama yoksa) uygulanmaz. Aynı seansta birden fazla radyoloji incelemesi yapılması halinde, (ilgili bölüm/işlem öz",new,explicit_frequency_fields_not_parsed,pending,
engine_proposal_abfeaa755f4de287254fd06d,B,24.99131,"MR kontrastlı tetkik farkı, 1 Tesla ve altında MR cihazları için",birlikteOdenmez,partial,24.99131,,{},HUV_06052025.xlsx,"Uygulama, (asıl işlemin kapsamında değilse) ek işlem olarak değerlendirilir ve liste birimi ile ücretlendirilir. Uygulamada kullanılan kontrast ilacı işlemin kapsamında değildir, ayrıca ücretlendirilir. İlk kontrastlı tetkikten sonra aynı seansta başka kontrastlı tetkik yapılırsa, birinciden sonraki her bir tetkik, tanımlı biriminin 2/3 ü ile değerlendirilir. İncelemede kullanılan kontrast maddenin tümü, rayiç ücreti ile değerlendirilir. MANYETİK REZONANS GÖRÜNTÜLEME (MR/MRG) - 24.80271: Bir organ/eklem/bölge/alanda yapılan MR incelemesi ile birlikte aynı seansta, aynı/farklı organ/eklem/bölge/alanda MR incelemesi yapılır ise, (incelemenin tümünü kapsayan özel bir tanım yoksa), birimi en büyük olan inceleme biriminin tamamı, sonraki her bir organ, eklem, bölge, alan inceleme biriminin 2/3 ü dikkate alınarak ücretlendirilir. RADYOLOJİ - 24.00001: Radyolojik incelemelerde kullanılan kontrast ilaç ve tıbbi sarf malzeme ücretleri (aksi belirtilmemiş ise) işleme dahil değildir, ayrıca ücret",new,canonical_together_target_not_found,pending,
engine_proposal_0f48f54d9c786788be6fc687,B,24.99131,"MR kontrastlı tetkik farkı, 1 Tesla ve altında MR cihazları için",sure,partial,24.99131,,{},HUV_06052025.xlsx,"Uygulama, (asıl işlemin kapsamında değilse) ek işlem olarak değerlendirilir ve liste birimi ile ücretlendirilir. Uygulamada kullanılan kontrast ilacı işlemin kapsamında değildir, ayrıca ücretlendirilir. İlk kontrastlı tetkikten sonra aynı seansta başka kontrastlı tetkik yapılırsa, birinciden sonraki her bir tetkik, tanımlı biriminin 2/3 ü ile değerlendirilir. İncelemede kullanılan kontrast maddenin tümü, rayiç ücreti ile değerlendirilir. MANYETİK REZONANS GÖRÜNTÜLEME (MR/MRG) - 24.80271: Bir organ/eklem/bölge/alanda yapılan MR incelemesi ile birlikte aynı seansta, aynı/farklı organ/eklem/bölge/alanda MR incelemesi yapılır ise, (incelemenin tümünü kapsayan özel bir tanım yoksa), birimi en büyük olan inceleme biriminin tamamı, sonraki her bir organ, eklem, bölge, alan inceleme biriminin 2/3 ü dikkate alınarak ücretlendirilir. RADYOLOJİ - 24.00001: Radyolojik incelemelerde kullanılan kontrast ilaç ve tıbbi sarf malzeme ücretleri (aksi belirtilmemiş ise) işleme dahil değildir, ayrıca ücret",new,explicit_frequency_fields_not_parsed,pending,
engine_proposal_f9abd3e5c5ef0f2165d64375,B,24.99361,"MR Dinamik kontrastlı tetkik farkı, 1 Tesla ve altında MR cihazları için – 25 Birim",birlikteOdenmez,partial,24.99361,,{},HUV_06052025.xlsx,"Uygulama, (asıl işlemin kapsamında değilse) ek işlem olarak değerlendirilir ve liste birimi ile ücretlendirilir. Uygulamada kullanılan kontrast ilacı işlemin kapsamında değildir, ayrıca ücretlendirilir. İlk kontrastlı tetkikten sonra aynı seansta başka kontrastlı tetkik yapılırsa, birinciden sonraki her bir tetkik, tanımlı biriminin 2/3 ü ile değerlendirilir. İncelemede kullanılan kontrast maddenin tümü, rayiç ücreti ile değerlendirilir. MANYETİK REZONANS GÖRÜNTÜLEME (MR/MRG) - 24.80271: Bir organ/eklem/bölge/alanda yapılan MR incelemesi ile birlikte aynı seansta, aynı/farklı organ/eklem/bölge/alanda MR incelemesi yapılır ise, (incelemenin tümünü kapsayan özel bir tanım yoksa), birimi en büyük olan inceleme biriminin tamamı, sonraki her bir organ, eklem, bölge, alan inceleme biriminin 2/3 ü dikkate alınarak ücretlendirilir. RADYOLOJİ - 24.00001: Radyolojik incelemelerde kullanılan kontrast ilaç ve tıbbi sarf malzeme ücretleri (aksi belirtilmemiş ise) işleme dahil değildir, ayrıca ücret",new,canonical_together_target_not_found,pending,
engine_proposal_5ebc7f0775607d7b26e1cbef,B,24.99361,"MR Dinamik kontrastlı tetkik farkı, 1 Tesla ve altında MR cihazları için – 25 Birim",sure,partial,24.99361,,{},HUV_06052025.xlsx,"Uygulama, (asıl işlemin kapsamında değilse) ek işlem olarak değerlendirilir ve liste birimi ile ücretlendirilir. Uygulamada kullanılan kontrast ilacı işlemin kapsamında değildir, ayrıca ücretlendirilir. İlk kontrastlı tetkikten sonra aynı seansta başka kontrastlı tetkik yapılırsa, birinciden sonraki her bir tetkik, tanımlı biriminin 2/3 ü ile değerlendirilir. İncelemede kullanılan kontrast maddenin tümü, rayiç ücreti ile değerlendirilir. MANYETİK REZONANS GÖRÜNTÜLEME (MR/MRG) - 24.80271: Bir organ/eklem/bölge/alanda yapılan MR incelemesi ile birlikte aynı seansta, aynı/farklı organ/eklem/bölge/alanda MR incelemesi yapılır ise, (incelemenin tümünü kapsayan özel bir tanım yoksa), birimi en büyük olan inceleme biriminin tamamı, sonraki her bir organ, eklem, bölge, alan inceleme biriminin 2/3 ü dikkate alınarak ücretlendirilir. RADYOLOJİ - 24.00001: Radyolojik incelemelerde kullanılan kontrast ilaç ve tıbbi sarf malzeme ücretleri (aksi belirtilmemiş ise) işleme dahil değildir, ayrıca ücret",new,explicit_frequency_fields_not_parsed,pending,
engine_proposal_ae9d861328a0d8d915126238,B,24.99591,"Kinematik eklem tetkik farkı, 1 Tesla ve altında MR cihazları için",birlikteOdenmez,partial,24.99591,,{},HUV_06052025.xlsx,"MANYETİK REZONANS GÖRÜNTÜLEME (MR/MRG) - 24.80271: Bir organ/eklem/bölge/alanda yapılan MR incelemesi ile birlikte aynı seansta, aynı/farklı organ/eklem/bölge/alanda MR incelemesi yapılır ise, (incelemenin tümünü kapsayan özel bir tanım yoksa), birimi en büyük olan inceleme biriminin tamamı, sonraki her bir organ, eklem, bölge, alan inceleme biriminin 2/3 ü dikkate alınarak ücretlendirilir. RADYOLOJİ - 24.00001: Radyolojik incelemelerde kullanılan kontrast ilaç ve tıbbi sarf malzeme ücretleri (aksi belirtilmemiş ise) işleme dahil değildir, ayrıca ücretlendirilir. Radyolojik incelemenin değerlendirilmesi, yorumlanması ve raporlandırılması Radyoloji Uzmanı tarafından (mutlaka) yapılmalıdır. Radyoloji uzmanı raporuna adını, diploma ve uzmanlık numarasını yazarak imzalamalıdır. Radyolojik girişimlerde, Genel İlkelerin 00.57882 kodlu maddesi (ilgili bölümde/tanımda aksine bir açıklama yoksa) uygulanmaz. Aynı seansta birden fazla radyoloji incelemesi yapılması halinde, (ilgili bölüm/işlem öz",new,canonical_together_target_not_found,pending,
engine_proposal_92f33055e81241c899124cbf,B,24.99591,"Kinematik eklem tetkik farkı, 1 Tesla ve altında MR cihazları için",sure,partial,24.99591,,{},HUV_06052025.xlsx,"MANYETİK REZONANS GÖRÜNTÜLEME (MR/MRG) - 24.80271: Bir organ/eklem/bölge/alanda yapılan MR incelemesi ile birlikte aynı seansta, aynı/farklı organ/eklem/bölge/alanda MR incelemesi yapılır ise, (incelemenin tümünü kapsayan özel bir tanım yoksa), birimi en büyük olan inceleme biriminin tamamı, sonraki her bir organ, eklem, bölge, alan inceleme biriminin 2/3 ü dikkate alınarak ücretlendirilir. RADYOLOJİ - 24.00001: Radyolojik incelemelerde kullanılan kontrast ilaç ve tıbbi sarf malzeme ücretleri (aksi belirtilmemiş ise) işleme dahil değildir, ayrıca ücretlendirilir. Radyolojik incelemenin değerlendirilmesi, yorumlanması ve raporlandırılması Radyoloji Uzmanı tarafından (mutlaka) yapılmalıdır. Radyoloji uzmanı raporuna adını, diploma ve uzmanlık numarasını yazarak imzalamalıdır. Radyolojik girişimlerde, Genel İlkelerin 00.57882 kodlu maddesi (ilgili bölümde/tanımda aksine bir açıklama yoksa) uygulanmaz. Aynı seansta birden fazla radyoloji incelemesi yapılması halinde, (ilgili bölüm/işlem öz",new,explicit_frequency_fields_not_parsed,pending,
engine_proposal_7fab58f02bf38cdcf35c4729,B,26.97124,Üroflowmetri+EMG,birlikteOdenmez,partial,26.97124,,"{""evrakBazliMi"":true,""sourceSutCode"":""704440"",""targetSutCodes"":[""704430"",""704450""]}",EK-2B HİZMET BAŞI İŞLEM PUAN LİSTESİ (Yür. 02.09.2023).xlsx,"704430, 704450 ile birlikte faturalandırılmaz.",new,"unresolved_target_sut_codes:704430,704450",pending,
engine_proposal_cec94402d418517e4e05a5da,B,26.98131,"Basınç akım çalışması, noninvaziv (üroflowmetri dahil, malzeme hariç)",birlikteOdenmez,partial,26.98131,,"{""evrakBazliMi"":true,""sourceSutCode"":""704470"",""targetSutCodes"":[""704450""]}",EK-2B HİZMET BAŞI İŞLEM PUAN LİSTESİ (Yür. 02.09.2023).xlsx,704450 ile birlikte faturalandırılmaz.,new,unresolved_target_sut_codes:704450,pending,
engine_proposal_818d2afac174c59344568500,B,26.98333,Sistometri+basınç akım çalışması+EMG,birlikteOdenmez,partial,26.98333,,"{""evrakBazliMi"":true,""sourceSutCode"":""704440"",""targetSutCodes"":[""704430"",""704450""]}",EK-2B HİZMET BAŞI İŞLEM PUAN LİSTESİ (Yür. 02.09.2023).xlsx,"704430, 704450 ile birlikte faturalandırılmaz.",new,"source_crosswalk_not_trusted|unresolved_target_sut_codes:704430,704450",pending,
engine_proposal_704d41834056d00ee78a67e4,B,26.99542,"Biofeedback eşlikli pelvik taban çalışmaları, seansı",sure,partial,26.99542,,{},HUV_06052025.xlsx,"Bu işlem, endikasyonu uygun olgularda (stres üriner inkontinans, aşırı aktif mesane sendromu, Urge (ani işeme hisli) inkontinans/ani işeme hissi, kronik pelvik ağrı, fekal inkontinans, obstrükte defekasyon sendromu), bir ayda en fazla 2 seans ve bir yılda en fazla 12 seans uygulama ile değerlendirilir",new,explicit_frequency_fields_not_parsed,pending,
engine_proposal_18fb1ab8b85eb97d2be438ef,B,28.82341,"Tanı / ayırıcı tanı / prognoz amacı ile kullanılan İmmünfloresan ve immünhisto(sito) kimyasal incelemeler, her bir antikor için",sure,partial,28.82341,,{},HUV_06052025.xlsx,"Bu işlem, tanı, ayırıcı tanı veya prognoz amacı ile kullanılan immünfloresan incelemelerinde ve immünhisto(sito) kimyasal incelemelerinde kullanılan her bir antikor (Ör; CD3, CD 56, CK7, CK19, DİF-IgA, Galectin 3, Miyo D1, Vimentin, vb) için geçerlidir.",new,explicit_frequency_fields_not_parsed,pending,
engine_proposal_042394c9488b97423cfc7d75,B,28.90721,Sitolojik Ek İnceleme,sure,partial,28.90721,,{},HUV_06052025.xlsx,"Ana lezyonla ilgili işlemlerin yönlendirilmesi amacıyla yapılan ek değerlendirmelerin her biri (yalnız bir kez olarak), ilgili inceleme biriminin % 25&rsquo;i ile değerlendirilir SİTOLOJİK İNCELEMELER - 28.86021: Bu incelemeler, listede gösterilen olağan sitolojik yöntemlerle hazırlanan preparatların değerlendirilmesini kapsar. Hücre bloğu, filtre yöntemleri gibi belirtilen özel teknikler için ek birimlendirme yapılır. İmmunsitokimya ve özel boyaların birimlendirilmesi ilgili başlıktadır.",new,explicit_frequency_fields_not_parsed,pending,
engine_proposal_8d6ddee5f8fcb1064fce5b83,B,29.08334,Polisomnografik uyku tetkiki (standart montaj),sure,partial,29.08334,,{},HUV_06052025.xlsx,"3 kanal EEG, 2 kanal EOG, yüzeyel çene ve bacak EMG, EKG, oksimetre, oronazal thermistor ve nazal basınç kanülü, torakal ve abdominal solunum efor kemeri, vücut pozisyonu, trakeal mikrofon ve senkron video kaydı.",new,explicit_frequency_fields_not_parsed,pending,
engine_proposal_059ccc6c2098d6d227ede131,B,29.16667,İnvaziv olmayan mekanik ventilasyon (standart montaj+invaziv olmayan mekanik ventilatörlerle titrasyon),sure,partial,29.16667,,{},HUV_06052025.xlsx,"Tanı gecesinden sonra uykuda solunum bozukluğunda; CPAP, auto CPAP, BPAP ve modları vb ile basınç ayarlanması.",new,explicit_frequency_fields_not_parsed,pending,
engine_proposal_34994f96cad9a24e28a2632c,B,29.33333,"Polisomnografik uyku tetkiki, latans testi",sure,partial,29.33333,,{},HUV_06052025.xlsx,"Hipersomnide (gündüz uykululuk); standart montajla tüm gece boyu yapılan tetkiki takip eden gün (2 saat aralıklarla, her biri toplam 20 dakika süren, en az 4 -tercihan 5- 3 kanal EEG, 2EOG, yüzeyel çene EMG, EKG parametrelerini kapsayacak şekilde) uygulanır ve ek olarak birimlendirilir.",new,explicit_frequency_fields_not_parsed,pending,
engine_proposal_1172542d9f6ee498c197ba61,B,29.41666,"Polisomnografik uyku tetkiki, 24 saat sürekli",sure,partial,29.41666,,{},HUV_06052025.xlsx,Sirkadiyen ritim bozuklukları veya rekürren hipersomnide; standart montaj 24 saat sürekli kayıtta.,new,explicit_frequency_fields_not_parsed,pending,
engine_proposal_2aeba47932d8062cf4e29884,B,29.49999,"Polisomnografik uyku tetkiki, penil sensörle",sure,partial,29.49999,,{},HUV_06052025.xlsx,İmpotansda (organik/psikojenik); standart montaj + penil sensörle kayıt.,new,explicit_frequency_fields_not_parsed,pending,
engine_proposal_d1582ff5cf7279cfa3c312cf,B,30.16043,"Kemik iliğinden kromozom analizi (Direkt/24,48,72 ve 96 saatlik kültür çalışmalar dahil)",sure,complete,30.16043,,"{""adet"":1,""islemlerGrupMu"":false,""periyotDeger"":1,""sourceSutCode"":""G100030"",""surePeriyot"":""M""}",EK-2B HİZMET BAŞI İŞLEM PUAN LİSTESİ (Yür. 02.09.2023).xlsx,Ayda bir adet faturalandırılır.,new,source_crosswalk_not_trusted,pending,
engine_proposal_4a8b67e0794f5436bd0abc8e,B,30.17277,"Koryon villus örneğinden kromozom analizi (Direkt/en az iki Kültür,bantlama ve en az 20 metafaz analiz dahil)",sure,complete,30.17277,,"{""adet"":6,""islemlerGrupMu"":false,""periyotDeger"":1,""sourceSutCode"":""G100040"",""surePeriyot"":""M""}",EK-2B HİZMET BAŞI İŞLEM PUAN LİSTESİ (Yür. 02.09.2023).xlsx,Altı ayda bir adet faturalandırılır.,new,source_crosswalk_not_trusted,pending,
engine_proposal_073601fa767ffeadf9e48ed0,B,30.21596,"EML4 / ALK, (FISH) (iki bölgeye kadar, translokasyon, delesyon)",sure,complete,30.21596,,"{""adet"":1,""islemlerGrupMu"":false,""periyotDeger"":1,""sourceSutCode"":""G100231"",""surePeriyot"":""M""}",EK-2B HİZMET BAŞI İŞLEM PUAN LİSTESİ (Yür. 02.09.2023).xlsx,Ayda bir adet faturalandırılır.,new,source_crosswalk_not_trusted,pending,
engine_proposal_b3080c4930504cdd9872c645,B,30.23447,FISH (4 bölgeye kadar),sure,complete,30.23447,,"{""adet"":1,""islemlerGrupMu"":false,""periyotDeger"":1,""sourceSutCode"":""G100090"",""surePeriyot"":""M""}",EK-2B HİZMET BAŞI İŞLEM PUAN LİSTESİ (Yür. 02.09.2023).xlsx,Ayda bir adet faturalandırılır.,new,source_crosswalk_not_trusted,pending,
engine_proposal_655b144fc86b9c62cd6fea9f,B,30.30851,"Blot analiz (southern, northern, western)",sure,complete,30.30851,,"{""adet"":10,""islemlerGrupMu"":false,""periyotDeger"":1,""sourceSutCode"":""G100330"",""surePeriyot"":""G""}",EK-2B HİZMET BAŞI İŞLEM PUAN LİSTESİ (Yür. 02.09.2023).xlsx,On günde bir adet faturalandırılır.,new,source_crosswalk_not_trusted,pending,
engine_proposal_faa6b76438f5b9608990547a,B,30.31468,"Non İnvaziv Prenatal Test (3’lü NIPT, 13,18, 21 kromozomu için), NGS tabanlı veya hedefe yönelik yöntem ile",birlikteOdenmez,partial,30.31468,,"{""evrakBazliMi"":true,""sourceSutCode"":""G100430"",""targetSutCodes"":[""G100370"",""G100380"",""G100390"",""G100400"",""G100410"",""G100420"",""G101830"",""G101840"",""G101850"",""G101860"",""G101870""]}",EK-2B HİZMET BAŞI İŞLEM PUAN LİSTESİ (Yür. 02.09.2023).xlsx,"G100370, G100380, G100390, G100400, G100410, G100420, G101830, G101840, G101850, G101860, G101870 ile birlikte faturalandırılmaz.",new,"source_crosswalk_not_trusted|unresolved_target_sut_codes:G100370,G100380,G100390,G100400,G100410,G100420,G101830,G101840,G101850,G101860,G101870",pending,
engine_proposal_08102e19f93906f6084d6a88,B,30.31468,"Non İnvaziv Prenatal Test (3’lü NIPT, 13,18, 21 kromozomu için), NGS tabanlı veya hedefe yönelik yöntem ile",sure,partial,30.31468,,{},HUV_06052025.xlsx,"Bu işlem, (anne kanından) hücre dışı serbest DNA (cfDNA) analizi [NGS (Next Generation Sequencing/yeni nesil dizileme) tabanlı teknik] veya hedefe yönelik yöntemle yapılan tarama testini tanımlar. Test, sensitivite ve spesifitesinin % 95&rsquo;ten büyük olması kaydı ile geçerlidir.",new,explicit_frequency_fields_not_parsed,pending,
engine_proposal_6e4b3a20ca427e44c401523d,B,30.31776,"Non İnvaziv Prenatal Test (5’li NIPT / 13,18, 21, X, Y kromozomu için)",birlikteOdenmez,partial,30.31776,,"{""evrakBazliMi"":true,""sourceSutCode"":""G100430"",""targetSutCodes"":[""G100370"",""G100380"",""G100390"",""G100400"",""G100410"",""G100420"",""G101830"",""G101840"",""G101850"",""G101860"",""G101870""]}",EK-2B HİZMET BAŞI İŞLEM PUAN LİSTESİ (Yür. 02.09.2023).xlsx,"G100370, G100380, G100390, G100400, G100410, G100420, G101830, G101840, G101850, G101860, G101870 ile birlikte faturalandırılmaz.",new,"source_crosswalk_not_trusted|unresolved_target_sut_codes:G100370,G100380,G100390,G100400,G100410,G100420,G101830,G101840,G101850,G101860,G101870",pending,
engine_proposal_38a46d21a57d1ce32254110f,B,30.31776,"Non İnvaziv Prenatal Test (5’li NIPT / 13,18, 21, X, Y kromozomu için)",sure,partial,30.31776,,{},HUV_06052025.xlsx,"Bu işlem, (anne kanından) hücre dışı serbest DNA (cfDNA) analizi [NGS (Next Generation Sequencing/yeni nesil dizileme) tabanlı teknik] ile yapılan tarama testini tanımlar. Test, sensitivite ve spesifitesinin % 95&rsquo;ten büyük olması kaydı ile geçerlidir.",new,explicit_frequency_fields_not_parsed,pending,
engine_proposal_70b4564e49bf47bafa3d2072,B,30.31930,"Non İnvaziv Prenatal Test (NIPT, 1’den 22’ye tüm kromozomlar, otozomlar ve gonozomlar)",birlikteOdenmez,partial,30.31930,,"{""evrakBazliMi"":true,""sourceSutCode"":""G100430"",""targetSutCodes"":[""G100370"",""G100380"",""G100390"",""G100400"",""G100410"",""G100420"",""G101830"",""G101840"",""G101850"",""G101860"",""G101870""]}",EK-2B HİZMET BAŞI İŞLEM PUAN LİSTESİ (Yür. 02.09.2023).xlsx,"G100370, G100380, G100390, G100400, G100410, G100420, G101830, G101840, G101850, G101860, G101870 ile birlikte faturalandırılmaz.",new,"source_crosswalk_not_trusted|unresolved_target_sut_codes:G100370,G100380,G100390,G100400,G100410,G100420,G101830,G101840,G101850,G101860,G101870",pending,
engine_proposal_2cad815ee97ec3876162f0e4,B,30.31930,"Non İnvaziv Prenatal Test (NIPT, 1’den 22’ye tüm kromozomlar, otozomlar ve gonozomlar)",sure,partial,30.31930,,{},HUV_06052025.xlsx,"Bu işlem, prenatal, (anne kanından) hücre dışı serbest DNA (cfDNA) analizi [NGS (Next Generation Sequencing/yeni nesil dizileme) tabanlı teknik] ile geniş genom sekanslama (1&rsquo;den 22&rsquo;ye tüm kromozomlar, otozomlar ve gonozomlar) testi uygulamasını tanımlar. Test, sensitivite ve spesifitesinin % 95&rsquo;ten büyük olması kaydı ile dikkate alınır.",new,explicit_frequency_fields_not_parsed,pending,
engine_proposal_013ced2374b0f6593376216b,B,30.32007,"Non invaziv prenatal tarama testi (NIPT, 1’den 22’ye tüm kromozomlar, otozomlar ve gonozomlar ile mikrodelesyon ve mikroduplikasyon (≥7 Mb)",birlikteOdenmez,partial,30.32007,,"{""evrakBazliMi"":true,""sourceSutCode"":""G100430"",""targetSutCodes"":[""G100370"",""G100380"",""G100390"",""G100400"",""G100410"",""G100420"",""G101830"",""G101840"",""G101850"",""G101860"",""G101870""]}",EK-2B HİZMET BAŞI İŞLEM PUAN LİSTESİ (Yür. 02.09.2023).xlsx,"G100370, G100380, G100390, G100400, G100410, G100420, G101830, G101840, G101850, G101860, G101870 ile birlikte faturalandırılmaz.",new,"source_crosswalk_not_trusted|unresolved_target_sut_codes:G100370,G100380,G100390,G100400,G100410,G100420,G101830,G101840,G101850,G101860,G101870",pending,
engine_proposal_c002dd07c70196cf850a1ce7,B,30.32007,"Non invaziv prenatal tarama testi (NIPT, 1’den 22’ye tüm kromozomlar, otozomlar ve gonozomlar ile mikrodelesyon ve mikroduplikasyon (≥7 Mb)",sure,partial,30.32007,,{},HUV_06052025.xlsx,"Bu işlem, (anne kanından) hücre dışı serbest DNA (cfDNA) analizi [NGS (Next Generation Sequencing/yeni nesil dizileme) tabanlı teknik] ile geniş genom sekanslama [1&rsquo;den 22&rsquo;ye tüm kromozomlar, otozomlar ve gonozomlar ile mikrodelesyon ve mikroduplikasyon (kopya sayısı değişiklikleri)] uygulamasını tanımlar. Test, sensitivite ve spesifitesinin % 95&rsquo;ten büyük olması, mikrodelesyon ve mikroduplikasyonlarının (kopya sayısı değişiklikleri) 7 Mb ve üzeri (&ge;7 Mb) ve % 75&rsquo;ten büyük olması kaydı ile geçerlidir.",new,explicit_frequency_fields_not_parsed,pending,
engine_proposal_b0747a86f7d35bd5983df78d,B,30.32085,DNA dizi analizi bir çift primer ile,birlikteOdenmez,partial,30.32085,,"{""evrakBazliMi"":true,""sourceSutCode"":""G100400"",""targetSutCodes"":[""G100370"",""G100380"",""G100390"",""G100410"",""G100420"",""G100430"",""G101830"",""G101840"",""G101850"",""G101860"",""G101870""]}",EK-2B HİZMET BAŞI İŞLEM PUAN LİSTESİ (Yür. 02.09.2023).xlsx,"G100370, G100380, G100390, G100410, G100420, G100430, G101830, G101840, G101850, G101860, G101870 ile birlikte faturalandırılmaz.",new,"source_crosswalk_not_trusted|unresolved_target_sut_codes:G100370,G100380,G100390,G100410,G100420,G100430,G101830,G101840,G101850,G101860,G101870",pending,
engine_proposal_4c993bf03c09e9ce3de1a244,B,30.33319,DNA dizi analizi 2-5 çift primer ile,birlikteOdenmez,partial,30.33319,,"{""evrakBazliMi"":true,""sourceSutCode"":""G100400"",""targetSutCodes"":[""G100370"",""G100380"",""G100390"",""G100410"",""G100420"",""G100430"",""G101830"",""G101840"",""G101850"",""G101860"",""G101870""]}",EK-2B HİZMET BAŞI İŞLEM PUAN LİSTESİ (Yür. 02.09.2023).xlsx,"G100370, G100380, G100390, G100410, G100420, G100430, G101830, G101840, G101850, G101860, G101870 ile birlikte faturalandırılmaz.",new,"source_crosswalk_not_trusted|unresolved_target_sut_codes:G100370,G100380,G100390,G100410,G100420,G100430,G101830,G101840,G101850,G101860,G101870",pending,
engine_proposal_aa056f1884f8266c5032db46,B,30.35787,DNA dizi analizi 11-15 çift primer ile,birlikteOdenmez,partial,30.35787,,"{""evrakBazliMi"":true,""sourceSutCode"":""G100410"",""targetSutCodes"":[""G100370"",""G100380"",""G100390"",""G100400"",""G100420"",""G100430"",""G101830"",""G101840"",""G101850"",""G101860"",""G101870""]}",EK-2B HİZMET BAŞI İŞLEM PUAN LİSTESİ (Yür. 02.09.2023).xlsx,"G100370, G100380, G100390, G100400, G100420, G100430, G101830, G101840, G101850, G101860, G101870 ile birlikte faturalandırılmaz.",new,"source_crosswalk_not_trusted|unresolved_target_sut_codes:G100370,G100380,G100390,G100400,G100420,G100430,G101830,G101840,G101850,G101860,G101870",pending,
engine_proposal_4b79b9657befcc45a47476f3,B,30.37021,DNA dizi analizi 16-20 çift primer ile,birlikteOdenmez,partial,30.37021,,"{""evrakBazliMi"":true,""sourceSutCode"":""G100420"",""targetSutCodes"":[""100400"",""G100370"",""G100380"",""G100390"",""G100410"",""G100430"",""G101830"",""G101840"",""G101850"",""G101860"",""G101870""]}",EK-2B HİZMET BAŞI İŞLEM PUAN LİSTESİ (Yür. 02.09.2023).xlsx,"G100370, G100380, G100390, 100400, G100410, G100430, G101830, G101840, G101850, G101860, G101870 ile birlikte faturalandırılmaz.",new,"source_crosswalk_not_trusted|unresolved_target_sut_codes:100400,G100370,G100380,G100390,G100410,G100430,G101830,G101840,G101850,G101860,G101870",pending,
engine_proposal_1584779b2d6b4db007219669,B,30.38255,DNA dizi analizi-21 ve üzeri çift primer ile,birlikteOdenmez,partial,30.38255,,"{""evrakBazliMi"":true,""sourceSutCode"":""G100430"",""targetSutCodes"":[""G100370"",""G100380"",""G100390"",""G100400"",""G100410"",""G100420"",""G101830"",""G101840"",""G101850"",""G101860"",""G101870""]}",EK-2B HİZMET BAŞI İŞLEM PUAN LİSTESİ (Yür. 02.09.2023).xlsx,"G100370, G100380, G100390, G100400, G100410, G100420, G101830, G101840, G101850, G101860, G101870 ile birlikte faturalandırılmaz.",new,"source_crosswalk_not_trusted|unresolved_target_sut_codes:G100370,G100380,G100390,G100400,G100410,G100420,G101830,G101840,G101850,G101860,G101870",pending,
engine_proposal_9c65e86df0f5a9472d04ba05,B,30.39489,DNA dizi analizi-31 ve üzeri çift primer ile,birlikteOdenmez,partial,30.39489,,"{""evrakBazliMi"":true,""sourceSutCode"":""G100430"",""targetSutCodes"":[""G100370"",""G100380"",""G100390"",""G100400"",""G100410"",""G100420"",""G101830"",""G101840"",""G101850"",""G101860"",""G101870""]}",EK-2B HİZMET BAŞI İŞLEM PUAN LİSTESİ (Yür. 02.09.2023).xlsx,"G100370, G100380, G100390, G100400, G100410, G100420, G101830, G101840, G101850, G101860, G101870 ile birlikte faturalandırılmaz.",new,"source_crosswalk_not_trusted|unresolved_target_sut_codes:G100370,G100380,G100390,G100400,G100410,G100420,G101830,G101840,G101850,G101860,G101870",pending,
engine_proposal_412d7a9b0ae26ce2c185dc1d,B,30.40723,DNA dizi analizi-51 ve üzeri çift primer ile,birlikteOdenmez,partial,30.40723,,"{""evrakBazliMi"":true,""sourceSutCode"":""G100430"",""targetSutCodes"":[""G100370"",""G100380"",""G100390"",""G100400"",""G100410"",""G100420"",""G101830"",""G101840"",""G101850"",""G101860"",""G101870""]}",EK-2B HİZMET BAŞI İŞLEM PUAN LİSTESİ (Yür. 02.09.2023).xlsx,"G100370, G100380, G100390, G100400, G100410, G100420, G101830, G101840, G101850, G101860, G101870 ile birlikte faturalandırılmaz.",new,"source_crosswalk_not_trusted|unresolved_target_sut_codes:G100370,G100380,G100390,G100400,G100410,G100420,G101830,G101840,G101850,G101860,G101870",pending,
engine_proposal_2569b5d783dc5a29ea365fbc,B,30.41957,MLPA (Her bir reaksiyon),sure,partial,30.41957,,{},HUV_06052025.xlsx,Büyük genlerde geni incelemek için iki ayrı kit kullanılması Delesyon ve metilasyon araştırmaları için iki ayrı kit kullanılması gerekliliği (BeckwithWiedemann sendromu veya Prader-Willi/Angelman sendromu gibi) Subtelomerik MLPA gibi iki ayrı kitle analiz yapılması gerekliliği Birden fazla genin aynı anda incelenmesi gerekliliği gibi durumlarda raporda belirtilmek kaydı ile iki veya daha fazla reaksiyon şeklinde ödeme yapılabilir.,new,explicit_frequency_fields_not_parsed,pending,
engine_proposal_c555426a2de294ca13a413b3,B,30.41957,MLPA (Her bir reaksiyon),sure,complete,30.41957,,"{""adet"":6,""islemlerGrupMu"":false,""periyotDeger"":1,""sourceSutCode"":""G100440"",""surePeriyot"":""M""}",EK-2B HİZMET BAŞI İŞLEM PUAN LİSTESİ (Yür. 02.09.2023).xlsx,Altı ayda bir adet faturalandırılır.,new,source_crosswalk_not_trusted,pending,
engine_proposal_85f569053be8cfa812c56c82,B,30.44445,"Plazmada Metillenmiş Septin 9 DNA tespiti (Metilasyon Testi/likit biyopsi testi, Real Time 1-10 çift PCR ile)",birlikteOdenmez,partial,30.44445,,"{""evrakBazliMi"":true,""sourceSutCode"":""908339"",""targetSutCodes"":[""908335"",""908336"",""908337"",""908338""]}",EK-2B HİZMET BAŞI İŞLEM PUAN LİSTESİ (Yür. 02.09.2023).xlsx,"908335, 908336, 908337, 908338 ile birlikte faturalandırılmaz.",new,"source_crosswalk_not_trusted|unresolved_target_sut_codes:908335,908336,908337,908338",pending,
engine_proposal_1aac8b5d7fa13f7ef4918e6b,B,30.44445,"Plazmada Metillenmiş Septin 9 DNA tespiti (Metilasyon Testi/likit biyopsi testi, Real Time 1-10 çift PCR ile)",sure,complete,30.44445,,"{""adet"":1,""islemlerGrupMu"":false,""periyotDeger"":1,""sourceSutCode"":""908339"",""surePeriyot"":""G""}",EK-2B HİZMET BAŞI İŞLEM PUAN LİSTESİ (Yür. 02.09.2023).xlsx,On günde bir adet faturalandırılır.,new,source_crosswalk_not_trusted,pending,
engine_proposal_c60c10a90fa7a38a84eafdd0,B,30.45350,"Preimplantasyon genetik tanı (PGT)- Moleküler yöntemler ile (Array CGH ve benzeri) - kromozomal düzensizlikler için, embriyo başına",sure,partial,30.45350,,"{""sourceSutCode"":""G101610""}",EK-2B HİZMET BAŞI İŞLEM PUAN LİSTESİ (Yür. 02.09.2023).xlsx,Her bir deneme için bir adet faturalandırılır.,new,frequency_period_or_limit_incomplete|official_source_locator_or_quote_missing,pending,
engine_proposal_b5e503a091a349de132cf9ac,B,30.45504,"Preimplantasyon genetik tanı (PGT) - Moleküler yöntemler ile (Array CGH ve benzeri 24 kromozom ve kromozomal düzensizlikler için Paket Fiyat), hazırlık ve tüm embriyolar dahil",sure,partial,30.45504,,"{""sourceSutCode"":""G101610""}",EK-2B HİZMET BAŞI İŞLEM PUAN LİSTESİ (Yür. 02.09.2023).xlsx,Her bir deneme için bir adet faturalandırılır.,new,frequency_period_or_limit_incomplete|official_source_locator_or_quote_missing,pending,
engine_proposal_9b076d576289dd6e8b9473a4,B,30.45581,"Preimplantasyon genetik tanı (PGT) – (Tek Gen hastalıkları için, hazırlık işlemleri dahil), embriyo başına",sure,partial,30.45581,,"{""sourceSutCode"":""G101610""}",EK-2B HİZMET BAŞI İŞLEM PUAN LİSTESİ (Yür. 02.09.2023).xlsx,Her bir deneme için bir adet faturalandırılır.,new,frequency_period_or_limit_incomplete|official_source_locator_or_quote_missing,pending,
engine_proposal_a13ddf8014b39d734b8f4d6e,B,30.45659,Real time PCR bir çift primer ile,birlikteOdenmez,partial,30.45659,,"{""evrakBazliMi"":true,""sourceSutCode"":""908339"",""targetSutCodes"":[""908335"",""908336"",""908337"",""908338""]}",EK-2B HİZMET BAŞI İŞLEM PUAN LİSTESİ (Yür. 02.09.2023).xlsx,"908335, 908336, 908337, 908338 ile birlikte faturalandırılmaz.",new,"source_crosswalk_not_trusted|unresolved_target_sut_codes:908335,908336,908337,908338",pending,
engine_proposal_6a0ed3a3965017efe232f939,B,30.45659,Real time PCR bir çift primer ile,sure,complete,30.45659,,"{""adet"":1,""islemlerGrupMu"":false,""periyotDeger"":1,""sourceSutCode"":""908339"",""surePeriyot"":""G""}",EK-2B HİZMET BAŞI İŞLEM PUAN LİSTESİ (Yür. 02.09.2023).xlsx,On günde bir adet faturalandırılır.,new,source_crosswalk_not_trusted,pending,
engine_proposal_978022a9e3b179124883bc69,B,30.46893,Real time PCR 2-5 çift primer ile,birlikteOdenmez,partial,30.46893,,"{""evrakBazliMi"":true,""sourceSutCode"":""908339"",""targetSutCodes"":[""908335"",""908336"",""908337"",""908338""]}",EK-2B HİZMET BAŞI İŞLEM PUAN LİSTESİ (Yür. 02.09.2023).xlsx,"908335, 908336, 908337, 908338 ile birlikte faturalandırılmaz.",new,"source_crosswalk_not_trusted|unresolved_target_sut_codes:908335,908336,908337,908338",pending,
engine_proposal_e06414837533b5979bb55b59,B,30.46893,Real time PCR 2-5 çift primer ile,sure,complete,30.46893,,"{""adet"":1,""islemlerGrupMu"":false,""periyotDeger"":1,""sourceSutCode"":""908339"",""surePeriyot"":""G""}",EK-2B HİZMET BAŞI İŞLEM PUAN LİSTESİ (Yür. 02.09.2023).xlsx,On günde bir adet faturalandırılır.,new,source_crosswalk_not_trusted,pending,
engine_proposal_6584eec8eff6030e13e37f77,B,30.48127,Real time PCR 6-10 çift primer ile,birlikteOdenmez,partial,30.48127,,"{""evrakBazliMi"":true,""sourceSutCode"":""908339"",""targetSutCodes"":[""908335"",""908336"",""908337"",""908338""]}",EK-2B HİZMET BAŞI İŞLEM PUAN LİSTESİ (Yür. 02.09.2023).xlsx,"908335, 908336, 908337, 908338 ile birlikte faturalandırılmaz.",new,"source_crosswalk_not_trusted|unresolved_target_sut_codes:908335,908336,908337,908338",pending,
engine_proposal_232baad115bd2ae50f6ed202,B,30.48127,Real time PCR 6-10 çift primer ile,sure,complete,30.48127,,"{""adet"":1,""islemlerGrupMu"":false,""periyotDeger"":1,""sourceSutCode"":""908339"",""surePeriyot"":""G""}",EK-2B HİZMET BAŞI İŞLEM PUAN LİSTESİ (Yür. 02.09.2023).xlsx,On günde bir adet faturalandırılır.,new,source_crosswalk_not_trusted,pending,
engine_proposal_c1ad7413cb0d9b42ef22af39,B,30.48127,Real time PCR 6-10 çift primer ile,sure,partial,30.48127,,{},HUV_06052025.xlsx,"CTC (cell free single / circuling tumor cells) Enumeration+3 Hedef Mutasyon Analizi” testi, yöntem, kapsam ve nitelik olarak bu tanım ile uyumlu olup, uygulanması halinde aynı tanım ve birim ile değerlendirilir.",new,explicit_frequency_fields_not_parsed,pending,
engine_proposal_adae1d9cef22115e6af32019,B,30.49361,Real time PCR 11 ve üzeri çift primer ile,birlikteOdenmez,partial,30.49361,,"{""evrakBazliMi"":true,""sourceSutCode"":""908339"",""targetSutCodes"":[""908335"",""908336"",""908337"",""908338""]}",EK-2B HİZMET BAŞI İŞLEM PUAN LİSTESİ (Yür. 02.09.2023).xlsx,"908335, 908336, 908337, 908338 ile birlikte faturalandırılmaz.",new,"source_crosswalk_not_trusted|unresolved_target_sut_codes:908335,908336,908337,908338",pending,
engine_proposal_880b977db2f99e9cea2cfa06,B,30.49361,Real time PCR 11 ve üzeri çift primer ile,sure,complete,30.49361,,"{""adet"":1,""islemlerGrupMu"":false,""periyotDeger"":1,""sourceSutCode"":""908339"",""surePeriyot"":""G""}",EK-2B HİZMET BAŞI İŞLEM PUAN LİSTESİ (Yür. 02.09.2023).xlsx,On günde bir adet faturalandırılır.,new,source_crosswalk_not_trusted,pending,
engine_proposal_20054aa279de439df4d15887,B,30.50595,Reverse Transcriptase PCR,birlikteOdenmez,partial,30.50595,,"{""evrakBazliMi"":true,""sourceSutCode"":""908339"",""targetSutCodes"":[""908335"",""908336"",""908337"",""908338""]}",EK-2B HİZMET BAŞI İŞLEM PUAN LİSTESİ (Yür. 02.09.2023).xlsx,"908335, 908336, 908337, 908338 ile birlikte faturalandırılmaz.",new,"source_crosswalk_not_trusted|unresolved_target_sut_codes:908335,908336,908337,908338",pending,
engine_proposal_9e2bed2b164b525482408f1b,B,30.50595,Reverse Transcriptase PCR,sure,complete,30.50595,,"{""adet"":1,""islemlerGrupMu"":false,""periyotDeger"":1,""sourceSutCode"":""908339"",""surePeriyot"":""G""}",EK-2B HİZMET BAŞI İŞLEM PUAN LİSTESİ (Yür. 02.09.2023).xlsx,On günde bir adet faturalandırılır.,new,source_crosswalk_not_trusted,pending,
engine_proposal_2d165da9e8ab675fe90f90f1,B,30.51829,Reverse Transcriptase PCR Multipleks,birlikteOdenmez,partial,30.51829,,"{""evrakBazliMi"":true,""sourceSutCode"":""908339"",""targetSutCodes"":[""908335"",""908336"",""908337"",""908338""]}",EK-2B HİZMET BAŞI İŞLEM PUAN LİSTESİ (Yür. 02.09.2023).xlsx,"908335, 908336, 908337, 908338 ile birlikte faturalandırılmaz.",new,"source_crosswalk_not_trusted|unresolved_target_sut_codes:908335,908336,908337,908338",pending,
engine_proposal_0eccae965f95efcd3941391d,B,30.51829,Reverse Transcriptase PCR Multipleks,sure,complete,30.51829,,"{""adet"":1,""islemlerGrupMu"":false,""periyotDeger"":1,""sourceSutCode"":""908339"",""surePeriyot"":""G""}",EK-2B HİZMET BAŞI İŞLEM PUAN LİSTESİ (Yür. 02.09.2023).xlsx,On günde bir adet faturalandırılır.,new,source_crosswalk_not_trusted,pending,
engine_proposal_62f32a1c883ed2f92a05da93,B,30.57999,Revers Dot Blot (13 ve üzeri mutasyon),sure,complete,30.57999,,"{""adet"":6,""islemlerGrupMu"":false,""periyotDeger"":1,""sourceSutCode"":""G101040"",""surePeriyot"":""M""}",EK-2B HİZMET BAŞI İŞLEM PUAN LİSTESİ (Yür. 02.09.2023).xlsx,Altı ayda bir adet faturalandırılır.,new,source_crosswalk_not_trusted,pending,
engine_proposal_48554205fe09b16b74cca45c,B,30.65403,Array CGH (prenatal) (en az 50000 prob),birlikteOdenmez,partial,30.65403,,"{""evrakBazliMi"":true,""sourceSutCode"":""G100430"",""targetSutCodes"":[""G100370"",""G100380"",""G100390"",""G100400"",""G100410"",""G100420"",""G101830"",""G101840"",""G101850"",""G101860"",""G101870""]}",EK-2B HİZMET BAŞI İŞLEM PUAN LİSTESİ (Yür. 02.09.2023).xlsx,"G100370, G100380, G100390, G100400, G100410, G100420, G101830, G101840, G101850, G101860, G101870 ile birlikte faturalandırılmaz.",new,"source_crosswalk_not_trusted|unresolved_target_sut_codes:G100370,G100380,G100390,G100400,G100410,G100420,G101830,G101840,G101850,G101860,G101870",pending,
engine_proposal_b4a3a8b986d7b11af9a566f4,B,30.68488,Ailesel Meme ve Over Kanseri (BRCA1 geni) (Tüm Gen Dizi Analizi),sure,partial,30.68488,C50|C50.0|C50.1|C50.2|C50.3|C50.4|C50.5|C50.6|C50.8|C50.9|C51|C51.0|C51.1|C51.2|C51.8|C51.9|C79|C79.0|C79.1|C79.2|C79.3|C79.4|C79.5|C79.6|C79.7|C79.8|O13|Z85|Z85.0|Z85.1|Z85.2|Z85.3|Z85.4|Z85.5|Z85.6|Z85.7|Z85.8|Z85.9,{},HUV_06052025.xlsx,"Aşağıdaki kriterlerin en az birinin varlığında veya bu endikasyonların dışında gerekçelerle yapıldığında ise ayrıntılı bir gerekçe raporu varlığında ücretlendirilir. Meme kanserinin 50 yaş veya altı teşhisi Over kanseri Aynı memede veya karşı memede birden fazla primer meme kanseri Hem meme hem de over kanseri Erkek meme kanseri Üçlü negatif (östrojen reseptörü negatif, progesteron reseptörü negatif ve HER2 / neu [insan epidermal büyüme faktörü reseptörü 2] negatif) meme kanseri Aynı bireyde veya ailenin aynı tarafında meme kanseri veya over kanseri veya pankreatik kanser AşkenaziYahudisi kökenli olmak Meme kanseri olan iki veya daha fazla akraba, biri 50 yaş altı Herhangi bir yaşta meme kanseri olan üç veya daha fazla akraba Ailenin daha önce tanımlanmış bir BRCA1 veya BRCA2 patojenik varyantı olması",new,explicit_frequency_fields_not_parsed,pending,
engine_proposal_4d636ad055d731e75476eba2,B,30.68796,Ailesel Meme ve Over Kanseri (BRCA2 geni) (Tüm Gen Dizi Analizi),sure,partial,30.68796,,{},HUV_06052025.xlsx,"Aşağıdaki kriterlerin en az birinin varlığında veya bu endikasyonların dışında gerekçelerle yapıldığında ise ayrıntılı bir gerekçe raporu varlığında ücretlendirilir. Meme kanserinin 50 yaş veya altı teşhisi Over kanseri Aynı memede veya karşı memede birden fazla primer meme kanseri Hem meme hem de over kanseri Erkek meme kanseri Üçlü negatif (östrojen reseptörü negatif, progesteron reseptörü negatif ve HER2 / neu [insan epidermal büyüme faktörü reseptörü 2] negatif) meme kanseri Aynı bireyde veya ailenin aynı tarafında meme kanseri veya over kanseri veya pankreatik kanser Aşkenazi Yahudisi kökenli olmak Meme kanseri olan iki veya daha fazla akraba, biri 50 yaş altı Herhangi bir yaşta meme kanseri olan üç veya daha fazla akraba Ailenin daha önce tanımlanmış bir BRCA1 veya BRCA2 patojenik varyantı olması",new,explicit_frequency_fields_not_parsed,pending,
engine_proposal_7ccaef35faff78c35e1fe3ad,B,30.69772,"Beta Talasemi (HBB geni), (Tüm Gen-Dizi Analizi)",sure,partial,30.69772,,{},HUV_06052025.xlsx,"Bu işlem, endikasyon uyumlu periferik yayma, kalitatif ve kantitatif hemoglobin analizi yapılmış olması halinde değerlendirilir.",new,explicit_frequency_fields_not_parsed,pending,
engine_proposal_27adb9e6fb6384f1ffd71850,B,30.93785,"KRAS mutasyon analizi (kodon 12, 13, 61, 146 mutasyonları)",sure,complete,30.93785,,"{""adet"":3,""islemlerGrupMu"":false,""periyotDeger"":1,""sourceSutCode"":""G101950"",""surePeriyot"":""M""}",EK-2B HİZMET BAŞI İŞLEM PUAN LİSTESİ (Yür. 02.09.2023).xlsx,Üç ayda bir adet faturalandırılır.,new,source_crosswalk_not_trusted,pending,
engine_proposal_ae1babc1e76d35c47651113f,B,30.98721,BRAF (V600E mutasyonu),sure,complete,30.98721,,"{""adet"":3,""islemlerGrupMu"":false,""periyotDeger"":1,""sourceSutCode"":""G101890"",""surePeriyot"":""M""}",EK-2B HİZMET BAŞI İŞLEM PUAN LİSTESİ (Yür. 02.09.2023).xlsx,Üç ayda bir adet faturalandırılır.,new,source_crosswalk_not_trusted,pending,
engine_proposal_09de03b33dca47dbb356e436,B,32.67850,Artroskopik bağ onarımı rehabilitasyonu,sure,complete,32.67850,,"{""adet"":2,""islemlerGrupMu"":false,""periyotDeger"":1,""sourceSutCode"":""612870"",""surePeriyot"":""M""}",EK-2B HİZMET BAŞI İŞLEM PUAN LİSTESİ (Yür. 02.09.2023).xlsx,En fazla iki adet ankor ayrıca faturalandırılır.,new,source_crosswalk_not_trusted,pending,
engine_proposal_2d3afee85d108c36c5f85a53,B,32.78563,Proloterapi,sure,partial,32.78563,,{},HUV_06052025.xlsx,"Proloterapi (proliferatif terapi), tek başına bir işlem tanımı olmayıp bir grup uygulamayı kapsar. Bu nedenle, proloterapi olarak tanımlanan ve uygulanan işlemler, listemizde tanımlı bulunan birimleri (ve ağrı tedavisi uygulama ilkeleri) ile değerlendirilir.",new,explicit_frequency_fields_not_parsed,pending,
engine_proposal_4d585810e8b674045bbedff1,B,32.82134,"TZP (trombositten zengin plazma)/PRP (platelet rich plasma) enjeksiyonu, eklem/kas/tendon içine, seansı, ilaç hariç",sure,partial,32.82134,,{},HUV_06052025.xlsx,"İşlem, bir alan/bölge/organda 2 ayda en fazla 1 seans ve yılda en fazla 6 seans uygulama ile değerlendirilir.",new,explicit_frequency_fields_not_parsed,pending,
engine_proposal_dcdb6d2dd38cb01df7897bd6,B,32.85705,"ESWT (ekstrakorporeal şok dalga tedavisi), seansı",sure,partial,32.85705,,{},HUV_06052025.xlsx,"İşlem, bir bölgede/organda yılda en fazla 6 seans uygulama ile ücretlendirilir.",new,explicit_frequency_fields_not_parsed,pending,
engine_proposal_7bf90213af5866d37eb85505,B,32.92847,"Eklem içi ozon enjeksiyonu, büyük/orta/küçük, tek eklem, ilaç dahil",sure,partial,32.92847,,"{""sourceSutCode"":""550360""}",EK-2B HİZMET BAŞI İŞLEM PUAN LİSTESİ (Yür. 02.09.2023).xlsx,Tedavi süresince bir adet faturalandırılır.,new,frequency_period_or_limit_incomplete|source_crosswalk_not_trusted,pending,
engine_proposal_90d656e79c33b53d5e0e4a28,B,34.00756,Adenozin deaminaz,birlikteOdenmez,partial,34.00756,,"{""evrakBazliMi"":true,""sourceSutCode"":""L100240"",""targetSutCodes"":[""L100230""]}",EK-2B HİZMET BAŞI İŞLEM PUAN LİSTESİ (Yür. 02.09.2023).xlsx,L100230 ile birlikte faturalandırılmaz.,new,unresolved_target_sut_codes:L100230,pending,
engine_proposal_7ac095947208682f5b53ef0e,B,34.13364,Anti testis antikoru,sure,partial,34.13364,,"{""sourceSutCode"":""704550""}",EK-2B HİZMET BAŞI İŞLEM PUAN LİSTESİ (Yür. 02.09.2023).xlsx,Tedavi süresince bir adet faturalandırılır.,new,frequency_period_or_limit_incomplete|source_crosswalk_not_trusted,pending,
engine_proposal_122fd8b0c6d0ae9de81d43eb,B,34.14648,"Antijen arama, dışkı (adenovirüs, cryptosporidium, entamobea histolytica, giardia, nörovirüs, rotavirüs), her biri",birlikteOdenmez,partial,34.14648,,"{""evrakBazliMi"":true,""sourceSutCode"":""908336"",""targetSutCodes"":[""908339""]}",EK-2B HİZMET BAŞI İŞLEM PUAN LİSTESİ (Yür. 02.09.2023).xlsx,908339 ile birlikte faturalandırılmaz.,new,source_crosswalk_not_trusted|unresolved_target_sut_codes:908339,pending,
engine_proposal_c6d52bc092db74446aa6adfd,B,34.17592,Bakteri tanımlaması (Otomatize sistem),birlikteOdenmez,partial,34.17592,,"{""evrakBazliMi"":true,""sourceSutCode"":""905690"",""targetSutCodes"":[""905680"",""905700"",""905710"",""905720"",""906040""]}",EK-2B HİZMET BAŞI İŞLEM PUAN LİSTESİ (Yür. 02.09.2023).xlsx,"905680, 905700, 905710, 905720, 906040 ile birlikte faturalandırılmaz.",new,"unresolved_target_sut_codes:905680,905700,905710,905720,906040",pending,
engine_proposal_d771a6b654ffee3fe7990374,B,34.17630,Bakteri tanımlaması (Manual sistem),birlikteOdenmez,partial,34.17630,,"{""evrakBazliMi"":true,""sourceSutCode"":""905690"",""targetSutCodes"":[""905680"",""905700"",""905710"",""905720"",""906040""]}",EK-2B HİZMET BAŞI İŞLEM PUAN LİSTESİ (Yür. 02.09.2023).xlsx,"905680, 905700, 905710, 905720, 906040 ile birlikte faturalandırılmaz.",new,"unresolved_target_sut_codes:905680,905700,905710,905720,906040",pending,
engine_proposal_e5dad87caa99b7c589fb8d84,B,34.17668,Barbitürik asit ve türevleri,birlikteOdenmez,partial,34.17668,,"{""evrakBazliMi"":true,""sourceSutCode"":""L104890"",""targetSutCodes"":[""L104900""]}",EK-2B HİZMET BAŞI İŞLEM PUAN LİSTESİ (Yür. 02.09.2023).xlsx,L104900 ile birlikte faturalandırılmaz.,new,official_source_locator_or_quote_missing|unresolved_target_sut_codes:L104900,pending,
engine_proposal_72c1be490a5c775ee9ad8030,B,34.21367,Brucella Real Time PCR,birlikteOdenmez,partial,34.21367,,"{""evrakBazliMi"":true,""sourceSutCode"":""908339"",""targetSutCodes"":[""908335"",""908336"",""908337"",""908338""]}",EK-2B HİZMET BAŞI İŞLEM PUAN LİSTESİ (Yür. 02.09.2023).xlsx,"908335, 908336, 908337, 908338 ile birlikte faturalandırılmaz.",new,"source_crosswalk_not_trusted|unresolved_target_sut_codes:908335,908336,908337,908338",pending,
engine_proposal_1279084ed3a7c492fcc876d2,B,34.21367,Brucella Real Time PCR,sure,complete,34.21367,,"{""adet"":1,""islemlerGrupMu"":false,""periyotDeger"":1,""sourceSutCode"":""908339"",""surePeriyot"":""G""}",EK-2B HİZMET BAŞI İŞLEM PUAN LİSTESİ (Yür. 02.09.2023).xlsx,On günde bir adet faturalandırılır.,new,source_crosswalk_not_trusted,pending,
engine_proposal_1b752218ab36de09d12f3c3b,B,34.22575,CMV İlaç Direnç Testi (Moleküler),sure,complete,34.22575,,"{""adet"":1,""islemlerGrupMu"":false,""periyotDeger"":1,""sourceSutCode"":""908141"",""surePeriyot"":""M""}",EK-2B HİZMET BAŞI İŞLEM PUAN LİSTESİ (Yür. 02.09.2023).xlsx,Ayda bir adet faturalandırılır.,new,source_crosswalk_not_trusted,pending,
engine_proposal_4e9819ca139b79645b2b1005,B,34.25067,"Coombs, direkt",birlikteOdenmez,partial,34.25067,,"{""evrakBazliMi"":true,""sourceSutCode"":""705210"",""targetSutCodes"":[""705220"",""705230""]}",EK-2B HİZMET BAŞI İŞLEM PUAN LİSTESİ (Yür. 02.09.2023).xlsx,"Aynı gün 705220, 705230 ile birlikte faturalandırılmaz.",new,"source_crosswalk_not_trusted|unresolved_target_sut_codes:705220,705230",pending,
engine_proposal_f1f3f2d9137393f756c42220,B,34.28389,Dışkıda yağ tayini (kantitatif),sure,partial,34.28389,,{},HUV_06052025.xlsx,"İşlem, “Gaitada Steatokrit tayini” için de uygulanabilir ve aynı birimle değerlendirilir.",new,explicit_frequency_fields_not_parsed,pending,
engine_proposal_f2713bb22eb7629f93c24f98,B,34.29521,Dopamin,sure,partial,34.29521,,{},HUV_06052025.xlsx,"Aynı anda, adrenalin+noradrenalin+dopamin hormonuna birden bakılması halinde işlem, katekolaminler olarak tanımlanır ve onun birimi ile değerlendirilir.",new,explicit_frequency_fields_not_parsed,pending,
engine_proposal_c8bc375b01ce9ee1c3a41f23,B,34.29597,"Down sendromu entegre test (PAPP-A, free beta HCG, AFP, estriol, inhibin A)",birlikteOdenmez,complete,34.29597|34.02115|34.57381|34.40922|34.49982,,"{""evrakBazliMi"":true,""sourceSutCode"":""L102290"",""targetSutCodes"":[""L100680"",""L100690"",""L100700"",""L101540"",""L101550"",""L102340"",""L102810"",""L103760"",""L106710"",""L107110""]}",EK-2B HİZMET BAŞI İŞLEM PUAN LİSTESİ (Yür. 02.09.2023).xlsx,"L100680, L100690, L100700, L101540, L101550, L102340, L102810, L103760, L106710, L107110 ile birlikte faturalandırılmaz.",new,"unresolved_target_sut_codes:L100690,L100700,L101550,L102340,L106710,L107110",pending,
engine_proposal_3186e80b2942e508286afa32,B,34.29748,"Down sendromu ikili tarama testi (PAPP-A, free beta HCG) (1. trimester tarama testi)",birlikteOdenmez,complete,34.29748|34.57381,,"{""evrakBazliMi"":true,""sourceSutCode"":""L103620"",""targetSutCodes"":[""L101540"",""L101550"",""L105950"",""L106710"",""L107110""]}",EK-2B HİZMET BAŞI İŞLEM PUAN LİSTESİ (Yür. 02.09.2023).xlsx,"L101540, L101550, L105950, L106710, L107110 ile birlikte faturalandırılmaz.",new,"unresolved_target_sut_codes:L101550,L105950,L106710,L107110",pending,
engine_proposal_e85e4dc9cbb80538334a8c83,B,34.29899,"Down sendromu üçlü tarama testi (beta HCG, alfa fetoprotein, estriol)",birlikteOdenmez,complete,34.29899|34.02115|34.57381|34.40922,,"{""evrakBazliMi"":true,""sourceSutCode"":""L107410"",""targetSutCodes"":[""L100680"",""L100690"",""L100700"",""L101540"",""L101550"",""L102340"",""L102810"",""L106710"",""L107110""]}",EK-2B HİZMET BAŞI İŞLEM PUAN LİSTESİ (Yür. 02.09.2023).xlsx,"L100680, L100690, L100700, L101540, L101550, L102340, L102810, L106710, L107110 ile birlikte faturalandırılmaz.",new,"unresolved_target_sut_codes:L100690,L100700,L101550,L102340,L106710,L107110",pending,
engine_proposal_c596dfc969b5050e5ce51f42,B,34.32315,Epinefrin,sure,partial,34.32315,,{},HUV_06052025.xlsx,"Aynı anda, adrenalin+noradrenalin+dopamin hormonuna birden bakılması halinde işlem, katekolaminler olarak tanımlanır ve onun birimi ile değerlendirilir.",new,explicit_frequency_fields_not_parsed,pending,
engine_proposal_531069186683649c83b1a99d,B,34.38838,Genişletilmiş Spektrumlu Beta Laktamaz (esbl)ve enerjisi (e-testi),birlikteOdenmez,partial,34.38838,,"{""evrakBazliMi"":true,""sourceSutCode"":""905960"",""targetSutCodes"":[""905950""]}",EK-2B HİZMET BAŞI İŞLEM PUAN LİSTESİ (Yür. 02.09.2023).xlsx,905950 ile birlikte faturalandırılmaz.,new,source_crosswalk_not_trusted|unresolved_target_sut_codes:905950,pending,
engine_proposal_7d2a7572966f973417059dda,B,34.38858,"Genişletilmiş Spektrumlu Beta Laktamaz (esbl), difüzyon antibiyogram disk ile",birlikteOdenmez,partial,34.38858,,"{""evrakBazliMi"":true,""sourceSutCode"":""905950"",""targetSutCodes"":[""905960""]}",EK-2B HİZMET BAŞI İŞLEM PUAN LİSTESİ (Yür. 02.09.2023).xlsx,905960 ile birlikte faturalandırılmaz.,new,source_crosswalk_not_trusted|unresolved_target_sut_codes:905960,pending,
engine_proposal_2286396d16a644962f84309c,B,34.38883,"Genital Panel (En az 5 test; Chlamydia trachomatis, Neisseria gonorrhoeae, Mycoplasma genitalium, Trichomonas vaginalis, Gardnerella vaginalis, Ureaplasma urealyticum/parvum, Herpes simplex virus 1/2)",birlikteOdenmez,partial,34.38883,,"{""evrakBazliMi"":true,""sourceSutCode"":""908335"",""targetSutCodes"":[""908339""]}",EK-2B HİZMET BAŞI İŞLEM PUAN LİSTESİ (Yür. 02.09.2023).xlsx,908339 ile birlikte faturalandırılmaz.,new,source_crosswalk_not_trusted|unresolved_target_sut_codes:908339,pending,
engine_proposal_a644e15ae56a99fa1439f8eb,B,34.42054,HBV İlaç Direnc Testi,sure,complete,34.42054,,"{""adet"":6,""islemlerGrupMu"":false,""periyotDeger"":1,""sourceSutCode"":""908151"",""surePeriyot"":""M""}",EK-2B HİZMET BAŞI İŞLEM PUAN LİSTESİ (Yür. 02.09.2023).xlsx,Altı ayda bir adet faturalandırılır.,new,source_crosswalk_not_trusted,pending,
engine_proposal_81daee78e5619d538b478ed0,B,34.45376,HIV İlaç Direnç Testi,sure,complete,34.45376,,"{""adet"":1,""islemlerGrupMu"":false,""periyotDeger"":1,""sourceSutCode"":""908211"",""surePeriyot"":""M""}",EK-2B HİZMET BAŞI İŞLEM PUAN LİSTESİ (Yür. 02.09.2023).xlsx,Ayda bir adet faturalandırılır.,new,source_crosswalk_not_trusted,pending,
engine_proposal_88312d8e8df52b8d7e4ea6a4,B,34.48774,İdrarda redüktan madde (idrar),birlikteOdenmez,partial,34.48774,,"{""evrakBazliMi"":true,""sourceSutCode"":""L103560"",""targetSutCodes"":[""L107010""]}",EK-2B HİZMET BAŞI İŞLEM PUAN LİSTESİ (Yür. 02.09.2023).xlsx,L107010 ile birlikte faturalandırılmaz.,new,unresolved_target_sut_codes:L107010,pending,
engine_proposal_13bad8aa9ae0a9f6b02aec0f,B,34.49076,İlaç düzeyi (HPLC),sure,complete,34.49076,,"{""adet"":3,""islemlerGrupMu"":false,""periyotDeger"":1,""sourceSutCode"":""L102830"",""surePeriyot"":""M""}",EK-2B HİZMET BAŞI İŞLEM PUAN LİSTESİ (Yür. 02.09.2023).xlsx,üç ayda bir adet faturalandırılır.,new,source_crosswalk_not_trusted,pending,
engine_proposal_a4b48bd2bdaf15c9f3b0ca1b,B,34.49700,"İmmün supresan düzeyi tayini (everolimus, tacrolimus, sirolimus, siklosiporin, vb), LC-MS/MS yöntemi ile, her biri",birlikteOdenmez,partial,34.49700,,"{""evrakBazliMi"":true,""sourceSutCode"":""L114610"",""targetSutCodes"":[""L114600""]}",EK-2B HİZMET BAŞI İŞLEM PUAN LİSTESİ (Yür. 02.09.2023).xlsx,L114600 ile birlikte faturalandırılmaz.,new,source_crosswalk_not_trusted|unresolved_target_sut_codes:L114600,pending,
engine_proposal_43f01e4d0ee75d771e34c860,B,34.52322,Kan grubu (Jel Sentrifugasyonu-Forward-Reverse),birlikteOdenmez,partial,34.52322,,"{""evrakBazliMi"":true,""sourceSutCode"":""705140"",""targetSutCodes"":[""705130""]}",EK-2B HİZMET BAŞI İŞLEM PUAN LİSTESİ (Yür. 02.09.2023).xlsx,705130 ile birlikte faturalandırılmaz.,new,official_source_locator_or_quote_missing|unresolved_target_sut_codes:705130,pending,
engine_proposal_5e1418058f70494433edb6db,B,34.54512,"Keton cisimleri, idrar",birlikteOdenmez,partial,34.54512,,"{""evrakBazliMi"":true,""sourceSutCode"":""L104150"",""targetSutCodes"":[""L104160""]}",EK-2B HİZMET BAŞI İŞLEM PUAN LİSTESİ (Yür. 02.09.2023).xlsx,L104160 ile birlikte faturalandırılmaz.,new,source_crosswalk_not_trusted|unresolved_target_sut_codes:L104160,pending,
engine_proposal_27e8c1680532de71016f661d,B,34.54663,"Keton cisimleri, serum",birlikteOdenmez,partial,34.54663,,"{""evrakBazliMi"":true,""sourceSutCode"":""L104130"",""targetSutCodes"":[""L104140""]}",EK-2B HİZMET BAŞI İŞLEM PUAN LİSTESİ (Yür. 02.09.2023).xlsx,L104140 ile birlikte faturalandırılmaz.,new,official_source_locator_or_quote_missing|source_crosswalk_not_trusted|unresolved_target_sut_codes:L104140,pending,
engine_proposal_8eda9baedb5e16f651ec0370,B,34.57079,"Kortizol, serbest",birlikteOdenmez,partial,34.57079,,"{""evrakBazliMi"":true,""sourceSutCode"":""L104670"",""targetSutCodes"":[""L104680"",""L104690""]}",EK-2B HİZMET BAŞI İŞLEM PUAN LİSTESİ (Yür. 02.09.2023).xlsx,"L104680, L104690 ile birlikte faturalandırılmaz.",new,"unresolved_target_sut_codes:L104680,L104690",pending,
engine_proposal_3ff7eec4f58d9258e054b646,B,34.59495,"Kurşun, saç (AAS ile)",birlikteOdenmez,partial,34.59495,,"{""evrakBazliMi"":true,""sourceSutCode"":""L104860"",""targetSutCodes"":[""L104870""]}",EK-2B HİZMET BAŞI İŞLEM PUAN LİSTESİ (Yür. 02.09.2023).xlsx,L104870 ile birlikte faturalandırılmaz.,new,official_source_locator_or_quote_missing|unresolved_target_sut_codes:L104870,pending,
engine_proposal_150b4ec03de2b32db13893b1,B,34.60099,"Kültür, aerob, kan, manuel",birlikteOdenmez,partial,34.60099,,"{""evrakBazliMi"":true,""sourceSutCode"":""906010"",""targetSutCodes"":[""906020""]}",EK-2B HİZMET BAŞI İŞLEM PUAN LİSTESİ (Yür. 02.09.2023).xlsx,906020 ile birlikte faturalandırılmaz.,new,source_crosswalk_not_trusted|unresolved_target_sut_codes:906020,pending,
engine_proposal_9f161019361a4433c1327970,B,34.60250,"Kültür, aerob, kan, otomatize",birlikteOdenmez,partial,34.60250,,"{""evrakBazliMi"":true,""sourceSutCode"":""906020"",""targetSutCodes"":[""906010""]}",EK-2B HİZMET BAŞI İŞLEM PUAN LİSTESİ (Yür. 02.09.2023).xlsx,906010 ile birlikte faturalandırılmaz.,new,official_source_locator_or_quote_missing|source_crosswalk_not_trusted|unresolved_target_sut_codes:906010,pending,
engine_proposal_c4322dc860e673c4add3719d,B,34.61005,"Kültür, anaerob, otomatize",birlikteOdenmez,partial,34.61005,,"{""evrakBazliMi"":true,""sourceSutCode"":""906020"",""targetSutCodes"":[""906010""]}",EK-2B HİZMET BAŞI İŞLEM PUAN LİSTESİ (Yür. 02.09.2023).xlsx,906010 ile birlikte faturalandırılmaz.,new,official_source_locator_or_quote_missing|source_crosswalk_not_trusted|unresolved_target_sut_codes:906010,pending,
engine_proposal_b1d0bc0ac7f617a8d88b6eac,B,34.62288,Laktoz intolerans testi (biyopsiden),birlikteOdenmez,partial,34.62288,,"{""evrakBazliMi"":true,""sourceSutCode"":""L104890"",""targetSutCodes"":[""L104900""]}",EK-2B HİZMET BAŞI İŞLEM PUAN LİSTESİ (Yür. 02.09.2023).xlsx,L104900 ile birlikte faturalandırılmaz.,new,official_source_locator_or_quote_missing|unresolved_target_sut_codes:L104900,pending,
engine_proposal_855d327b406cad20a6678698,B,34.62817,LE hücresi,birlikteOdenmez,partial,34.62817,,"{""evrakBazliMi"":true,""sourceSutCode"":""L104890"",""targetSutCodes"":[""L104900""]}",EK-2B HİZMET BAŞI İŞLEM PUAN LİSTESİ (Yür. 02.09.2023).xlsx,L104900 ile birlikte faturalandırılmaz.,new,official_source_locator_or_quote_missing|unresolved_target_sut_codes:L104900,pending,
engine_proposal_e50070636a4ad242abe50cbc,B,34.63723,Lenfoma Paneli (21 ve üzeri monoklonal antikor için),sure,complete,34.63723,,"{""adet"":1,""islemlerGrupMu"":false,""periyotDeger"":1,""sourceSutCode"":""L105010"",""surePeriyot"":""M""}",EK-2B HİZMET BAŞI İŞLEM PUAN LİSTESİ (Yür. 02.09.2023).xlsx,Ayrıntılı sonuç raporu ile bir adet faturalandırılır.,new,source_crosswalk_not_trusted,pending,
engine_proposal_e5aa95e0b9cd9d5af019d07d,B,34.63798,Lenfoma Paneli (20 ve daha az monoklonal antikor için),sure,complete,34.63798,,"{""adet"":1,""islemlerGrupMu"":false,""periyotDeger"":1,""sourceSutCode"":""L105010"",""surePeriyot"":""M""}",EK-2B HİZMET BAŞI İŞLEM PUAN LİSTESİ (Yür. 02.09.2023).xlsx,Ayrıntılı sonuç raporu ile bir adet faturalandırılır.,new,source_crosswalk_not_trusted,pending,
engine_proposal_c51c50dc5188ded549f3ec0e,B,34.67342,Measles (Kızamık) Virus Real Time PCR,birlikteOdenmez,partial,34.67342,,"{""evrakBazliMi"":true,""sourceSutCode"":""908339"",""targetSutCodes"":[""908335"",""908336"",""908337"",""908338""]}",EK-2B HİZMET BAŞI İŞLEM PUAN LİSTESİ (Yür. 02.09.2023).xlsx,"908335, 908336, 908337, 908338 ile birlikte faturalandırılmaz.",new,"source_crosswalk_not_trusted|unresolved_target_sut_codes:908335,908336,908337,908338",pending,
engine_proposal_599fc64fd7d34c9f224c0951,B,34.67342,Measles (Kızamık) Virus Real Time PCR,sure,complete,34.67342,,"{""adet"":1,""islemlerGrupMu"":false,""periyotDeger"":1,""sourceSutCode"":""908339"",""surePeriyot"":""G""}",EK-2B HİZMET BAŞI İŞLEM PUAN LİSTESİ (Yür. 02.09.2023).xlsx,On günde bir adet faturalandırılır.,new,source_crosswalk_not_trusted,pending,
engine_proposal_53e0edb8867165729125e442,B,34.70140,Mumps (Kabakulak) Virus Real Time PCR,birlikteOdenmez,partial,34.70140,,"{""evrakBazliMi"":true,""sourceSutCode"":""908339"",""targetSutCodes"":[""908335"",""908336"",""908337"",""908338""]}",EK-2B HİZMET BAŞI İŞLEM PUAN LİSTESİ (Yür. 02.09.2023).xlsx,"908335, 908336, 908337, 908338 ile birlikte faturalandırılmaz.",new,"source_crosswalk_not_trusted|unresolved_target_sut_codes:908335,908336,908337,908338",pending,
engine_proposal_d3b78a68f5c81ca2b78d7660,B,34.70140,Mumps (Kabakulak) Virus Real Time PCR,sure,complete,34.70140,,"{""adet"":1,""islemlerGrupMu"":false,""periyotDeger"":1,""sourceSutCode"":""908339"",""surePeriyot"":""G""}",EK-2B HİZMET BAŞI İŞLEM PUAN LİSTESİ (Yür. 02.09.2023).xlsx,On günde bir adet faturalandırılır.,new,source_crosswalk_not_trusted,pending,
engine_proposal_ad37867a8922a026668ed375,B,34.71424,Nitroblue tetrazolyum boyama testi,birlikteOdenmez,partial,34.71424,,"{""evrakBazliMi"":true,""sourceSutCode"":""L105490"",""targetSutCodes"":[""L105500""]}",EK-2B HİZMET BAŞI İŞLEM PUAN LİSTESİ (Yür. 02.09.2023).xlsx,L105500 ile birlikte faturalandırılmaz.,new,unresolved_target_sut_codes:L105500,pending,
engine_proposal_87a2df5ff85af482b660606e,B,34.71575,Norepinefrin,sure,partial,34.71575,,{},HUV_06052025.xlsx,"Aynı anda, adrenalin+noradrenalin+dopamin hormonuna birden bakılması halinde işlem, katekolaminler olarak tanımlanır ve onun birimi ile değerlendirilir.",new,explicit_frequency_fields_not_parsed,pending,
engine_proposal_267b5a873d3a9d6b25ba1d11,B,34.72632,Nükleer matriks protein NMP 22,birlikteOdenmez,partial,34.72632,,"{""evrakBazliMi"":true,""sourceSutCode"":""L105560"",""targetSutCodes"":[""L105550""]}",EK-2B HİZMET BAŞI İŞLEM PUAN LİSTESİ (Yür. 02.09.2023).xlsx,L105550 ile birlikte faturalandırılmaz.,new,unresolved_target_sut_codes:L105550,pending,
engine_proposal_3dcb30a3da03639bf146ae29,B,34.73085,"Oksalat, idrar",birlikteOdenmez,partial,34.73085,,"{""evrakBazliMi"":true,""sourceSutCode"":""L105580"",""targetSutCodes"":[""L105570""]}",EK-2B HİZMET BAŞI İŞLEM PUAN LİSTESİ (Yür. 02.09.2023).xlsx,L105570 ile birlikte faturalandırılmaz.,new,official_source_locator_or_quote_missing|unresolved_target_sut_codes:L105570,pending,
engine_proposal_847d684318388fb2d3dc59a6,B,34.73236,Oligoklonal bant,birlikteOdenmez,partial,34.73236,,"{""evrakBazliMi"":true,""sourceSutCode"":""L101790"",""targetSutCodes"":[""L101800""]}",EK-2B HİZMET BAŞI İŞLEM PUAN LİSTESİ (Yür. 02.09.2023).xlsx,L101800 ile faturalandırılmaz.,new,unresolved_target_sut_codes:L101800,pending,
engine_proposal_fcc2e6e3de8b4b774b6739ca,B,34.74831,"Paraneoplazik Nörolojik Panel / Otoimmün Ensefalit Paneli, İFA yöntemi ile",sure,partial,34.74831,,{},HUV_06052025.xlsx,"Tanım, BOS&rsquo;ta yapılan incelemeyi kapsar. Nadir olarak serum ile çalışılması da, aynı birim ile değerlendirilir.",new,explicit_frequency_fields_not_parsed,pending,
engine_proposal_dad3feb852a8051a721caf21,B,34.74841,"Paraneoplazik Nörolojik Panel / Otoimmün Ensefalit Paneli, İmmünoblot yöntemi ile",sure,partial,34.74841,,{},HUV_06052025.xlsx,"Tanım, BOS&rsquo;ta yapılan incelemeyi kapsar. Nadir olarak serum ile çalışılması da, aynı birim ile değerlendirilir.",new,explicit_frequency_fields_not_parsed,pending,
engine_proposal_7b1d424809a5df285cc0b20c,B,34.75199,Periferik kan yayması (formül lökosit),birlikteOdenmez,partial,34.75199,,"{""evrakBazliMi"":true,""sourceSutCode"":""704770"",""targetSutCodes"":[""903020""]}",EK-2B HİZMET BAŞI İŞLEM PUAN LİSTESİ (Yür. 02.09.2023).xlsx,903020 ile birlikte faturalandırılmaz.,new,unresolved_target_sut_codes:903020,pending,
engine_proposal_8e920206b4fd7628c1d3d077,B,34.76444,PML (Promyelocytic Leukaemia Protein),sure,complete,34.76444,,"{""adet"":1,""islemlerGrupMu"":false,""periyotDeger"":1,""sourceSutCode"":""G100150"",""surePeriyot"":""M""}",EK-2B HİZMET BAŞI İŞLEM PUAN LİSTESİ (Yür. 02.09.2023).xlsx,Ayda bir adet faturalandırılır.,new,official_source_locator_or_quote_missing|source_crosswalk_not_trusted,pending,
engine_proposal_cd5000368da7a3f29a262e5b,B,34.77162,Pregnancy associated plasma protein A (PAPP-A),birlikteOdenmez,complete,34.77162|34.29748,,"{""evrakBazliMi"":true,""sourceSutCode"":""L105950"",""targetSutCodes"":[""L103620""]}",EK-2B HİZMET BAŞI İŞLEM PUAN LİSTESİ (Yür. 02.09.2023).xlsx,L103620 ile birlikte faturalandırılmaz.,new,source_crosswalk_not_trusted,pending,
engine_proposal_e92b52b17e68e09574a57724,B,34.79276,"Protein, idrar",birlikteOdenmez,partial,34.79276,,"{""evrakBazliMi"":true,""sourceSutCode"":""L106320"",""targetSutCodes"":[""L106310""]}",EK-2B HİZMET BAŞI İŞLEM PUAN LİSTESİ (Yür. 02.09.2023).xlsx,L106310 ile birlikte faturalandırılmaz.,new,official_source_locator_or_quote_missing|unresolved_target_sut_codes:L106310,pending,
engine_proposal_403942ee0bc9d75f9d6abd27,B,34.80484,Retikülosit sayımı,birlikteOdenmez,partial,34.80484,,"{""evrakBazliMi"":true,""sourceSutCode"":""L106520"",""targetSutCodes"":[""L106530""]}",EK-2B HİZMET BAŞI İŞLEM PUAN LİSTESİ (Yür. 02.09.2023).xlsx,L106530 ile birlikte faturalandırılmaz.,new,unresolved_target_sut_codes:L106530,pending,
engine_proposal_4e0d86a210d1725e900d3674,B,34.80974,Rickettsia Real Time PCR,birlikteOdenmez,partial,34.80974,,"{""evrakBazliMi"":true,""sourceSutCode"":""908339"",""targetSutCodes"":[""908335"",""908336"",""908337"",""908338""]}",EK-2B HİZMET BAŞI İŞLEM PUAN LİSTESİ (Yür. 02.09.2023).xlsx,"908335, 908336, 908337, 908338 ile birlikte faturalandırılmaz.",new,"source_crosswalk_not_trusted|unresolved_target_sut_codes:908335,908336,908337,908338",pending,
engine_proposal_67b27875aacef6da3e9c6376,B,34.80974,Rickettsia Real Time PCR,sure,complete,34.80974,,"{""adet"":1,""islemlerGrupMu"":false,""periyotDeger"":1,""sourceSutCode"":""908339"",""surePeriyot"":""G""}",EK-2B HİZMET BAŞI İŞLEM PUAN LİSTESİ (Yür. 02.09.2023).xlsx,On günde bir adet faturalandırılır.,new,source_crosswalk_not_trusted,pending,
engine_proposal_ad8b043fbfef3a2a171694cc,B,34.85316,"Sitrat, idrar",birlikteOdenmez,partial,34.85316,,"{""evrakBazliMi"":true,""sourceSutCode"":""L106900"",""targetSutCodes"":[""L106890""]}",EK-2B HİZMET BAŞI İŞLEM PUAN LİSTESİ (Yür. 02.09.2023).xlsx,L106890 ile birlikte faturalandırılmaz.,new,official_source_locator_or_quote_missing|unresolved_target_sut_codes:L106890,pending,
engine_proposal_6ba6f494b2c249fdd6b0352a,B,34.87581,"Spesifik IgE (her bir alerjen), immunoblot/immunocap yöntemi ile",sure,partial,34.87581,,{},HUV_06052025.xlsx,"Bu tanım, en fazla 7 alerjene bakılmak istenmesi halinde uygulanır. 8 ve üzerinde alerjene bakılmak istenmesi, bakılan alerjen sayısına uygun olarak, listede bulunan “Spesifik IgE Geniş Alerjen Paneli” tanımlarından birisi ile değerlendirilir.",new,explicit_frequency_fields_not_parsed,pending,
engine_proposal_230460af5e648937f438d512,B,34.87618,"Spesifik IgE Geniş Alerjen Paneli (8-18 alerjen), immunoblot/immunocap yöntemi ile",sure,partial,34.87618,,{},HUV_06052025.xlsx,"Gıda/besin alerjen paneli veya Solunum alerji paneli (immunoblot / immunocap yöntemi ile) uygulamaları, bu testlerde bakılan alerjen sayısına uygun olarak, listede bulunan “Spesifik IgE Geniş Alerjen Paneli” tanımlarından birisi ile değerlendirilir.",new,explicit_frequency_fields_not_parsed,pending,
engine_proposal_3656da6e320f175f312a5e6c,B,34.87637,"Spesifik IgE Geniş Alerjen Paneli (19-29 alerjen), immunoblot/immunocap yöntemi ile",sure,partial,34.87637,,{},HUV_06052025.xlsx,"Gıda/besin alerjen paneli veya Solunum alerji paneli (immunoblot / immunocap yöntemi ile) uygulamaları, bu testlerde bakılan alerjen sayısına uygun olarak, listede bulunan “Spesifik IgE Geniş Alerjen Paneli” tanımlarından birisi ile değerlendirilir.",new,explicit_frequency_fields_not_parsed,pending,
engine_proposal_6558cd5294aa44e3ebeccdbb,B,34.87646,"Spesifik IgE Geniş Alerjen Paneli (30-39 alerjen), immunoblot/immunocap yöntemi ile",sure,partial,34.87646,,{},HUV_06052025.xlsx,"Gıda/besin alerjen paneli veya Solunum alerji paneli (immunoblot / immunocap yöntemi ile) uygulamaları, bu testlerde bakılan alerjen sayısına uygun olarak, listede bulunan “Spesifik IgE Geniş Alerjen Paneli” tanımlarından birisi ile değerlendirilir.",new,explicit_frequency_fields_not_parsed,pending,
engine_proposal_db1522d6beebae9f437d6526,B,34.87651,"Spesifik IgE Geniş Alerjen Paneli (40-49 alerjen), immunoblot/immunocap yöntemi ile",sure,partial,34.87651,,{},HUV_06052025.xlsx,"Gıda/besin alerjen paneli veya Solunum alerji paneli (immunoblot / immunocap yöntemi ile) uygulamaları, bu testlerde bakılan alerjen sayısına uygun olarak, listede bulunan “Spesifik IgE Geniş Alerjen Paneli” tanımlarından birisi ile değerlendirilir.",new,explicit_frequency_fields_not_parsed,pending,
engine_proposal_2b37de4ac0186cd5fa1b3521,B,34.87656,"Spesifik IgE Geniş Alerjen Paneli (50 ve üzeri alerjen), immunoblot/immunocap yöntemi ile",sure,partial,34.87656,,{},HUV_06052025.xlsx,"Bu tanım, 50 ve üzerinde alerjene bakılmak istenmesi halinde uygulanır. Aynı şekilde, 50 ve üzerinde alerjene bakılan “Gıda/besin alerjen paneli veya Solunum alerji paneli (immunoblot / immunocap yöntemi ile)” uygulamaları da, bu tanım ve birimi ile değerlendirilir.",new,explicit_frequency_fields_not_parsed,pending,
engine_proposal_8f5ca0e02a527badeb53da6c,B,34.93168,Tubuler fosfor reabsorbsiyonu (TRF) serum+idrar,birlikteOdenmez,partial,34.93168,,"{""evrakBazliMi"":true,""sourceSutCode"":""L102520"",""targetSutCodes"":[""L102530"",""L104780"",""L104790"",""L104800"",""L104810""]}",EK-2B HİZMET BAŞI İŞLEM PUAN LİSTESİ (Yür. 02.09.2023).xlsx,"L102530, L104780, L104790, L104800, L104810 ile birlikte faturalandırılmaz.",new,"unresolved_target_sut_codes:L102530,L104780,L104790,L104800,L104810",pending,
engine_proposal_1a0a10f66435cb9ca4e3a778,B,34.93394,Tüberküloz PCR,sure,complete,34.93394,,"{""adet"":1,""islemlerGrupMu"":false,""periyotDeger"":1,""sourceSutCode"":""908290"",""surePeriyot"":""M""}",EK-2B HİZMET BAŞI İŞLEM PUAN LİSTESİ (Yür. 02.09.2023).xlsx,Aynı örnekten bir adet faturalandırılır.,new,official_source_locator_or_quote_missing|source_crosswalk_not_trusted,pending,
engine_proposal_16f0fa772bd2b3ba217a0b37,B,34.94300,Ureoplazma urealyticum DNA (PCR),birlikteOdenmez,partial,34.94300,,"{""evrakBazliMi"":true,""sourceSutCode"":""908339"",""targetSutCodes"":[""908335"",""908336"",""908337"",""908338""]}",EK-2B HİZMET BAŞI İŞLEM PUAN LİSTESİ (Yür. 02.09.2023).xlsx,"908335, 908336, 908337, 908338 ile birlikte faturalandırılmaz.",new,"source_crosswalk_not_trusted|unresolved_target_sut_codes:908335,908336,908337,908338",pending,
engine_proposal_137f8aec648fbeb4525620df,B,34.94300,Ureoplazma urealyticum DNA (PCR),sure,complete,34.94300,,"{""adet"":1,""islemlerGrupMu"":false,""periyotDeger"":1,""sourceSutCode"":""908339"",""surePeriyot"":""G""}",EK-2B HİZMET BAŞI İŞLEM PUAN LİSTESİ (Yür. 02.09.2023).xlsx,On günde bir adet faturalandırılır.,new,source_crosswalk_not_trusted,pending,
engine_proposal_745c8ef1587e401531d6c525,C,07.84852,Larengeal EMG,birlikteOdenmez,partial,07.84852,,"{""evrakBazliMi"":true,""sourceSutCode"":""704440"",""targetSutCodes"":[""704450""]}",,,new,official_source_locator_or_quote_missing|unresolved_target_sut_codes:704450,pending,
engine_proposal_829a44df23bda392c75354dc,C,07.84852,Larengeal EMG,birlikteOdenmez,partial,07.84852,,"{""evrakBazliMi"":true,""sourceSutCode"":""704440"",""targetSutCodes"":[""704430""]}",,,new,official_source_locator_or_quote_missing|unresolved_target_sut_codes:704430,pending,
engine_proposal_0301d565ef54a006143f1216,C,10.04615,"Akım volüm halkası (inspiratuvar, ekspiratuar akım)",birlikteOdenmez,partial,10.04615,,"{""evrakBazliMi"":true,""sourceSutCode"":""701220"",""targetSutCodes"":[""701210""]}",,,new,official_source_locator_or_quote_missing|source_crosswalk_not_trusted|unresolved_target_sut_codes:701210,pending,
engine_proposal_2991f89bf9500003681b66a5,C,10.04615,"Akım volüm halkası (inspiratuvar, ekspiratuar akım)",birlikteOdenmez,partial,10.04615,,"{""evrakBazliMi"":true,""sourceSutCode"":""701220"",""targetSutCodes"":[""701230""]}",,,new,official_source_locator_or_quote_missing|source_crosswalk_not_trusted|unresolved_target_sut_codes:701230,pending,
engine_proposal_cd7760ad4d62797922cb34ff,C,10.07691,Astım tanısı ve izleminde PEF takibi,birlikteOdenmez,partial,10.07691,,"{""evrakBazliMi"":true,""sourceSutCode"":""701220"",""targetSutCodes"":[""701230""]}",,,new,official_source_locator_or_quote_missing|source_crosswalk_not_trusted|unresolved_target_sut_codes:701230,pending,
engine_proposal_d2f1952e0d125b530a1fea9f,C,10.07691,Astım tanısı ve izleminde PEF takibi,birlikteOdenmez,partial,10.07691,,"{""evrakBazliMi"":true,""sourceSutCode"":""701220"",""targetSutCodes"":[""701210""]}",,,new,official_source_locator_or_quote_missing|source_crosswalk_not_trusted|unresolved_target_sut_codes:701210,pending,
engine_proposal_14c92689f0307eb9b1f5272d,C,10.12305,Helyum gazıyla difüzyon ölçümü,birlikteOdenmez,partial,10.12305,,"{""evrakBazliMi"":true,""sourceSutCode"":""701220"",""targetSutCodes"":[""701210""]}",,,new,official_source_locator_or_quote_missing|unresolved_target_sut_codes:701210,pending,
engine_proposal_e0f0d5907ced6bc0ac5ecaa5,C,10.12305,Helyum gazıyla difüzyon ölçümü,birlikteOdenmez,partial,10.12305,,"{""evrakBazliMi"":true,""sourceSutCode"":""701220"",""targetSutCodes"":[""701230""]}",,,new,official_source_locator_or_quote_missing|unresolved_target_sut_codes:701230,pending,
engine_proposal_d7089f4fbeb766e722a45a62,C,10.13843,Kapanış volümü (nitrojen yıkama testi),birlikteOdenmez,partial,10.13843,,"{""evrakBazliMi"":true,""sourceSutCode"":""701220"",""targetSutCodes"":[""701210""]}",,,new,official_source_locator_or_quote_missing|unresolved_target_sut_codes:701210,pending,
engine_proposal_f3add7071e8b17398da73973,C,10.13843,Kapanış volümü (nitrojen yıkama testi),birlikteOdenmez,partial,10.13843,,"{""evrakBazliMi"":true,""sourceSutCode"":""701220"",""targetSutCodes"":[""701230""]}",,,new,official_source_locator_or_quote_missing|unresolved_target_sut_codes:701230,pending,
engine_proposal_40b5f62c67c77b0390d614f2,C,10.15381,"Rezidüel volüm, fonksiyonel rezidüel kapasite, total akciğer kapasitesi ölçümü",birlikteOdenmez,partial,10.15381,,"{""evrakBazliMi"":true,""sourceSutCode"":""701220"",""targetSutCodes"":[""701210""]}",,,new,official_source_locator_or_quote_missing|source_crosswalk_not_trusted|unresolved_target_sut_codes:701210,pending,
engine_proposal_dc23e63e34beedec594a6a75,C,10.15381,"Rezidüel volüm, fonksiyonel rezidüel kapasite, total akciğer kapasitesi ölçümü",birlikteOdenmez,partial,10.15381,,"{""evrakBazliMi"":true,""sourceSutCode"":""701220"",""targetSutCodes"":[""701230""]}",,,new,official_source_locator_or_quote_missing|source_crosswalk_not_trusted|unresolved_target_sut_codes:701230,pending,
engine_proposal_0280e60a9be0d619a43178af,C,10.16919,Pletismografik metodla havayolu direncinin ölçümü,birlikteOdenmez,partial,10.16919,,"{""evrakBazliMi"":true,""sourceSutCode"":""701220"",""targetSutCodes"":[""701230""]}",,,new,official_source_locator_or_quote_missing|unresolved_target_sut_codes:701230,pending,
engine_proposal_97e3e11617bbd2b524e4f9cf,C,10.16919,Pletismografik metodla havayolu direncinin ölçümü,birlikteOdenmez,partial,10.16919,,"{""evrakBazliMi"":true,""sourceSutCode"":""701220"",""targetSutCodes"":[""701210""]}",,,new,official_source_locator_or_quote_missing|unresolved_target_sut_codes:701210,pending,
engine_proposal_9911901e0e2d29c1a8438a55,C,10.18457,Kompliyans ölçümü (statik-dinamik),birlikteOdenmez,partial,10.18457,,"{""evrakBazliMi"":true,""sourceSutCode"":""701220"",""targetSutCodes"":[""701230""]}",,,new,official_source_locator_or_quote_missing|unresolved_target_sut_codes:701230,pending,
engine_proposal_b0c258fe47d9cce9ee3c76f2,C,10.18457,Kompliyans ölçümü (statik-dinamik),birlikteOdenmez,partial,10.18457,,"{""evrakBazliMi"":true,""sourceSutCode"":""701220"",""targetSutCodes"":[""701210""]}",,,new,official_source_locator_or_quote_missing|unresolved_target_sut_codes:701210,pending,
engine_proposal_b669a1d524d140a49cc82569,C,10.23071,Maksimum oksijen tüketimi,birlikteOdenmez,partial,10.23071,,"{""evrakBazliMi"":true,""sourceSutCode"":""701220"",""targetSutCodes"":[""701210""]}",,,new,official_source_locator_or_quote_missing|source_crosswalk_not_trusted|unresolved_target_sut_codes:701210,pending,
engine_proposal_cd41cab38f1de8ee2f1034da,C,10.23071,Maksimum oksijen tüketimi,birlikteOdenmez,partial,10.23071,,"{""evrakBazliMi"":true,""sourceSutCode"":""701220"",""targetSutCodes"":[""701230""]}",,,new,official_source_locator_or_quote_missing|source_crosswalk_not_trusted|unresolved_target_sut_codes:701230,pending,
engine_proposal_b1baee3828b503ed96290d5e,C,10.26147,Ekspirasyon havasında CO ölçümü,birlikteOdenmez,partial,10.26147,,"{""evrakBazliMi"":true,""sourceSutCode"":""701220"",""targetSutCodes"":[""701230""]}",,,new,official_source_locator_or_quote_missing|source_crosswalk_not_trusted|unresolved_target_sut_codes:701230,pending,
engine_proposal_ca9c1caa210fafebc36d1a02,C,10.26147,Ekspirasyon havasında CO ölçümü,birlikteOdenmez,partial,10.26147,,"{""evrakBazliMi"":true,""sourceSutCode"":""701220"",""targetSutCodes"":[""701210""]}",,,new,official_source_locator_or_quote_missing|source_crosswalk_not_trusted|unresolved_target_sut_codes:701210,pending,
engine_proposal_800ad744d0771f48f4e41eab,C,11.10813,ERG (Elektroretinografi),birlikteOdenmez,partial,11.10813,,"{""evrakBazliMi"":true,""sourceSutCode"":""703620"",""targetSutCodes"":[""703640""]}",,,new,official_source_locator_or_quote_missing|unresolved_target_sut_codes:703640,pending,
engine_proposal_8d9917fa788caa1ad54e7038,C,11.10813,ERG (Elektroretinografi),birlikteOdenmez,partial,11.10813,,"{""evrakBazliMi"":true,""sourceSutCode"":""703620"",""targetSutCodes"":[""703630""]}",,,new,official_source_locator_or_quote_missing|unresolved_target_sut_codes:703630,pending,
engine_proposal_4d2e40a289a7b85fc0bacebe,C,11.10915,Mültifokal ERG (Elektroretinografi),birlikteOdenmez,partial,11.10915,,"{""evrakBazliMi"":true,""sourceSutCode"":""703620"",""targetSutCodes"":[""703630""]}",,,new,official_source_locator_or_quote_missing|unresolved_target_sut_codes:703630,pending,
engine_proposal_e87a80c99098825034878517,C,11.10915,Mültifokal ERG (Elektroretinografi),birlikteOdenmez,partial,11.10915,,"{""evrakBazliMi"":true,""sourceSutCode"":""703620"",""targetSutCodes"":[""703640""]}",,,new,official_source_locator_or_quote_missing|unresolved_target_sut_codes:703640,pending,
engine_proposal_29a7cc627d8254946af39f3e,C,17.11317,Larengeal EMG,birlikteOdenmez,partial,17.11317,,"{""evrakBazliMi"":true,""sourceSutCode"":""704440"",""targetSutCodes"":[""704450""]}",,,new,official_source_locator_or_quote_missing|unresolved_target_sut_codes:704450,pending,
engine_proposal_8fb187625191b0a5abc22a95,C,17.11317,Larengeal EMG,birlikteOdenmez,partial,17.11317,,"{""evrakBazliMi"":true,""sourceSutCode"":""704440"",""targetSutCodes"":[""704430""]}",,,new,official_source_locator_or_quote_missing|unresolved_target_sut_codes:704430,pending,
engine_proposal_679bc3443e540ea5ca5e7925,C,17.31120,Video-EEG monitörizasyon grid veya derinlik veya kombine elektrotlarla,sure,partial,17.31120,,"{""condition"":""Hizmetin uygulanma sıklığına ilişkin sınırlamalar"",""limit"":24,""sourceSutCode"":""703100""}",,,new,duration_semantics_require_expert_mapping|official_source_verification_failed:source_quote_not_found_at_row:EK-2B HİZMET BAŞI İŞLEM PUAN LİSTESİ (Yür. 02.09.2023).xlsx:3286|source_crosswalk_not_trusted,pending,
engine_proposal_7274478735dd917c53f0ad91,C,17.32063,"Video-EEG, sfenoid elektrotlar ile, 24 saat",sure,partial,17.32063,,"{""condition"":""Hizmetin uygulanma sıklığına ilişkin sınırlamalar"",""limit"":24,""sourceSutCode"":""703100""}",,,new,duration_semantics_require_expert_mapping|official_source_verification_failed:source_quote_not_found_at_row:EK-2B HİZMET BAŞI İŞLEM PUAN LİSTESİ (Yür. 02.09.2023).xlsx:3286|source_crosswalk_not_trusted,pending,
engine_proposal_321da62305e8298dd089850c,C,26.97124,Üroflowmetri+EMG,birlikteOdenmez,partial,26.97124,,"{""evrakBazliMi"":true,""sourceSutCode"":""704440"",""targetSutCodes"":[""704450""]}",,,new,official_source_locator_or_quote_missing|unresolved_target_sut_codes:704450,pending,
engine_proposal_7c6b22f5cac72f93bdb8e03e,C,26.97124,Üroflowmetri+EMG,birlikteOdenmez,partial,26.97124,,"{""evrakBazliMi"":true,""sourceSutCode"":""704440"",""targetSutCodes"":[""704430""]}",,,new,official_source_locator_or_quote_missing|unresolved_target_sut_codes:704430,pending,
engine_proposal_81a314d01307680bc1ab25b8,C,26.98333,Sistometri+basınç akım çalışması+EMG,birlikteOdenmez,partial,26.98333,,"{""evrakBazliMi"":true,""sourceSutCode"":""704440"",""targetSutCodes"":[""704430""]}",,,new,official_source_locator_or_quote_missing|source_crosswalk_not_trusted|unresolved_target_sut_codes:704430,pending,
engine_proposal_a4b2865c8065556530e226f7,C,26.98333,Sistometri+basınç akım çalışması+EMG,birlikteOdenmez,partial,26.98333,,"{""evrakBazliMi"":true,""sourceSutCode"":""704440"",""targetSutCodes"":[""704450""]}",,,new,official_source_locator_or_quote_missing|source_crosswalk_not_trusted|unresolved_target_sut_codes:704450,pending,
engine_proposal_94638d51ccc0523118e0e0d2,C,30.13575,Düşük materyali/Gonad biyopsisinden/diğer solid dokulardan kromozom analizi,sure,partial,30.13575,,"{""sourceSutCode"":""G100010""}",,,new,frequency_period_or_limit_incomplete|official_source_locator_or_quote_missing,pending,
engine_proposal_45f4e4a42a9f9056a45305cb,C,30.30851,"Blot analiz (southern, northern, western)",sure,complete,30.30851,,"{""adet"":1,""islemlerGrupMu"":false,""periyotDeger"":1,""sourceSutCode"":""G100330"",""surePeriyot"":""G""}",,,new,official_source_locator_or_quote_missing|source_crosswalk_not_trusted,pending,
engine_proposal_77f6a683f27048cd7fd058c8,C,30.69772,"Beta Talasemi (HBB geni), (Tüm Gen-Dizi Analizi)",yas,partial,30.69772,,"{""sourceSutCode"":""G100700""}",,,new,explicit_age_bounds_not_parsed|official_source_locator_or_quote_missing|source_crosswalk_not_trusted,pending,
engine_proposal_36f3d2600c8d1bc0ca514283,C,30.70339,Beta Talasemi (majör ve minör) I.aşama,yas,partial,30.70339,,"{""sourceSutCode"":""G100700""}",,,new,explicit_age_bounds_not_parsed|official_source_locator_or_quote_missing,pending,
engine_proposal_81cfce324c116de2b341d1b6,C,30.75275,Frajil-X I. aşama,sure,partial,30.75275,,"{""sourceSutCode"":""G100910""}",,,new,frequency_period_or_limit_incomplete|official_source_locator_or_quote_missing,pending,
engine_proposal_3383a5d10c329bc8ea908198,C,34.48321,IgG indeksi,sure,partial,34.48321,,"{""sourceSutCode"":""L103550""}",,,new,frequency_period_or_limit_incomplete|official_source_locator_or_quote_missing,pending,
engine_proposal_0b359121a9e7a985b8dd56c8,C,34.57079,"Kortizol, serbest",birlikteOdenmez,partial,34.57079,,"{""evrakBazliMi"":true,""sourceSutCode"":""L104670"",""targetSutCodes"":[""L104680""]}",,,new,official_source_locator_or_quote_missing|unresolved_target_sut_codes:L104680,pending,
engine_proposal_624656ad87fac4a86ab81d89,C,34.57079,"Kortizol, serbest",birlikteOdenmez,partial,34.57079,,"{""evrakBazliMi"":true,""sourceSutCode"":""L104670"",""targetSutCodes"":[""L104690""]}",,,new,official_source_locator_or_quote_missing|unresolved_target_sut_codes:L104690,pending,
