huvCode,huvName,coverageStatus,proposalCount,signalCount,crosswalkCount,diagnosisPolicy,diagnosisReviewRequired,unsupportedSignalCount,aiRescueEligible
02.01361,"Enjeksiyon, intramusküler/subkutan/intrakutan",diagnosis_context_only,0,0,0,review_required,True,0,True
02.02041,"Enjeksiyon, intramusküler (IM), evde",proposed,1,1,1,review_required,True,0,False
02.03401,"Enjeksiyon, intravenöz , evde",proposed,3,3,1,review_required,True,0,False
02.04081,"Enjeksiyon, intravenöz, yenidoğan",diagnosis_context_only,0,0,0,review_required,True,0,True
02.30261,"Elektrokardiyogram (12 derivasyonlu, sadece EKG trase çekimi)",diagnosis_context_only,0,0,0,not_required,False,0,True
03.25503,Apne testi,diagnosis_context_only,0,0,0,review_required,True,0,True
03.98277,Transözofageal ekokardiyografi,diagnosis_context_only,0,0,0,review_required,True,0,True
03.98588,Peroperatif transözofageal ekokardiyografi,diagnosis_context_only,0,0,0,review_required,True,0,True
03.98744,Peroperatif transözafageal epiaortik ultrasonografi ile aortanın değerlendirilmesi,proposed,1,6,1,review_required,True,5,False
06.01575,"Deri ve mukoza smear`leri, direkt",proposed,1,1,1,review_required,True,0,False
06.02362,"Deri pH ölçülmesi, deri tipi tayini",diagnosis_context_only,0,0,0,review_required,True,0,True
06.03149,Wood ışığı muayenesi,diagnosis_context_only,0,0,0,review_required,True,0,True
06.03936,"Deri ve mukoza smear`leri (giemsa, wright, gram vb)",proposed,1,2,1,review_required,True,1,False
06.04723,Mantar aranması,diagnosis_context_only,0,0,0,review_required,True,0,True
06.05510,"Mantar kültürü yapılması, her biri",diagnosis_context_only,0,0,0,review_required,True,0,True
06.06297,Karanlık saha testi (spiroket aranması),diagnosis_context_only,0,0,0,review_required,True,0,True
06.07084,Paterji testi,diagnosis_context_only,0,0,0,review_required,True,0,True
06.07871,Demodeks/sarkopt aranması,proposed,1,1,1,review_required,True,0,False
06.08264,Cilde tutunmuş kene vb. böcek (arachnida) çıkarılması,proposed,1,1,1,review_required,True,0,False
06.10232,"Dermatoskopi, lezyon başına",diagnosis_context_only,0,0,0,review_required,True,0,True
06.11019,Bilgisayarlı dermatoskopi (tüm vücut ben haritasının çıkarılması),proposed,2,4,1,review_required,True,1,False
06.40925,"İlaç ve gıdalarla provokasyon testi, her biri",proposed,1,1,1,review_required,True,0,False
06.41712,Otolog serum testi,proposed,1,1,1,review_required,True,0,False
06.42499,"Deri prick testi, her biri",diagnosis_context_only,0,0,0,review_required,True,0,True
06.43286,"Deri yama testi, madde başına",diagnosis_context_only,0,0,0,review_required,True,0,True
06.44073,"Foto-deri yama testi, madde başına",proposed,1,3,1,review_required,True,2,False
07.01587,Sıcak-soğuk paket uygulaması,proposed,1,2,1,review_required,True,1,False
07.02380,İnfraruj,proposed,1,1,1,review_required,True,0,False
07.03173,Parafin,diagnosis_context_only,0,0,0,review_required,True,0,True
07.03966,Fluidoterapi,diagnosis_context_only,0,0,0,review_required,True,0,True
07.05552,Ultrason,diagnosis_context_only,0,0,0,review_required,True,0,True
07.06345,Kısa dalga diatermi,diagnosis_context_only,0,0,0,review_required,True,0,True
07.07138,Mikrodalga diatermi (radar),signals_only,0,1,1,review_required,True,1,True
07.07931,Manyetik alan tedavisi,signals_only,0,1,1,review_required,True,1,True
07.08724,"Ekstrakorporeal şok dalga tedavisi (ESWT), seansı",proposed,1,4,1,review_required,True,3,False
07.09517,"Ultraviyole (lokal, genel)",diagnosis_context_only,0,0,0,review_required,True,0,True
07.11103,"Alçak ve orta frekanslı akımlar (galvani, faradi, tens, diadinami, interferans, vb), her biri",proposed,1,1,1,review_required,True,0,False
07.11896,Lazer terapi,diagnosis_context_only,0,0,0,review_required,True,0,True
07.12292,"Yüksek Yoğunluklu Lazer tedavisi (HIL Terapi, vb), seansı",proposed,1,1,1,review_required,True,0,False
07.12689,Vakum ile elektroterapi,proposed,1,1,1,review_required,True,0,False
07.14275,Ultrason veya elektroterapi ile,diagnosis_context_only,0,0,0,review_required,True,0,True
07.15861,Elektrik akımı ile motor nokta kas stimülasyonu (faradi akım vb),diagnosis_context_only,0,0,1,review_required,True,0,True
07.16654,"Elektrik akımı ile kuvvetlendirme programları (atrofi ve spastisite tedavisi, compex vb)",diagnosis_context_only,0,0,1,review_required,True,0,True
07.17447,EMG biofeedback,diagnosis_context_only,0,0,0,review_required,True,0,True
07.18240,FES (Fonksiyonel Elektrik Stimülasyonu),diagnosis_context_only,0,0,0,review_required,True,0,True
07.19826,"Çalkantılı su banyosu (Hubard tank, whirlpool)",proposed,1,1,1,review_required,True,0,False
07.20619,Havuz tedavisi,proposed,1,1,1,review_required,True,0,False
07.21412,"Balneoterapi ve Fango uygulamaları, genel",proposed,1,2,1,review_required,True,1,False
07.22205,"Balneoterapi ve Fango uygulamaları, lokal",diagnosis_context_only,0,0,0,review_required,True,0,True
07.22998,"Özel banyolar (kükürt, inhalasyon, vb)",proposed,1,2,1,review_required,True,1,False
07.24584,"Klasik masaj, bölgesel",diagnosis_context_only,0,0,0,review_required,True,0,True
07.25377,"Klasik masaj, genel",diagnosis_context_only,0,0,0,review_required,True,0,True
07.26170,Konnektif doku masajı,diagnosis_context_only,0,0,1,review_required,True,0,True
07.26963,"Spinal manipülasyon, seansı",proposed,1,2,1,review_required,True,1,False
07.27756,Yumuşak dokuda manipülatif uygulamalar (Miyofasiyal germe / Graston),diagnosis_context_only,0,0,1,review_required,True,0,True
07.28549,Traksiyon,signals_only,0,1,1,review_required,True,1,True
07.28561,"Spinal dekompresyon tedavisi, seansı",diagnosis_context_only,0,0,1,review_required,True,0,True
07.29342,Teypleme (taping malzeme dahil),signals_only,0,1,1,review_required,True,1,True
07.30928,"Eklem içi enjeksiyon/aspirasyon, tek eklem",proposed,2,4,1,review_required,True,2,False
07.31721,"Eklem lavajı, tek eklem",diagnosis_context_only,0,0,0,review_required,True,0,True
07.32514,"Ağrılı nokta enjeksiyonu (tetik nokta, miyofasiyal / paravertebral adale, vb)",proposed,1,4,1,review_required,True,3,False
07.33307,Tuzak nöropati / tetik nokta / tendon kılıfı / ligament enjeksiyonu,proposed,1,4,1,review_required,True,3,False
07.34100,"Akupunktur, seansı",proposed,2,4,1,review_required,True,2,False
07.34893,"Sinir blokları, periferik/dijital, tek sinir",proposed,1,3,1,review_required,True,2,False
07.35686,"Faset eklem enjeksiyonu (servikal/torakal/lomber), tek eklem",proposed,2,4,1,review_required,True,2,False
07.37272,"Botulinum toksini (botoks vb) enjeksiyonu, tek bölge, ilaç hariç",diagnosis_context_only,0,0,0,review_required,True,0,True
07.38065,"Botulinum toksini (botoks vb) enjeksiyonu, iki bölge, ilaç hariç",proposed,3,7,1,review_required,True,4,False
07.39651,"Vasotraine, intermittan kompresyon terapi",signals_only,0,1,1,review_required,True,1,True
07.41237,ROM egzersizi (eklem hareket açıklığı egzersizi),diagnosis_context_only,0,0,0,review_required,True,0,True
07.42030,Kas kuvvetlendirme egzersizi,proposed,2,4,1,review_required,True,2,False
07.42823,Postür egzersizleri,proposed,2,4,1,review_required,True,2,False
07.43616,Germe egzersizleri,diagnosis_context_only,0,0,0,review_required,True,0,True
07.44409,Lomber stabilizasyon egzersizleri,proposed,2,4,1,review_required,True,2,False
07.45202,Monitörizasyon altında aerobik egzersiz,proposed,2,5,1,not_required,False,3,False
07.45995,Gözetmeli grup egzersizi,diagnosis_context_only,0,0,0,review_required,True,0,True
07.47581,Skolyozda üç boyutlu egzersiz ve rehabilitasyon,proposed,1,3,1,review_required,True,2,False
07.48374,Solunum rehabilitasyonu amaçlı egzersiz (postural drenaj+manuel uyarma),proposed,1,3,1,review_required,True,2,False
07.48770,Pulmoner Rehabilitasyon,proposed,1,3,1,review_required,True,2,False
07.49167,Kardiyak rehabilitasyon amaçlı egzersiz,proposed,1,4,1,review_required,True,3,False
07.49960,Artroplasti rehabilitasyonu amaçlı egzersiz,proposed,1,4,1,review_required,True,3,False
07.50753,"Ortopedik rehabilitasyon amaçlı egzersiz (çapraz bağ, kırık sekeli, menisektomi)",proposed,1,3,1,required_any,True,2,False
07.51546,Multipl skleroz rehabilitasyonu ve egzersizi,proposed,1,3,1,review_required,True,2,False
07.52339,Parkinson rehabilitasyonu ve egzersiz,proposed,1,3,1,review_required,True,2,False
07.52735,"Geriatrik Rehabilitasyon (75-84 yaş / orta yaşlı), seansı",proposed,2,3,1,review_required,True,1,False
07.52933,"Geriatrik Rehabilitasyon (85 ve üstü yaş / ileri yaşlı), seansı",proposed,2,3,1,review_required,True,1,False
07.53132,Kas hastalıklarında egzersiz,proposed,1,2,1,required_any,True,1,False
07.53925,"Serebro vasküler olayda egzersiz uygulamaları (PNF, Brunstroom, Bobath, vb)",proposed,1,3,1,review_required,True,2,False
07.54718,Spinal kord lezyonunda rehabilitasyon uygulamaları,proposed,1,3,1,review_required,True,2,False
07.55114,"Robotik Rehabilitasyon, seansı",proposed,1,2,1,review_required,True,1,False
07.55511,Polio`da rehabilitasyon ve egzersiz,proposed,1,2,1,review_required,True,1,False
07.55907,Yürüme rehabilitasyonu ve egzersizi,proposed,1,3,1,review_required,True,2,False
07.56304,Brakiyal pleksus rehabilitasyonu,proposed,1,3,1,review_required,True,2,False
07.57097,"Serebral palside rehabilitasyon ve egzersiz (özel egzersiz, Vojta, vb)",proposed,1,3,1,review_required,True,2,False
07.57890,Travmatik beyin hasarında rehabilitasyon ve egzersiz,proposed,1,2,1,required_any,True,1,False
07.58683,Ampüte rehabilitasyonu,diagnosis_context_only,0,0,0,review_required,True,0,True
07.59476,El rehabilitasyonu egzersizi (RA vb),proposed,1,3,1,review_required,True,2,False
07.60269,Majör eklem replantasyonu rehabilitasyonu,proposed,1,4,1,review_required,True,3,False
07.61062,Parmak replantasyonu rehabilitasyonu,proposed,1,3,1,review_required,True,2,False
07.61855,Tek tendon sinir rehabilitasyonu,proposed,1,3,1,review_required,True,2,False
07.62648,Multipl tendon/multipl sinir rehabilitasyonu,proposed,1,3,1,review_required,True,2,False
07.63441,Lenfödem kompleks boşaltıcı tedavi ve bandajlama,proposed,1,2,1,review_required,True,1,False
07.64234,"Havuzda terapistle egzersiz, bireysel",diagnosis_context_only,0,0,0,review_required,True,0,True
07.65027,"Havuzda terapistle egzersiz, grup",diagnosis_context_only,0,0,0,review_required,True,0,True
07.66613,Devamlı pasif hareket ile egzersiz (CPM),diagnosis_context_only,0,0,0,review_required,True,0,True
07.67406,İzokinetik egzersiz,proposed,1,2,1,review_required,True,1,False
07.68199,"Rehabilitasyon amacı ile kullanılan yardımcı cihaz eğitimi (özel donanımlı, tekerlekli sandalye, adaptif teknoloji kullanımı)",proposed,1,2,1,review_required,True,1,False
07.68992,Mesleki rehabilitasyon,proposed,1,1,1,review_required,True,0,False
07.69785,Protez eğitimi,diagnosis_context_only,0,0,0,review_required,True,0,True
07.70578,Kinetik ve kinematik bilgisayar destekli yürüme analizi,diagnosis_context_only,0,0,0,review_required,True,0,True
07.71371,Yürüme analizi,diagnosis_context_only,0,0,0,review_required,True,0,True
07.72164,Ayak taban basıncı değerlendirilmesi,proposed,1,1,1,review_required,True,0,False
07.72560,İzokinetik dinamometrik ölçüm,proposed,1,1,1,review_required,True,0,False
07.72957,"Konuşma terapisi, seansı",diagnosis_context_only,0,0,0,review_required,True,0,True
07.73750,Bel okulu,diagnosis_context_only,0,0,0,review_required,True,0,True
07.74543,Boyun okulu,diagnosis_context_only,0,0,0,review_required,True,0,True
07.75336,İş uğraşı tedavisi,diagnosis_context_only,0,0,0,review_required,True,0,True
07.77715,İşitsel Uyarılmış Potansiyeller (BAEP),diagnosis_context_only,0,0,0,review_required,True,0,True
07.78508,"Motor uyarılmış potansiyeller (MEP), dört ektremite",diagnosis_context_only,0,0,0,review_required,True,0,True
07.79301,P 300,diagnosis_context_only,0,0,0,review_required,True,0,True
07.80094,"Somatosensoryel Uyarılmış Potansiyeller (SEP), dört ektremite",diagnosis_context_only,0,0,0,review_required,True,0,True
07.80887,Vizüel Uyarılmış Potansiyeller (VEP),diagnosis_context_only,0,0,0,review_required,True,0,True
07.81680,"EMG, mononöropati",signals_only,0,1,1,review_required,True,1,True
07.82473,"EMG, genel",diagnosis_context_only,0,0,0,review_required,True,0,True
07.83266,Anal sfinkter incelemesi,diagnosis_context_only,0,0,1,review_required,True,0,True
07.84059,Diyafram EMG,diagnosis_context_only,0,0,1,review_required,True,0,True
07.84852,Larengeal EMG,proposed,3,3,1,review_required,True,0,True
07.85645,Sinir yakını metodu ile çalışma,signals_only,0,1,1,review_required,True,1,True
07.86438,Bulbokavernöz refleks,diagnosis_context_only,0,0,1,review_required,True,0,True
07.87231,Göz kırpma refleksi,diagnosis_context_only,0,0,1,review_required,True,0,True
07.88024,6 Dakika Yürüme (Efor/Egzersiz) Testi,diagnosis_context_only,0,0,0,review_required,True,0,True
07.88817,Hareket bozukluğu incelemesi,signals_only,0,1,1,review_required,True,1,True
07.89610,Repetetif sinir uyarımı,diagnosis_context_only,0,0,0,review_required,True,0,True
07.91196,Kalp hızı değişkenliği analizi (R-R interval varyasyonu analizi),diagnosis_context_only,0,0,0,review_required,True,0,True
07.91989,Sempatik deri cevapları,diagnosis_context_only,0,0,0,review_required,True,0,True
07.93575,Paterji testi,diagnosis_context_only,0,0,0,review_required,True,0,True
07.95161,Termografi kullanımı,diagnosis_context_only,0,0,1,review_required,True,0,True
07.95954,Kapilleroskopik değerlendirme,diagnosis_context_only,0,0,1,review_required,True,0,True
07.96747,Polarize ışık mikroskobu ile sinoviyal sıvı analizi,diagnosis_context_only,0,0,1,review_required,True,0,True
07.97540,Tanısal kas iskelet sistemi ultrasonografisi,diagnosis_context_only,0,0,1,review_required,True,0,True
07.98333,Punch biyopsi (alınması),diagnosis_context_only,0,0,0,review_required,True,0,True
07.99126,Oral bölge mukoza/dil biyopsisi,signals_only,0,1,1,review_required,True,1,True
10.03077,"Spirometri ile statik solunum fonksiyon testi (VC, FVC, FEV1, PEF, FEV1/FVC)",diagnosis_context_only,0,0,0,review_required,True,0,True
10.04615,"Akım volüm halkası (inspiratuvar, ekspiratuar akım)",proposed,3,3,1,review_required,True,0,True
10.06153,Reversibiliteli solunum fonksiyon testi,diagnosis_context_only,0,0,0,review_required,True,0,True
10.07691,Astım tanısı ve izleminde PEF takibi,proposed,3,3,1,review_required,True,0,True
10.09229,"Bronş provokasyon testi (metakolin, histamin, inhalasyonu ile)",diagnosis_context_only,0,0,0,review_required,True,0,True
10.10767,Spesifik bronş provokasyon testi,signals_only,0,1,1,review_required,True,1,True
10.12305,Helyum gazıyla difüzyon ölçümü,proposed,3,3,1,review_required,True,0,True
10.13843,Kapanış volümü (nitrojen yıkama testi),proposed,3,3,1,review_required,True,0,True
10.15381,"Rezidüel volüm, fonksiyonel rezidüel kapasite, total akciğer kapasitesi ölçümü",proposed,3,3,1,review_required,True,0,True
10.16919,Pletismografik metodla havayolu direncinin ölçümü,proposed,3,3,1,review_required,True,0,True
10.18457,Kompliyans ölçümü (statik-dinamik),proposed,3,3,1,review_required,True,0,True
10.19995,"MIP, MEP (Pİ max, PE max)",proposed,1,1,1,review_required,True,0,False
10.21533,Kardiyopulmoner egzersiz testleri,proposed,1,1,1,review_required,True,0,False
10.23071,Maksimum oksijen tüketimi,proposed,3,3,1,review_required,True,0,True
10.24609,6 Dakika Yürüme (Efor/Egzersiz) Testi,diagnosis_context_only,0,0,0,review_required,True,0,True
10.26147,Ekspirasyon havasında CO ölçümü,proposed,3,3,1,review_required,True,0,True
10.39989,"Deri prick testi, her biri",diagnosis_context_only,0,0,0,review_required,True,0,True
11.00817,3 yaş ve altı oftalmik muayene (Skiaskopi ve retina muayenesi dahil),proposed,1,1,1,review_required,True,0,False
11.01225,"Tam oftalmik muayene, genel anestezi altında (anestezi hariç)",proposed,1,2,1,review_required,True,1,False
11.01633,"Şaşılık testleri, (tüm şaşılık testleri dahil, oftalmik muayene hariç)",diagnosis_context_only,0,0,1,review_required,True,0,True
11.02041,Ultrasonik ve/veya optik korneal pakimetri,proposed,1,3,1,review_required,True,2,False
11.02449,Korneanın biyomekanik değerlendirilmesi,proposed,1,3,1,review_required,True,2,False
11.02857,Speküler mikroskopi,diagnosis_context_only,0,0,0,review_required,True,0,True
11.03265,Konfokal kornea mikroskopisi,proposed,1,3,1,review_required,True,2,False
11.03673,Kornea topografisi,diagnosis_context_only,0,0,0,review_required,True,0,True
11.04081,"Gözün wavefront analizi, aberrometri",proposed,1,2,1,review_required,True,1,False
11.04489,"Kornea topografisi, wave front analizi (Korneal aberrometri) ile birlikte",proposed,1,3,1,review_required,True,2,False
11.04897,"Ön segment ve/veya fundus tomografisi, OCT ile",diagnosis_context_only,0,0,0,review_required,True,0,True
11.05305,"Ön segment tomografisi, yarık ışıklı kornea ve ön segment analiz sistemleri ile",proposed,1,3,1,review_required,True,2,False
11.05713,Ultrasonik biyomikroskopi (UBM),proposed,1,2,1,review_required,True,1,False
11.06121,Ultrasonik kontakt biyometri,proposed,1,2,1,review_required,True,1,False
11.06529,Ultrasonik immersiyon biyometrisi,proposed,1,2,1,review_required,True,1,False
11.06937,Optik biyometri,proposed,1,2,1,review_required,True,1,False
11.07345,"Gonyoskopi, biyomikroskopta kontakt muayene lensi ile",diagnosis_context_only,0,0,0,review_required,True,0,True
11.07753,"OCT, SLO, NFA ve/veya diğer optik analiz sistemleri ile optik disk, makula, retinal sinir lifleri tabakası (biri veya birden fazlası)* incelemesi",proposed,1,2,1,review_required,True,1,False
11.07957,OCT Anjiyografi (OCTA),proposed,1,2,1,review_required,True,1,False
11.08059,"Fundus Tomografi ve Anjiyografisi (OCT+OCTA), ikisi birlikte",diagnosis_context_only,0,0,1,review_required,True,0,True
11.08161,"Görme alanı incelemesi, manuel veya bilgisayarlı",diagnosis_context_only,0,0,0,review_required,True,0,True
11.08569,Mikroperimetri,proposed,2,3,1,review_required,True,1,False
11.08977,Kontrast duyarlılık testi,diagnosis_context_only,0,0,0,review_required,True,0,True
11.09385,Hess perdesi incelemesi,diagnosis_context_only,0,0,0,review_required,True,0,True
11.09793,Göz küresinin A ve B taramalı kombine ultrasonografisi,proposed,1,2,1,review_required,True,1,False
11.10201,Ön kamara sıvısında kantitatif ışık yayılması ve hücre tayini,proposed,1,2,1,review_required,True,1,False
11.10609,"EOG / VEP(VER), her biri",diagnosis_context_only,0,0,0,review_required,True,0,True
11.10813,ERG (Elektroretinografi),proposed,4,5,1,review_required,True,1,True
11.10915,Mültifokal ERG (Elektroretinografi),proposed,4,5,1,review_required,True,1,True
11.11017,Videookülografi,diagnosis_context_only,0,0,1,review_required,True,0,True
11.11425,Ekzoftalmometri,diagnosis_context_only,0,0,0,review_required,True,0,True
11.11833,Renk levhaları ile renk testi,diagnosis_context_only,0,0,1,review_required,True,0,True
11.12241,Renk tonu sıralamalı renk testleri,diagnosis_context_only,0,0,1,review_required,True,0,True
11.12649,Anomoloskop ile renk testi,diagnosis_context_only,0,0,1,review_required,True,0,True
11.13057,Ameliyat öncesi potansiyel görmenin ölçülmesi (PAM),proposed,2,3,1,review_required,True,1,False
11.13465,Ön segment fotografisi,proposed,1,2,1,review_required,True,1,False
11.13873,Arka segment fundus fotografisi,proposed,1,3,1,review_required,True,2,False
11.14281,Optik disk stereo fotografisi,proposed,1,2,1,review_required,True,1,False
11.14689,Fundus otofloresan fotoğraf,proposed,1,3,1,review_required,True,2,False
11.15097,"Flöresein fundus anjiyografi (FFA) (Flöresein ilacı, enjeksiyon, siyah beyaz/renkli fundus resimleri dahil)",diagnosis_context_only,0,0,0,review_required,True,0,True
11.15505,ICG anjiyografisi (indosiyanin yeşili anjiyografisi) (ilaç dahil),diagnosis_context_only,0,0,0,review_required,True,0,True
11.15913,"Retinal damar ve kan akımı analizi, statik (anjiyografi dışı yöntemler)",signals_only,0,1,1,review_required,True,1,True
11.16321,"Retinal damar ve kan akımı analizi, dinamik (Anjiyografi dışı yöntemler)",signals_only,0,1,1,review_required,True,1,True
11.16729,"Gözyaşı testleri (Schirmer, gözyaşı kırılma, boyanma testleri tüm işlemler dahil)",diagnosis_context_only,0,0,1,review_required,True,0,True
11.16933,"IPL/YDI (intense pulsed light/yoğun darbeli ışık) Tedavisi, seansı",proposed,1,1,1,review_required,True,0,False
11.17035,"Düşük Isı Maske Tedavisi, seansı",proposed,1,1,1,review_required,True,0,False
11.17086,"IPL/YDI + Düşük Isı Maske Tedavisi, seansı",proposed,1,1,1,review_required,True,0,False
11.17137,Gözyaşı osmolaritesi tayini,proposed,1,2,1,review_required,True,1,False
11.17545,İmmünokromatografi testleri,diagnosis_context_only,0,0,1,review_required,True,0,True
11.17953,Jones boya testleri,proposed,1,3,1,review_required,True,2,False
11.18361,Kontakt lens muayene ve uygulaması; sferik optik ve kozmetik yumuşak lens,proposed,1,3,1,review_required,True,2,False
11.18769,"Kontakt lens muayene ve uygulaması; terapötik, keratokonus, pediatrik afaki, astigmatik, presbiyopik, prostetik, skleral, kombine, renk körlüğü",diagnosis_context_only,0,0,0,review_required,True,0,True
11.19177,Sitolojik/mikrobiyolojik tetkik için kornea ve oküler yüzeyden sürüntü veya debridman materyali alma,diagnosis_context_only,0,0,1,review_required,True,0,True
12.07745,"Deksametazon süpresyon testi, tüm işlem",diagnosis_context_only,0,0,0,review_required,True,0,True
12.08229,"Kısa ACTH uyarı testi, tüm işlem",diagnosis_context_only,0,0,0,review_required,True,0,True
12.09197,"CRH-ACTH uyarı testi, tüm işlem",diagnosis_context_only,0,0,0,review_required,True,0,True
12.09207,Bazal Metabolizma Hız ölçümü/analizi,diagnosis_context_only,0,0,1,review_required,True,0,True
12.09217,Oksijen tüketimi ve kronometrik metabolizma analizi,diagnosis_context_only,0,0,1,review_required,True,0,True
12.09681,"İnsülin tolerans (hipoglisemi) testi (kortizol/GH ölçümü ile), tüm işlem",diagnosis_context_only,0,0,1,review_required,True,0,True
12.10044,"İnsülin tolerans (hipoglisemi) testi (kortizol+GH ölçümü ile), tüm işlem",diagnosis_context_only,0,0,1,review_required,True,0,True
12.10165,"Glukagon-C Peptit uyarı testi, tüm işlem",diagnosis_context_only,0,0,0,review_required,True,0,True
12.10407,Glukagon-Katekolamin uyarı testi,diagnosis_context_only,0,0,1,review_required,True,0,True
12.10649,"Glukagon-Kortizol uyarı testi (240 dakika), tüm işlem",diagnosis_context_only,0,0,0,review_required,True,0,True
12.10891,"Glukagon-GH uyarı testi (240 dakika), tüm işlem",diagnosis_context_only,0,0,0,review_required,True,0,True
12.11133,Klomifen testi,diagnosis_context_only,0,0,1,review_required,True,0,True
12.11617,"Susuzluk testi (8 saatlik), tüm işlem",diagnosis_context_only,0,0,0,review_required,True,0,True
12.12101,HOMA IR İndeksi,proposed,1,1,1,review_required,True,0,False
12.12585,"LH-RH(GnRH) uyarı testi, tüm işlem",diagnosis_context_only,0,0,0,review_required,True,0,True
12.13069,"LH / FSH uyarı testi, tüm işlem",diagnosis_context_only,0,0,0,review_required,True,0,True
12.13553,"Klonidin-GH uyarı testi, tüm işlem",diagnosis_context_only,0,0,0,review_required,True,0,True
12.14037,"TRH-TSH uyarı testi, tüm işlem",diagnosis_context_only,0,0,0,review_required,True,0,True
12.14279,"TRH-PRL(prolaktin) uyarı testi, tüm işlem",diagnosis_context_only,0,0,0,review_required,True,0,True
12.14521,"GH-RH (arjininli veya arjininsiz) uyarı testi, tüm işlem",diagnosis_context_only,0,0,0,review_required,True,0,True
12.15005,"OGTT-GH süpresyon testi, tüm işlem",diagnosis_context_only,0,0,1,review_required,True,0,True
12.15489,"OGTT, standart (5 kan örneği ile)",diagnosis_context_only,0,0,0,review_required,True,0,True
12.15731,"OGTT, insülinli (5 kan örneği ile)",diagnosis_context_only,0,0,0,review_required,True,0,True
12.15852,"OGTT, Standart (2 kan örneği ile)",diagnosis_context_only,0,0,1,review_required,True,0,True
12.15912,"OGTT, Gebelikte 1. Basamak Tarama Testi (2 kan örneği ile)",diagnosis_context_only,0,0,0,review_required,True,0,True
12.15942,"OGTT, Gebelikte 2. Basamak Testi (4 kan örneği ile)",diagnosis_context_only,0,0,0,review_required,True,0,True
12.15973,"Uzamış OGTT, (6/7 kan örneği ile)",diagnosis_context_only,0,0,1,review_required,True,0,True
12.16215,"Uzamış OGTT, insülinli (6/7 kan örneği ile)",diagnosis_context_only,0,0,1,review_required,True,0,True
12.16457,İntravenöz glukoz tolerans testi (IVGTT),proposed,1,1,1,review_required,True,0,False
12.16941,"Pentagastrin Uyarı testi, tüm işlem",diagnosis_context_only,0,0,0,review_required,True,0,True
12.17425,"L-Dopa - Growth Hormon (GH) uyarı testi, tüm işlem",diagnosis_context_only,0,0,0,review_required,True,0,True
12.17909,Omeprazol testi,diagnosis_context_only,0,0,1,review_required,True,0,True
12.18393,İnsülin klemp testi,diagnosis_context_only,0,0,1,review_required,True,0,True
12.18877,Kan şekeri ve keton ölçümü (strip ile kanda ve idrarda),diagnosis_context_only,0,0,1,review_required,True,0,True
12.19361,Tuz yükleme testi,diagnosis_context_only,0,0,1,review_required,True,0,True
12.19845,Su yükleme testi,signals_only,0,1,1,review_required,True,1,True
12.20329,İnferior petrozal sinüs örnekleme test değerlendirme,diagnosis_context_only,0,0,1,review_required,True,0,True
12.20813,İntraarteryel Ca stimülasyon testi değerlendirme,diagnosis_context_only,0,0,1,review_required,True,0,True
12.21297,Adrenal venöz örnekleme değerlendirme,diagnosis_context_only,0,0,1,review_required,True,0,True
12.33155,Helikobakter pilori üreaz testi (biyopsiden),proposed,1,2,1,review_required,True,1,False
12.57113,"Üst GİS endoskopik ultrasonografi (EUS / Endosonografi), tanısal",signals_only,0,1,1,review_required,True,1,True
12.90509,Sıvı kısıtlama testi,signals_only,0,1,1,review_required,True,1,True
12.90993,İdrar dilüsyon testi,proposed,1,3,1,review_required,True,2,False
12.98737,Renal US,diagnosis_context_only,0,0,0,review_required,True,0,True
13.01341,Vajinal akıntı incelemesi (direkt preparat),signals_only,0,1,1,required_any,False,1,True
13.08041,HG-HSG (radyoloji hariç),signals_only,0,1,1,review_required,True,1,True
13.10721,Histerosonografi (Salin İnfüzyon Sonografi),diagnosis_context_only,0,0,1,review_required,True,0,True
13.11056,"Jinekolojik muayene, US eşliğinde",proposed,1,2,1,review_required,True,1,False
13.11391,"Jinekolojik muayene, Doppler US eşliğinde",proposed,2,3,1,review_required,True,1,False
13.11726,"Obstetrik muayene, US eşliğinde",proposed,2,3,1,review_required,True,0,False
13.35511,Ped testi,diagnosis_context_only,0,0,1,review_required,True,0,True
13.35846,Stres testi+Q tip test,proposed,1,2,1,review_required,True,0,False
13.62646,NST (non-stres test),diagnosis_context_only,0,0,0,review_required,True,0,True
13.62981,Oksitosin yükleme testi (OCT),diagnosis_context_only,0,0,1,review_required,True,0,True
13.63316,İntrapartum fetal monitorizasyon,diagnosis_context_only,0,0,1,review_required,True,0,True
13.72026,"Obstetrik US (12 hafta üzeri, tek gebelik)",diagnosis_context_only,0,0,0,review_required,True,0,True
13.72361,"Obstetrik US (12 hafta üzeri, çoğul gebelik, her fetus için)",proposed,1,2,1,review_required,True,0,False
13.72696,"Obstetrik US+Doppler inceleme (12 hafta üzeri, tek gebelik)",proposed,1,2,1,review_required,True,0,False
13.73031,"Obstetrik US+Doppler inceleme (12 hafta üzeri çoğul gebelik, her fetus için)",proposed,1,2,1,review_required,True,0,False
13.73366,"Obstetrik US ile detaylı anomali taraması (12 hafta üzeri, tek gebelik, vajinal ve/veya abdominal)",proposed,1,2,1,review_required,True,0,False
13.73701,"Obstetrik US ile detaylı anomali taraması (12 hafta üzeri, çoğul gebelik, vajinal ve/veya abdominal), her fetus için",proposed,1,2,1,required_any,False,0,False
13.74036,"Fetal ekokardiyografi, muayene dahil",diagnosis_context_only,0,0,0,review_required,True,0,True
13.74706,"Fetal biyometri ve biyofizik skorlama, muayene dahil",diagnosis_context_only,0,0,0,review_required,True,0,True
15.13077,"Elektrokardiyogram (12 derivasyonlu, sadece EKG trase çekimi)",diagnosis_context_only,0,0,0,not_required,False,0,True
15.14011,Elektrokardiyogram (12 derivasyonlu EKG çekimi+yorum raporu),diagnosis_context_only,0,0,0,review_required,True,0,True
15.14478,"Elektrokardiyogram (4 yaş altı çocuk), sedasyon ile/değil",diagnosis_context_only,0,0,0,not_required,False,0,True
15.14945,Elektrokardiyogram (evde çekim),diagnosis_context_only,0,0,0,not_required,False,0,True
15.15879,Telefonik veya telemetrik ritm EKG (1 kez),diagnosis_context_only,0,0,0,not_required,False,0,True
15.18681,"Kardiyovasküler stres test (treadmill, bisiklet, farmakolojik)",diagnosis_context_only,0,0,0,review_required,True,0,True
15.19615,Vektör kardiyogram (VKG),signals_only,0,1,1,review_required,True,1,True
15.20082,"Vektör Kardiyografi (VKG), yapay zeka denetimli",proposed,1,2,1,not_required,False,1,False
15.20549,24 saat EKG kaydı (Holter monitörizasyonu),diagnosis_context_only,0,0,0,not_required,False,0,True
15.20649,48 saat EKG kaydı (Holter monitörizasyonu),signals_only,0,1,1,not_required,False,1,True
15.21483,Head-up tilt test,diagnosis_context_only,0,0,0,review_required,True,0,True
15.23351,"Event recorder (olay kaydedici), günlük",diagnosis_context_only,0,0,0,review_required,True,0,True
15.26153,Kontrast ekokardiyografi (M-mod dahil),diagnosis_context_only,0,0,0,review_required,True,0,True
15.27087,Ekokardiyografi (B-mod),diagnosis_context_only,0,0,1,review_required,True,0,True
15.28021,Ekokardiyografi (M mode + B mode) + Doppler,diagnosis_context_only,0,0,1,review_required,True,0,True
15.28955,Transözofageal ekokardiyografi,diagnosis_context_only,0,0,0,review_required,True,0,True
15.29889,Egzersiz (eforlu) veya farmakolojik stres ekokardiyografi,diagnosis_context_only,0,0,0,review_required,True,0,True
15.31290,Peroperatif transözofageal ekokardiyografi,diagnosis_context_only,0,0,0,review_required,True,0,True
15.31757,İntrakardiyak ekokardiyografi,signals_only,0,1,1,review_required,True,1,True
15.32691,Mikrovolt T dalga alternansı (MTWA) testi,signals_only,0,1,1,review_required,True,1,True
15.33625,Fetal ekokardiyografi,diagnosis_context_only,0,0,0,review_required,True,0,True
16.00699,Saf ses odyometrisi,diagnosis_context_only,0,0,0,review_required,True,0,True
16.01048,Timpanometrik inceleme (timpanogram+akustik refleks),diagnosis_context_only,0,0,0,review_required,True,0,True
16.01222,"Tinnitus (frekans+seviye) ölçümü, tinnometer ile",diagnosis_context_only,0,0,1,review_required,True,0,True
16.01397,Odyolojik İnceleme (saf ses ve konuşma odyometrisi),signals_only,0,1,1,review_required,True,1,True
16.01746,Timpanogram,signals_only,0,1,1,review_required,True,1,True
16.02095,Saf ses odyometrisi+timpanometrik inceleme,signals_only,0,1,1,review_required,True,1,True
16.02444,Komple odyolojik inceleme (saf ses odyometrisi+konuşma odyometrisi+timpanogram+akustik refleks),diagnosis_context_only,0,0,0,review_required,True,0,True
16.02618,Tarama ABR,signals_only,0,1,1,review_required,True,1,True
16.02793,Klinik ABR/ERA/BERA (tanısal),diagnosis_context_only,0,0,0,review_required,True,0,True
16.03142,VEMP (Vestibüler Uyarılmış Kas Potansiyelleri),signals_only,0,1,1,review_required,True,1,True
16.03840,"Konuşma terapisi ve fonasyon eğitimi, seansı",diagnosis_context_only,0,0,0,review_required,True,0,True
16.04189,Otoakustik emisyon (OAE),diagnosis_context_only,0,0,0,review_required,True,0,True
16.04538,Rinomanometri,diagnosis_context_only,0,0,0,review_required,True,0,True
16.04887,Akustik rinometri,diagnosis_context_only,0,0,0,review_required,True,0,True
16.05247,SVH (Subjective Visual Horizontal),diagnosis_context_only,0,0,1,review_required,True,0,True
16.05257,SVV (Subjective Visual Vertical),diagnosis_context_only,0,0,1,review_required,True,0,True
16.05585,Statik posturografi,diagnosis_context_only,0,0,1,review_required,True,0,True
16.05934,Dinamik posturografi,proposed,1,2,1,review_required,True,1,False
16.05954,DVA (Dynamic Visual Acuity),diagnosis_context_only,0,0,1,review_required,True,0,True
16.06283,VNG (Videonistagmografi),proposed,1,2,1,review_required,True,1,False
16.06632,"Kalorik vestibüler test, ENG kayıtlı",diagnosis_context_only,0,0,0,review_required,True,0,True
16.06981,Rotasyonel vestibüler tetkik,diagnosis_context_only,0,0,1,review_required,True,0,True
16.07330,"Kalorik vestibüler tetkik, ENG kayıtsız",signals_only,0,1,1,review_required,True,1,True
16.07504,VHIT (Video Head Impulse Test),diagnosis_context_only,0,0,1,review_required,True,0,True
16.07534,HIT (Head Impulse Test),proposed,1,2,1,review_required,True,1,False
16.07544,Vorteq (vestibul-ocularreflex test equipment),signals_only,0,1,1,review_required,True,1,True
16.07679,Akustik ses analizi,diagnosis_context_only,0,0,0,review_required,True,0,True
16.08028,Aerodinamik ses analizi,diagnosis_context_only,0,0,0,review_required,True,0,True
16.08377,Elektrokokleografi,diagnosis_context_only,0,0,0,review_required,True,0,True
16.08726,Yüksek frekans odyosu,signals_only,0,1,1,review_required,True,1,True
16.09075,Östaki fonksiyon testi,signals_only,0,1,1,review_required,True,1,True
16.09773,Fleksibl fiberoptik yutma değerlendirmesi,diagnosis_context_only,0,0,1,review_required,True,0,True
16.10034,"Tanısal(diyagnostik) Endoskopik Muayene (TEM, nasofaringoskopi ve/veya laringoskopi, rijid/fleksible endoskop ile), muayene dahil",diagnosis_context_only,0,0,1,review_required,True,0,True
16.10122,Transnazal özofagoskopi,diagnosis_context_only,0,0,1,review_required,True,0,True
16.11169,Larengeal duyarlılık testi,diagnosis_context_only,0,0,1,review_required,True,0,True
16.11518,"Diagnostik larengostroboskopi ve fonasyon değerlendirmesi, muayene dahil",diagnosis_context_only,0,0,1,review_required,True,0,True
16.12128,"Deri prick testi, her biri",diagnosis_context_only,0,0,0,review_required,True,0,True
16.12189,"Deri yama testi, madde başına",diagnosis_context_only,0,0,0,review_required,True,0,True
17.02830,İşitsel Uyarılmış Potansiyeller (BAEP),diagnosis_context_only,0,0,0,review_required,True,0,True
17.03773,"Motor uyarılmış potansiyeller (MEP), dört ektremite",diagnosis_context_only,0,0,0,review_required,True,0,True
17.04244,"Motor uyarılmış potansiyeller (MEP), alt ektremiteler/üst ektremiteler",proposed,1,1,1,review_required,True,0,False
17.04480,"Motor uyarılmış potansiyeller (MEP), Kraniyal sinir, her bir kraniyal sinir çifti",proposed,1,2,1,review_required,True,0,False
17.04716,P300,diagnosis_context_only,0,0,0,review_required,True,0,True
17.05659,"Somatosensoryel Uyarılmış Potansiyeller (SEP), dört ektremite",diagnosis_context_only,0,0,0,review_required,True,0,True
17.06130,"Somatosensoryel Uyarılmış Potansiyeller (SEP), alt ekstremiteler/üst ekstremiteler",proposed,1,2,1,review_required,True,1,False
17.06366,"Somatosensoryel Uyarılmış Potansiyeller (SEP), Trigeminal sinirler",proposed,1,2,1,review_required,True,0,False
17.06484,"Somatosensoryel Uyarılmış Potansiyeller (SEP), Pudental sinirler",proposed,1,2,1,review_required,True,0,False
17.06602,Vizüel Uyarılmış Potansiyeller (VEP),diagnosis_context_only,0,0,0,review_required,True,0,True
17.07545,"EMG, mononöropati",signals_only,0,1,1,review_required,True,1,True
17.08488,"EMG, genel",diagnosis_context_only,0,0,0,review_required,True,0,True
17.09431,Anal sfinkter incelemesi,diagnosis_context_only,0,0,1,review_required,True,0,True
17.10374,Diyafram EMG,diagnosis_context_only,0,0,1,review_required,True,0,True
17.11317,Larengeal EMG,proposed,3,3,1,review_required,True,0,True
17.12260,Sinir yakını metodu ile çalışma,signals_only,0,1,1,review_required,True,1,True
17.13203,Bulbokavernöz refleks,diagnosis_context_only,0,0,1,review_required,True,0,True
17.14146,Göz kırpma refleksi,diagnosis_context_only,0,0,1,review_required,True,0,True
17.15089,6 Dakika Yürüme (Efor/Egzersiz) Testi,diagnosis_context_only,0,0,0,review_required,True,0,True
17.16032,Hareket bozukluğu incelemesi,diagnosis_context_only,0,0,1,review_required,True,0,True
17.16975,Repetetif sinir uyarımı,diagnosis_context_only,0,0,0,review_required,True,0,True
17.18861,Kalp hızı değişkenliği analizi (R-R interval varyasyonu analizi),diagnosis_context_only,0,0,0,review_required,True,0,True
17.19804,Sempatik deri cevapları,diagnosis_context_only,0,0,0,review_required,True,0,True
17.20747,Tek lif EMG’si,diagnosis_context_only,0,0,0,review_required,True,0,True
17.21690,Elektronistagmografi kayıtları (ENG),diagnosis_context_only,0,0,0,review_required,True,0,True
17.22633,Tremor kaydı ve frekans analizi,diagnosis_context_only,0,0,0,review_required,True,0,True
17.24519,Aktivasyonlu EEG farmakolojik aktivasyonlar,diagnosis_context_only,0,0,0,review_required,True,0,True
17.26405,"EEG (çocuk/büyük), tanısal",diagnosis_context_only,0,0,0,review_required,True,0,True
17.27348,"EEG monitörizasyonu, 1 saat",diagnosis_context_only,0,0,1,not_required,False,0,True
17.28291,"EEG monitörizasyonu, 3 saat",diagnosis_context_only,0,0,1,not_required,False,0,True
17.29234,"EEG monitörizasyonu, 24 saat",diagnosis_context_only,0,0,0,not_required,False,0,True
17.30177,Uyku aktivasyonu (1 saatlik kayıt),diagnosis_context_only,0,0,0,review_required,True,0,True
17.31120,Video-EEG monitörizasyon grid veya derinlik veya kombine elektrotlarla,proposed,1,5,1,not_required,False,4,True
17.32063,"Video-EEG, sfenoid elektrotlar ile, 24 saat",proposed,1,5,1,review_required,True,4,True
17.33006,"Video-EEG, skalp elektrotları ile, 24 saat",diagnosis_context_only,0,0,0,review_required,True,0,True
17.33949,"Video-EEG, subdural strip ve/veya gridler ile, 24 saat",diagnosis_context_only,0,0,0,review_required,True,0,True
17.34892,Video-EEG+kortikal stimülasyon ve beyin haritalaması,diagnosis_context_only,0,0,0,review_required,True,0,True
17.35835,Wada testi sırasında EEG kaydı,diagnosis_context_only,0,0,0,review_required,True,0,True
17.38664,Transkranyal Doppler ultrasonografi,diagnosis_context_only,0,0,0,review_required,True,0,True
17.39607,Transkranyal US ile emboli monitörizasyonu,diagnosis_context_only,0,0,1,not_required,False,0,True
17.40550,Transkranyal US ile bubbles test (ilaç hariç),diagnosis_context_only,0,0,1,review_required,True,0,True
17.41493,Transkranyal US ile vazomotor reaktivite testi (ilaç hariç),diagnosis_context_only,0,0,1,review_required,True,0,True
17.42436,Transkranyal US ile ortostatik test,diagnosis_context_only,0,0,1,review_required,True,0,True
17.43379,Kontrastlı madde enjeksiyonu ile transkranyal/transfontanel renkli Doppler inceleme,signals_only,0,1,1,review_required,True,1,True
17.44322,İntima media kalınlığı (IMT) ölçüm protokolü,diagnosis_context_only,0,0,1,review_required,True,0,True
17.70726,Apne testi,diagnosis_context_only,0,0,0,review_required,True,0,True
17.74498,"EKG, 12 derivasyonlu",diagnosis_context_only,0,0,1,not_required,False,0,True
17.79213,Prostigmin/Tensilon testi (ilaç hariç),diagnosis_context_only,0,0,0,review_required,True,0,True
17.80156,"Botulinum toksini (botoks vb) enjeksiyonu, tek bölge/alan, seansı, ilaç hariç",diagnosis_context_only,0,0,0,review_required,True,0,True
17.81099,"Botulinum toksini (botoks vb) enjeksiyonu, EMG rehberliğinde, tek bölge/alan, seansı, ilaç hariç",diagnosis_context_only,0,0,0,review_required,True,0,True
17.81570,"Botulinum toksini enjeksiyonu, kronik migren tedavisinde, seansı, ilaç hariç",proposed,3,6,1,review_required,True,3,False
17.82042,"Kas biyopsisi, herhangi bir kastan",diagnosis_context_only,0,0,0,review_required,True,0,True
17.82985,Sinir biyopsisi,signals_only,0,1,1,review_required,True,1,True
17.83928,Kas-sinir biyopsisi,diagnosis_context_only,0,0,0,review_required,True,0,True
17.84871,Sinir lifi ayrımı (nerve teasing),diagnosis_context_only,0,0,0,review_required,True,0,True
17.85814,Kantitatif motor test (miyometri),diagnosis_context_only,0,0,1,review_required,True,0,True
17.86757,"Kantitatif duysal (dokunma, sıcak-ağrı duyusu) ve otonomik testler (her test için)",diagnosis_context_only,0,0,1,review_required,True,0,True
17.87700,"Psikometrik, demans evreleme ve günlük yaşam aktiviteleri ölçekleri",signals_only,0,4,1,review_required,True,4,True
17.88643,Nöropsikolojik test bataryası,diagnosis_context_only,0,0,0,review_required,True,0,True
17.89586,El beceri testleri,diagnosis_context_only,0,0,0,review_required,True,0,True
17.90529,Günlük yaşam aktiviteleri testi,diagnosis_context_only,0,0,0,review_required,True,0,True
17.91472,"Kanalitiazis, kupulolitiazis repozisyon tedavi protokolü",diagnosis_context_only,0,0,1,review_required,True,0,True
17.92415,Denge/Koordinasyon testleri,diagnosis_context_only,0,0,0,review_required,True,0,True
17.93358,Postür analizi,diagnosis_context_only,0,0,0,review_required,True,0,True
17.94301,Yürüme analizi,diagnosis_context_only,0,0,0,review_required,True,0,True
17.95244,Lomber yolla lomber miyelografi (ilaç hariç),diagnosis_context_only,0,0,1,review_required,True,0,True
17.96187,Lomber yolla servikal miyelografi (ilaç hariç),diagnosis_context_only,0,0,1,review_required,True,0,True
17.97130,Lomber yolla tüm spinal kanal miyelografi (ilaç hariç),diagnosis_context_only,0,0,1,review_required,True,0,True
17.98073,Adale testi,diagnosis_context_only,0,0,0,review_required,True,0,True
18.01231,Lomber yolla lomber miyelografi (ilaç hariç),signals_only,0,1,1,review_required,True,1,True
18.01477,Lomber yolla servikal miyelografi (ilaç hariç),signals_only,0,1,1,review_required,True,1,True
18.01600,Lomber yolla tüm spinal kanal miyelografi (ilaç hariç),signals_only,0,1,1,review_required,True,1,True
18.01969,Suboksipital ponksiyon ve miyelografi (ilaç hariç),signals_only,0,1,1,review_required,True,1,True
18.02953,Transkranyal Doppler ultrasonografi,diagnosis_context_only,0,0,0,review_required,True,0,True
18.21157,"Uzun süreli video EEG monitörlemesi (24 saat izlem) subdural elektrotlar (strip, grid) ile (elektrot konması için gerekli cerrahi girişim dahil)",diagnosis_context_only,0,0,0,review_required,True,0,True
18.21403,Uzun süreli video EEG monitörlemesi (24 saat izlem) foramen oval elektrotu (PEG elektrot) ile (elektrot konması için gerekli cerrahi girişim dahil),diagnosis_context_only,0,0,0,review_required,True,0,True
18.21649,Uzun süreli video EEG monitörlemesi (24 saat izlem) derin elektrotlar ile (elektrot konması için gerekli cerrahi girişim dahil),diagnosis_context_only,0,0,0,review_required,True,0,True
18.21895,İntraoperatif kortikal stimülasyon (ameliyat ücretine ek olarak),diagnosis_context_only,0,0,0,review_required,True,0,True
18.22141,Beyin haritalanması (Brain Mapping),diagnosis_context_only,0,0,0,review_required,True,0,True
18.22387,İntraoperatif EMG monitörlemesi,diagnosis_context_only,0,0,1,review_required,True,0,True
18.22633,İntraoperatif EP (uyarılmış potansiyel) monitörlemesi,signals_only,0,2,1,review_required,True,2,True
18.22879,İntraoperatif periferik sinir iletimi incelemesi-stimülasyon ve kayıt,signals_only,0,1,1,review_required,True,1,True
18.23125,İntraoperatif kranyal sinir iletimi incelemesi-stimülasyon ve kayıt,signals_only,0,1,1,review_required,True,1,True
18.23371,İntraoperatif elektrokortikografi (ameliyat ücretine ek olarak),diagnosis_context_only,0,0,0,review_required,True,0,True
19.01283,Vertebral çalışma (AP+lateral),proposed,1,3,1,review_required,True,2,False
19.01924,Vertebral çalışma (lateral),proposed,1,3,1,review_required,True,2,False
19.02565,Femur proksimali çalışması (HIP),proposed,1,3,1,review_required,True,2,False
19.03206,Önkol (ulna-radius) çalışması,proposed,1,3,1,review_required,True,2,False
19.03526,Kemik Mineral Yoğunluğu Ölçümü (tüm vücut çalışması),proposed,3,7,1,review_required,True,3,False
19.04488,Akciğer perfüzyon sintigrafisi,proposed,1,4,1,review_required,True,3,False
19.05129,Akciğer perfüzyon SPECT,diagnosis_context_only,0,0,0,review_required,True,0,True
19.05770,Kantitatif akciğer sintigrafisi,diagnosis_context_only,0,0,0,review_required,True,0,True
19.06411,Akciğer ventilasyon sintigrafisi (Tc-99m aerosol kompleksleri ile),proposed,1,5,1,review_required,True,4,False
19.07052,"Akciğer ventilasyon sintigrafisi, SPECT (Aerosol)",diagnosis_context_only,0,0,0,review_required,True,0,True
19.07693,Akciğer ventilasyon sintigrafisi (Technegas ile),diagnosis_context_only,0,0,0,review_required,True,0,True
19.08334,Akciğer ventilasyon SPECT (Technegas ile),diagnosis_context_only,0,0,0,review_required,True,0,True
19.09616,Beyin perfüzyon SPECT (HMPAO ile),diagnosis_context_only,0,0,0,review_required,True,0,True
19.10257,Beyin perfüzyon SPECT (ECD ile),diagnosis_context_only,0,0,0,review_required,True,0,True
19.10898,İktal SPECT,diagnosis_context_only,0,0,0,review_required,True,0,True
19.11539,Beyin FDG PET,diagnosis_context_only,0,0,0,review_required,True,0,True
19.11859,Beyin Amiloid PET,proposed,1,4,1,review_required,True,3,False
19.12180,Beyin Sintigrafisi,diagnosis_context_only,0,0,0,review_required,True,0,True
19.12821,Sisternografi (In-111 DTPA ile),diagnosis_context_only,0,0,0,review_required,True,0,True
19.13462,Sisternografi (Tc-99m kompleksleri ile),diagnosis_context_only,0,0,0,review_required,True,0,True
19.14103,Beyin reseptör SPECT,diagnosis_context_only,0,0,0,review_required,True,0,True
19.14744,Ventriküler sıvı kaçağı ve şant analizi,proposed,1,4,1,review_required,True,3,False
19.16026,Miyokard perfüzyon sintigrafisi (SPECT) Tl-201 ile,diagnosis_context_only,0,0,0,required_any,True,0,True
19.16667,I-123 MIBG sempatik innervasyon sintigrafisi,diagnosis_context_only,0,0,0,review_required,True,0,True
19.17308,İstirahat MUGA,diagnosis_context_only,0,0,0,review_required,True,0,True
19.17949,MUGA SPECT,diagnosis_context_only,0,0,0,review_required,True,0,True
19.18590,Tl-201 ile reenjeksiyon SPECT,diagnosis_context_only,0,0,0,review_required,True,0,True
19.19231,Miyokard perfüzyon GATED SPECT Tc-99m kompleksleri ile,diagnosis_context_only,0,0,0,review_required,True,0,True
19.19872,Miyokard perfüzyon GATED SPECT Tl-201 ile,diagnosis_context_only,0,0,0,review_required,True,0,True
19.20513,Miyokard perfüzyon sintigrafisi (SPECT) Tc-99m kompleksleri ile,diagnosis_context_only,0,0,0,required_any,True,0,True
19.21154,Miyokard FDG PET,diagnosis_context_only,0,0,0,review_required,True,0,True
19.21795,Miyokard perfüzyon PET,diagnosis_context_only,0,0,0,review_required,True,0,True
19.22436,Radyonüklid anjiyografi ve şant analizi,proposed,1,3,1,review_required,True,2,False
19.23077,Radyonüklid venografi,diagnosis_context_only,0,0,0,review_required,True,0,True
19.23718,Stres MUGA,diagnosis_context_only,0,0,0,review_required,True,0,True
19.24359,"Radyonüklid ventrikülografi (MUGA), stres SPECT",diagnosis_context_only,0,0,0,review_required,True,0,True
19.25000,Farmakolojik stres,diagnosis_context_only,0,0,0,review_required,True,0,True
19.26923,Artrosintigrafi,diagnosis_context_only,0,0,0,review_required,True,0,True
19.27564,Üç fazlı bölgesel kemik sintigrafisi,diagnosis_context_only,0,0,0,review_required,True,0,True
19.28205,Tüm vücut kemik sintigrafisi,diagnosis_context_only,0,0,0,review_required,True,0,True
19.28846,Kemik SPECT,diagnosis_context_only,0,0,0,review_required,True,0,True
19.29487,Kemik PET,diagnosis_context_only,0,0,0,review_required,True,0,True
19.30128,Anatomik korelasyon (SPECT / BT cihazı ile),diagnosis_context_only,0,0,0,review_required,True,0,True
19.31410,Perklorat kovma testi,diagnosis_context_only,0,0,0,review_required,True,0,True
19.32051,Adrenal korteks sintigrafisi,diagnosis_context_only,0,0,0,review_required,True,0,True
19.32692,Paratiroid sintigrafisi,diagnosis_context_only,0,0,0,review_required,True,0,True
19.33333,Paratiroid SPECT,diagnosis_context_only,0,0,0,review_required,True,0,True
19.33974,Tiroid sintigrafisi,diagnosis_context_only,0,0,0,review_required,True,0,True
19.34615,"Tiroid biyopsisi, iğne ile, US eşliğinde",diagnosis_context_only,0,0,0,review_required,True,0,True
19.35256,Tiroid uptake çalışması (Tc-99m perteknetat ile),diagnosis_context_only,0,0,0,review_required,True,0,True
19.35897,Tiroid uptake çalışması (I-131 ile),diagnosis_context_only,0,0,0,review_required,True,0,True
19.36538,Anatomik korelasyon tiroid ve paratiroid sintigrafileri için,diagnosis_context_only,0,0,0,review_required,True,0,True
19.37820,Gastrointestinal kanama yerinin saptanması,proposed,1,4,1,required_any,False,3,False
19.38461,Gastrointestinal kanama çalışması (Tc-99m RBC),diagnosis_context_only,0,0,0,required_any,False,0,True
19.39102,GIS ptotein kaybı çalışması,diagnosis_context_only,0,0,0,review_required,True,0,True
19.39743,Gastrointestinal şant analizi,proposed,1,3,1,review_required,True,2,False
19.40384,Gastroözofageal reflü çalışması,diagnosis_context_only,0,0,0,review_required,True,0,True
19.41025,Hepatobiliyer sintigrafi,diagnosis_context_only,0,0,0,review_required,True,0,True
19.41666,Karaciğer dalak sintigrafisi,diagnosis_context_only,0,0,0,review_required,True,0,True
19.42307,Karaciğer dalak SPECT,diagnosis_context_only,0,0,0,review_required,True,0,True
19.42948,Meckel divertikülü sintigrafisi,proposed,1,3,1,review_required,True,2,False
19.43589,Mide boşalma zamanı çalışması,diagnosis_context_only,0,0,0,review_required,True,0,True
19.44230,Özofagus transit zamanı ve motilite çalışması,diagnosis_context_only,0,0,0,review_required,True,0,True
19.44871,Tükrük bezleri çalışması,proposed,1,3,1,review_required,True,2,False
19.45512,C-14 ile üre nefes testi,proposed,1,3,1,review_required,True,2,False
19.46794,Böbrek sintigrafisi (diüretkli veya diüretiksiz Tc-99m-DTPA ile),diagnosis_context_only,0,0,0,review_required,True,0,True
19.47435,Böbrek sintigrafisi (diüretkli veya diüretiksiz Tc-99m-MAG3 ile),proposed,1,3,1,review_required,True,2,False
19.48076,Böbrek sintigrafisi (diüretkli veya diüretiksiz Tc-99m-EC ile),diagnosis_context_only,0,0,0,review_required,True,0,True
19.48717,Renal kortikal SPECT (DMSA),proposed,1,4,1,review_required,True,3,False
19.49358,GFR ölçümü (görüntüsüz),proposed,1,4,1,review_required,True,3,False
19.49999,"GFR ölçümü, in vitro (Cr-51 EDTA)",diagnosis_context_only,0,0,0,review_required,True,0,True
19.50640,"GFR ölçümü, kamera metodu (Tc-99m kompleksleri)",diagnosis_context_only,0,0,0,review_required,True,0,True
19.51281,İyodohipüran ile böbrek sintigrafisi,proposed,1,5,1,review_required,True,4,False
19.51922,Kaptopril renogram (çift çalışma),proposed,1,3,1,review_required,True,2,False
19.52563,"Böbrek sintigrafisi, ACE inhibitörlü (Tc-99m MAG-3)",diagnosis_context_only,0,0,0,review_required,True,0,True
19.53204,Radyonüklid sistografi (direkt),proposed,1,3,1,review_required,True,2,False
19.53845,Radyonüklid sistografi (indirekt),proposed,1,3,1,review_required,True,2,False
19.54486,Renal kortikal sintigrafi,proposed,1,3,1,review_required,True,2,False
19.55127,Testis sintigrafisi,diagnosis_context_only,0,0,0,review_required,True,0,True
19.56409,İşaretli lökosit sintigrafisi,diagnosis_context_only,0,0,0,review_required,True,0,True
19.57050,İşaretli lökosit SPECT,proposed,1,4,1,review_required,True,3,False
19.57691,Tc-99m HIG ile tüm vücut tarama,diagnosis_context_only,0,0,0,review_required,True,0,True
19.58332,Monoklonal antikorlar ile tüm vücut tarama,proposed,1,4,1,review_required,True,3,False
19.58973,Tc-99m nanokolloid sintigrafisi,diagnosis_context_only,0,0,0,review_required,True,0,True
19.60255,Dalak sekestrasyonu çalışması,diagnosis_context_only,0,0,0,review_required,True,0,True
19.60896,Eritrosit yaşam süresi,diagnosis_context_only,0,0,0,review_required,True,0,True
19.61537,Eritrosit/plazma/total kan volümü tayini,diagnosis_context_only,0,0,0,review_required,True,0,True
19.62178,Ferrokinetik çalışma,proposed,1,3,1,review_required,True,2,False
19.62819,Hepatik arter perfüzyon sintigrafisi,diagnosis_context_only,0,0,0,review_required,True,0,True
19.63460,Kan havuzu SPECT,proposed,1,3,1,review_required,True,2,False
19.64101,Kemik iliği sintigrafisi,diagnosis_context_only,0,0,0,review_required,True,0,True
19.64742,Lenfosintigrafi,diagnosis_context_only,0,0,0,review_required,True,0,True
19.65383,Selektif dalak sintigrafisi,diagnosis_context_only,0,0,0,review_required,True,0,True
19.66024,Trombosit yaşam süresi ve sekestrasyonu,proposed,1,3,1,review_required,True,2,False
19.67306,"Tc-99m V DMSA tümör görüntüleme (bütün vücut, bölgesel ve/veya SPECT)",diagnosis_context_only,0,0,0,required_any,True,0,True
19.67947,"Tümör görüntüleme, SPECT (Tc-99m V-DMSA)",diagnosis_context_only,0,0,0,required_any,True,0,True
19.68588,"Ga-67 tüm vücut tarama (bütün vücut, bölgesel ve/veya SPECT)",diagnosis_context_only,0,0,0,required_any,True,0,True
19.69229,"Tümör görüntüleme, SPECT (Ga-67)",diagnosis_context_only,0,0,0,required_any,True,0,True
19.69870,I-131 tüm vücut tarama (bütün vücut ve/veya bölgesel),diagnosis_context_only,0,0,0,required_any,True,0,True
19.70511,I-131 tedavisi sonrası tüm vücut tarama,diagnosis_context_only,0,0,0,required_any,True,0,True
19.71152,"In-111 Octreotid ile tümör görüntüleme (bütün vücut, bölgesel ve/veya SPECT)",diagnosis_context_only,0,0,0,required_any,True,0,True
19.71793,"Tümör görüntüleme, SPECT (In-111 Octreotid)",diagnosis_context_only,0,0,0,required_any,True,0,True
19.72434,İntraoperatuvar gama prob uygulaması,diagnosis_context_only,0,0,0,required_any,True,0,True
19.73075,MIBG sintigrafisi (I-131 ile) (bütün vücut ve/veya bölgesel),diagnosis_context_only,0,0,0,required_any,True,0,True
19.73716,"Tümör görüntüleme, SPECT (I-131 MIBG)",diagnosis_context_only,0,0,0,required_any,True,0,True
19.74357,MIBG sintigrafisi (I-123 ile) (bütün vücut ve/veya bölgesel),diagnosis_context_only,0,0,0,required_any,True,0,True
19.74998,"Tümör görüntüleme, SPECT (I-123 MIBG)",diagnosis_context_only,0,0,0,required_any,True,0,True
19.75639,"Tc-99m MIBI veya Tc-99m tetrofosmin ile tümör görüntüleme (bütün vücut, bölgesel ve/veya SPECT)",proposed,1,4,1,required_any,True,3,False
19.76280,"Tümör görüntüleme, SPECT (Tc-99m kompleksleri ile)",diagnosis_context_only,0,0,0,required_any,True,0,True
19.76921,"Radyoimmün sintigrafi (hertürlü) (bütün vücut, bölgesel ve/veya SPECT) bütün sistem ve organlar için",proposed,1,4,1,required_any,True,3,False
19.77562,"Radyoimmünosintigrafi, SPECT",diagnosis_context_only,0,0,0,required_any,True,0,True
19.78203,Sentinel lenf nodu sintigrafisi,diagnosis_context_only,0,0,0,required_any,True,0,True
19.78844,Sintimammografi (bölgesel ve/veya SPECT),proposed,1,4,1,required_any,True,3,False
19.79485,"Tl-201 ile tümör görüntüleme (bütün vücut, bölgesel ve/veya SPECT)",diagnosis_context_only,0,0,0,required_any,True,0,True
19.80126,"Tümör görüntüleme, SPECT (Tl-201)",diagnosis_context_only,0,0,0,required_any,True,0,True
19.80446,"Onkolojik PET, FDG ile",proposed,1,3,1,required_any,True,2,False
19.80767,"Onkolojik PET, Ga-68 işaretli Somatostatin Analog Peptidler ile",proposed,1,4,1,required_any,True,3,False
19.80867,"Onkolojik PET, Ga-68 işaretli PSMA ile",proposed,1,3,1,required_any,True,2,False
19.97433,Dakriyosintigrafi,diagnosis_context_only,0,0,0,review_required,True,0,True
19.98074,Radyonüklid histerosalpingografi,proposed,1,3,1,review_required,True,2,False
19.98715,Organ kan akımı çalışması,diagnosis_context_only,0,0,0,review_required,True,0,True
19.99356,Radyoaktif okült lezyon lokalizasyonu (ROLL),proposed,1,3,1,review_required,True,2,False
22.01588,Psikiyatrik muayene,diagnosis_context_only,0,0,0,review_required,True,0,True
22.03175,Bireysel psikoterapi (her bir seans),diagnosis_context_only,0,0,0,review_required,True,0,True
22.04762,Grup psikoterapisi (kişi başına her bir seans),diagnosis_context_only,0,0,0,review_required,True,0,True
22.06349,Aile ve evlilik terapisi,diagnosis_context_only,0,0,0,review_required,True,0,True
22.07936,Aile görüşmeleri (her bir görüşme),diagnosis_context_only,0,0,0,review_required,True,0,True
22.09523,"Okul, aile ve işyeri ziyareti",diagnosis_context_only,0,0,0,review_required,True,0,True
22.14284,"Uzman raporu (dosya inceleme, adli vb bilirkişilik)",diagnosis_context_only,0,0,0,review_required,True,0,True
22.15871,Ekstrapramidal sistem muayenesi,proposed,2,2,1,review_required,True,0,False
22.17458,Bilişsel işlevlerin değerlendirilmesi,proposed,1,2,1,review_required,True,1,False
22.19045,EKT sonrası bilinç ve oryantasyon takibi,diagnosis_context_only,0,0,0,review_required,True,0,True
22.20632,Gevşeme egzersizi,diagnosis_context_only,0,0,1,review_required,True,0,True
22.23806,"Memory, for design",diagnosis_context_only,0,0,0,review_required,True,0,True
22.25393,Bender-Gestalt testi,diagnosis_context_only,0,0,0,review_required,True,0,True
22.26980,Benton görsel bellek testi,diagnosis_context_only,0,0,0,review_required,True,0,True
22.28567,"Diğer organizite testleri (kart seçme, bilişsel görevler vb)",diagnosis_context_only,0,0,0,review_required,True,0,True
22.30154,Nöropsikolojik test bataryası,diagnosis_context_only,0,0,0,review_required,True,0,True
22.33328,Kent EGY,diagnosis_context_only,0,0,0,review_required,True,0,True
22.34915,Porteus labirentleri testi,diagnosis_context_only,0,0,0,review_required,True,0,True
22.36502,Wechsler yetişkin zeka testi (WAIS),diagnosis_context_only,0,0,0,review_required,True,0,True
22.38089,Wechsler çocuk zeka testi (WISC-R),diagnosis_context_only,0,0,0,review_required,True,0,True
22.39676,Cattel testi,diagnosis_context_only,0,0,0,review_required,True,0,True
22.41263,Alexander testi,diagnosis_context_only,0,0,0,review_required,True,0,True
22.44437,SCL-90-R,proposed,1,2,1,review_required,True,0,False
22.46024,Beck depresyon ölçeği,signals_only,0,1,1,review_required,True,1,True
22.47611,Zung depresyon ölçeği,signals_only,0,1,1,review_required,True,1,True
22.49198,Genel sağlık anketi,signals_only,0,1,1,review_required,True,1,True
22.50785,Beck ankisyete ölçeği,signals_only,0,1,1,review_required,True,1,True
22.52372,Beck umutsuzluk ölçeği,signals_only,0,1,1,review_required,True,1,True
22.53165,PADUA Envanteri (obsesif kompulsif ölçeği),signals_only,0,1,1,review_required,True,1,True
22.53959,STAI (state-trait anxiety inventory)(süreklilik ve durumluluk anksiyete) TX1,proposed,1,2,1,review_required,True,0,False
22.55546,STAI (state-trait anxiety inventory)(süreklilik ve durumluluk anksiyete) TX2,proposed,1,2,1,review_required,True,0,False
22.57133,Dissosiyatif yaşantılar ölçeği (DES),signals_only,0,1,1,review_required,True,1,True
22.58720,Çocukluk çağı travmaları ölçeği (CTQ),signals_only,0,1,1,review_required,True,1,True
22.61894,Hamilton depresyon ölçeği,diagnosis_context_only,0,0,0,review_required,True,0,True
22.63481,Hamilton anksiyete ölçeği,diagnosis_context_only,0,0,0,review_required,True,0,True
22.65068,Yale-Brown obsesyon-kompulsiyon ölçeği,diagnosis_context_only,0,0,0,review_required,True,0,True
22.66655,Negatif semptomları değerlendirme ölçeği (SANS),diagnosis_context_only,0,0,0,review_required,True,0,True
22.68242,Young mani derecelendirme ölçeği,diagnosis_context_only,0,0,0,review_required,True,0,True
22.69829,Beck-Rafeelson mani ölçeği,diagnosis_context_only,0,0,0,review_required,True,0,True
22.71416,Pozitif semptomları değerlendirme ölçeği (SAPS),diagnosis_context_only,0,0,0,review_required,True,0,True
22.73003,Pozitif ve negatif sendrom ölçeği (PANSS),diagnosis_context_only,0,0,0,review_required,True,0,True
22.74590,Kısa psikiyatrik değerlendirme ölçeği (BPRS),diagnosis_context_only,0,0,0,review_required,True,0,True
22.76177,Standardize mini mental test,diagnosis_context_only,0,0,0,review_required,True,0,True
22.77764,Yeme tutum testi,diagnosis_context_only,0,0,0,review_required,True,0,True
22.79351,SCID I,diagnosis_context_only,0,0,0,review_required,True,0,True
22.80938,CIDI,diagnosis_context_only,0,0,0,review_required,True,0,True
22.82525,Anormal İstemsiz hareketler ölçeği (AIMS),diagnosis_context_only,0,0,0,review_required,True,0,True
22.84112,Barnes akatizi,diagnosis_context_only,0,0,0,review_required,True,0,True
22.85699,UKU yan etki değerlendirme ölçeği,diagnosis_context_only,0,0,0,review_required,True,0,True
22.87286,Travma sonrası stres bozukluğu ölçeği,diagnosis_context_only,0,0,0,review_required,True,0,True
22.90460,SCID II,diagnosis_context_only,0,0,0,review_required,True,0,True
22.92047,Minnesotta çok yönlü kişilik envanteri (MMPI),diagnosis_context_only,0,0,0,review_required,True,0,True
22.92147,TEMPS-A Mizaç ölçeği,proposed,1,2,1,review_required,True,0,False
22.95221,Cümle tamamlama testi,diagnosis_context_only,0,0,0,review_required,True,0,True
22.96808,Tematik Algı testi (TAT),diagnosis_context_only,0,0,0,review_required,True,0,True
22.98395,Rorschach testi,diagnosis_context_only,0,0,0,review_required,True,0,True
23.06250,Psikiyatrik muayene,diagnosis_context_only,0,0,0,review_required,True,0,True
23.12499,Aile ve okul ziyareti,diagnosis_context_only,0,0,0,review_required,True,0,True
23.18748,Aile değerlendirmesi,diagnosis_context_only,0,0,0,review_required,True,0,True
23.24997,Organik Batarya,proposed,2,3,1,review_required,True,1,False
23.31246,Psikoterapi (her bir görüşme),diagnosis_context_only,0,0,0,review_required,True,0,True
23.37495,Grup psikoterapisi (kişi başına her bir seans),diagnosis_context_only,0,0,0,review_required,True,0,True
23.43744,Aile terapisi (her bir görüşme),diagnosis_context_only,0,0,0,review_required,True,0,True
23.49993,Oyun terapisi (her bir görüşme),proposed,2,3,1,review_required,True,0,False
23.56242,"Kişilik testleri (MMPI, Rorschach) (her bir test)",diagnosis_context_only,0,0,0,review_required,True,0,True
23.62491,"Projektif testler (TAT, CAT, Svmmond’s) (her bir test)",diagnosis_context_only,0,0,0,review_required,True,0,True
23.68740,"Gelişim testleri (AGTE, Denver) (her bir test)",diagnosis_context_only,0,0,0,review_required,True,0,True
23.74989,"Zeka testleri (Baylie’s, Stanford-Binet, WISC-R, WAIS) (her bir test)",diagnosis_context_only,0,0,0,review_required,True,0,True
23.81238,Bender-Gestalt testi,diagnosis_context_only,0,0,0,review_required,True,0,True
23.87487,"Psikometrik ölçekler (Cümle Tamamlama, Good-Enough, CDI ve BDI gibi Özbildirim ölçekleri) (her bir test)",proposed,2,3,1,review_required,True,0,False
23.93736,"Uzman raporu (dosya inceleme, adli vb bilirkişilik)",diagnosis_context_only,0,0,0,review_required,True,0,True
24.00461,Normal tek yönlü grafi,proposed,1,5,1,review_required,True,4,False
24.00691,Normal iki yönlü grafi,proposed,1,5,1,review_required,True,4,False
24.00921,Normal üç yönlü grafi,proposed,1,5,1,review_required,True,4,False
24.01151,Normal dört yönlü grafi,proposed,1,5,1,review_required,True,4,False
24.01381,Asıl filme ek olarak çekilen spot grafi,proposed,1,4,1,review_required,True,3,False
24.01611,"Skolyoz tetkiki, tek yön",diagnosis_context_only,0,0,0,review_required,True,0,True
24.01841,"Skolyoz tetkiki, iki yön",proposed,1,5,1,review_required,True,4,False
24.02071,"Skolyoz tetkiki, dört yön",proposed,1,5,1,review_required,True,4,False
24.02301,Portabl direkt radyografi (zorunlu yatan hastada sabit grafiye ek olarak),proposed,1,4,1,review_required,True,3,False
24.02416,"İskelet sisteminin üç boyutlu dijital radyografisi, tüm iskelet sistemi",proposed,1,4,1,review_required,True,3,False
24.02502,"İskelet sisteminin üç boyutlu dijital radyografisi, kısmi iskelet sistemi",proposed,1,4,1,review_required,True,3,False
24.02531,Radyolojik konsültasyon,proposed,1,4,1,review_required,True,3,False
24.02991,"Parotid siyalografi, tek taraflı",proposed,1,4,1,review_required,True,3,False
24.03221,"Submandibuler siyalografi, tek taraflı",proposed,1,4,1,review_required,True,3,False
24.03451,Faringografi,proposed,1,4,1,review_required,True,3,False
24.03681,Özofagografi,proposed,1,4,1,review_required,True,3,False
24.03911,Özofagus-mide-duodenum (ÖMD),proposed,1,4,1,review_required,True,3,False
24.04141,Özofagus-mide-duodenum çift kontrast,diagnosis_context_only,0,0,0,review_required,True,0,True
24.04371,ÖMD+ince bağırsak tetkiki,proposed,1,4,1,review_required,True,3,False
24.04601,İnce bağırsak pasaj tetkiki,proposed,1,4,1,review_required,True,3,False
24.04831,Enteroklizisle ince bağırsak tetkiki,diagnosis_context_only,0,0,0,review_required,True,0,True
24.05061,Kolon tetkiki,diagnosis_context_only,0,0,0,review_required,True,0,True
24.05291,Kolon çift kontrast,diagnosis_context_only,0,0,0,review_required,True,0,True
24.05406,Kolon transit zamanı tespiti,proposed,1,5,1,review_required,True,4,False
24.05521,Defekografi,diagnosis_context_only,0,0,0,review_required,True,0,True
24.05981,IV piyelografi (DÜS+IVP),proposed,1,5,1,review_required,True,4,False
24.06211,IV piyelografi+sistografi (MÖ+MS),proposed,1,4,1,review_required,True,3,False
24.06441,Retrograd (asendan) piyelografi,diagnosis_context_only,0,0,0,review_required,True,0,True
24.06671,Retrograd sistografi,proposed,1,4,1,review_required,True,3,False
24.06901,Retrograd sistoüretrografi (dolu+miksiyon sırası+boş+reflü grafileri),proposed,1,4,1,review_required,True,3,False
24.07131,Retrograd üretrografi,diagnosis_context_only,0,0,0,review_required,True,0,True
24.07361,Kavernozografi,diagnosis_context_only,0,0,0,review_required,True,0,True
24.07591,Histero-salpingografi (HSG),proposed,1,4,1,review_required,True,3,False
24.08051,Pelvimetri (ölçümleri ile),diagnosis_context_only,0,0,0,review_required,True,0,True
24.08281,Dakriyosistografi,diagnosis_context_only,0,0,0,review_required,True,0,True
24.08511,Bronkografi,proposed,1,4,1,review_required,True,3,False
24.08741,Üç yönlü telekardiyografi (baryum),proposed,1,4,1,review_required,True,3,False
24.08971,Floroskopik görüntüleme,proposed,1,4,1,review_required,True,3,False
24.09201,"Artrografi, tek eklem",diagnosis_context_only,0,0,0,required_any,True,0,True
24.09431,"Mamografi, tek meme",diagnosis_context_only,0,0,0,review_required,True,0,True
24.09661,"Mamografi, iki meme",proposed,1,5,1,review_required,True,4,False
24.09689,"Galaktografi, tek meme",proposed,1,4,1,review_required,True,3,False
24.09718,Spot magnifikasyon mamografisi (rutin mamografiye ek çekilen),proposed,1,5,1,review_required,True,4,False
24.09776,"Kontrastlı Spektral Mamografi (CESM), tek meme",proposed,1,5,1,review_required,True,4,False
24.09833,"Kontrastlı Spektral Mamografi (CESM), iki meme",proposed,1,5,1,review_required,True,4,False
24.09891,"Dijital (full-field) Mamografi (FFDM/2D), tek meme",proposed,1,5,1,review_required,True,4,False
24.10121,"Dijital (full-field) Mamografi (FFDM/2D), iki meme",proposed,1,5,1,review_required,True,4,False
24.10351,"Meme tomosentez, tek meme",proposed,1,5,1,review_required,True,4,False
24.10466,"Meme tomosentez, iki meme",proposed,1,5,1,review_required,True,4,False
24.10581,"DEXA incelemesi (mamografiye ilave olarak), tek meme",proposed,1,5,1,review_required,True,4,False
24.10696,"DEXA incelemesi (mamografiye ilave olarak), iki meme",proposed,1,5,1,review_required,True,4,False
24.10753,"Kemik mineral yoğunluğu ölçümü, vertebral (AP ve/veya lateral)",proposed,1,4,1,review_required,True,3,False
24.10782,"Kemik mineral yoğunluğu ölçümü, femur proksimali (HIP)",proposed,1,4,1,review_required,True,3,False
24.10796,"Kemik mineral yoğunluğu ölçümü, önkol (ulna-radius)",proposed,1,4,1,review_required,True,3,False
24.10803,"Kemik mineral yoğunluğu ölçümü, tüm vücut",proposed,1,4,1,review_required,True,3,False
24.10811,Lomber miyelografi,diagnosis_context_only,0,0,0,review_required,True,0,True
24.11041,"Ortoröntgen, iki yönlü skolyoz tetkiki",proposed,1,5,1,review_required,True,4,False
24.11156,"Ortoröntgen, bacak uzunluk tespit grafisi, AP",diagnosis_context_only,0,0,0,review_required,True,0,True
24.11271,Panoramik grafi (ortopantografi),proposed,1,4,1,review_required,True,3,False
24.11501,"Sefalometrik grafi, tek yön",proposed,1,4,1,review_required,True,3,False
24.11731,Temporomandibuler eklem (ağız açık+kapalı),proposed,1,5,1,review_required,True,4,False
24.11961,Herniografi/T-tüp kolanjiografi,proposed,1,4,1,review_required,True,3,False
24.12421,"Aortografi, arkus",diagnosis_context_only,0,0,0,review_required,True,0,True
24.12766,"Aortografi, torakal/abdominal",diagnosis_context_only,0,0,0,review_required,True,0,True
24.12881,"Aortografi, torakoabdominal",proposed,1,5,1,review_required,True,4,False
24.13111,Çölyak arteryografi ve arteryel portografi,proposed,1,4,1,review_required,True,3,False
24.13341,"Selektif renal arteryografi, tek taraflı",proposed,1,5,1,required_any,True,4,False
24.13571,"Selektif renal arteryografi, iki taraflı",proposed,1,5,1,review_required,True,4,False
24.13801,Transplante renal arteryografi,proposed,1,4,1,review_required,True,3,False
24.14031,İnferior mezenterik arteryografi,proposed,1,5,1,review_required,True,4,False
24.14261,Süperior mezenterik arteryografi,proposed,1,5,1,review_required,True,4,False
24.14491,Pelvik arteryografi,diagnosis_context_only,0,0,0,review_required,True,0,True
24.14721,"Üst ekstremite arteryografisi, tek taraflı (brakiyal)",diagnosis_context_only,0,0,0,review_required,True,0,True
24.14951,"Üst ekstremite arteryografisi, iki taraflı",proposed,1,5,1,review_required,True,4,False
24.15181,"Alt ekstremite arteryografisi, tek taraflı, (femoropopliteal)",proposed,1,4,1,required_any,True,3,False
24.15411,"Alt ekstremite arteryografisi, iki taraflı",proposed,1,4,1,review_required,True,3,False
24.15641,Translomber aorto-femoropopliteal arteryografi,diagnosis_context_only,0,0,0,required_any,False,0,True
24.15871,Pulmoner arteryografi,proposed,1,4,1,review_required,True,3,False
24.16101,Nonselektif serebral arteryografi,proposed,2,5,1,review_required,True,3,False
24.16331,Selektif serebral arteryografi (4 sistem),diagnosis_context_only,0,0,0,required_any,True,0,True
24.16561,"Selektif karotid arteryografi, tek taraflı",diagnosis_context_only,0,0,0,review_required,True,0,True
24.16791,"Selektif karotid arteryografi, iki taraflı",diagnosis_context_only,0,0,0,review_required,True,0,True
24.17021,"Selektif vertebral arteryografi, tek taraflı",proposed,1,5,1,review_required,True,4,False
24.17251,"Selektif vertebral arteryografi, iki taraflı",diagnosis_context_only,0,0,0,review_required,True,0,True
24.17481,Amytal testi (Wada),diagnosis_context_only,0,0,0,review_required,True,0,True
24.17711,Spinal arteryografi,proposed,1,4,1,review_required,True,3,False
24.17941,Orbital venografi,proposed,1,4,1,review_required,True,3,False
24.18171,Petrozal sinüs kan örneklemesi,diagnosis_context_only,0,0,0,review_required,True,0,True
24.18401,"Alt ekstremite venografi, tek taraflı",diagnosis_context_only,0,0,0,required_any,True,0,True
24.18631,"Alt ekstremite venografi, iki taraflı",proposed,1,4,1,required_any,True,3,False
24.18861,"Üst ekstremite venografi, tek taraflı",proposed,1,4,1,required_any,True,3,False
24.19091,"Üst ekstremite venografi, iki taraflı",proposed,1,4,1,review_required,True,3,False
24.19321,Hepatik ven ve wedge venografi,diagnosis_context_only,0,0,0,review_required,True,0,True
24.19551,"Sürrenal venografi, tek taraflı",diagnosis_context_only,0,0,0,review_required,True,0,True
24.19781,"Sürrenal venografi, iki taraflı",proposed,1,4,1,review_required,True,3,False
24.20011,İnferior vena kavografi,diagnosis_context_only,0,0,0,review_required,True,0,True
24.20241,Süperior vena kavografi,diagnosis_context_only,0,0,0,review_required,True,0,True
24.20471,Renal venografi+renal ven kan örneği,proposed,1,5,1,review_required,True,4,False
24.20701,"Gonodal venografi (spermatik veya overyan), tek taraflı",proposed,1,4,1,review_required,True,3,False
24.20931,"Gonodal venografi (spermatik veya overyan), iki taraflı",proposed,1,4,1,review_required,True,3,False
24.21161,Splenoportografi,diagnosis_context_only,0,0,0,review_required,True,0,True
24.21391,Portal vena kan örneklemesi,diagnosis_context_only,0,0,0,review_required,True,0,True
24.21621,Lenfanjiyografi,diagnosis_context_only,0,0,0,review_required,True,0,True
24.22081,Kavernöz sinüs kan örneklemesi,proposed,1,4,1,review_required,True,3,False
24.22311,Adrenal venöz örnekleme,proposed,1,4,1,review_required,True,3,False
24.22541,Bronşiyal arteryografi,proposed,1,4,1,review_required,True,3,False
24.22771,Paratroid venöz örnekleme,proposed,1,4,1,review_required,True,3,False
24.22886,Diyaliz fistülogram,proposed,1,4,1,review_required,True,3,False
24.46461,"Follikülometri, transabdominal",diagnosis_context_only,0,0,0,review_required,True,0,True
24.46691,"Follikülometri, transvajinal",diagnosis_context_only,0,0,0,review_required,True,0,True
24.46921,Üst abdomen US,diagnosis_context_only,0,0,0,review_required,True,0,True
24.47151,Alt Abdomen / Pelvik US,proposed,2,6,1,review_required,True,4,False
24.47381,Tüm abdomen US,diagnosis_context_only,0,0,0,review_required,True,0,True
24.47611,Hepatobiliyer US,diagnosis_context_only,0,0,0,review_required,True,0,True
24.47841,Renal US,diagnosis_context_only,0,0,0,review_required,True,0,True
24.48071,Üriner sistem US,diagnosis_context_only,0,0,0,review_required,True,0,True
24.48301,"Parotis bezi US, iki taraflı",diagnosis_context_only,0,0,0,review_required,True,0,True
24.48531,"Submandibuler bez US, iki taraflı",diagnosis_context_only,0,0,0,review_required,True,0,True
24.48761,"Omuz/kalça/diz/el/ayak US, tek taraflı",diagnosis_context_only,0,0,0,review_required,True,0,True
24.48991,"Kalça eklemi US, iki taraflı (kıyaslamalı)",proposed,1,4,1,review_required,True,3,False
24.49221,"Meme US, iki meme",diagnosis_context_only,0,0,0,review_required,True,0,True
24.49451,"Meme US, tek meme",diagnosis_context_only,0,0,0,review_required,True,0,True
24.49566,"Otomatik/otomatize meme ultrasonografi (ABUS), tek meme",proposed,2,6,1,review_required,True,4,False
24.49623,"Otomatik/otomatize meme ultrasonografi (ABUS), iki meme",proposed,2,6,1,review_required,True,4,False
24.49681,Tiroid US,diagnosis_context_only,0,0,0,review_required,True,0,True
24.49911,Toraks US,diagnosis_context_only,0,0,0,review_required,True,0,True
24.50141,Skrotal US,diagnosis_context_only,0,0,0,review_required,True,0,True
24.50371,Transrektal US (TRUS),diagnosis_context_only,0,0,0,review_required,True,0,True
24.50601,Transvajinal US (TVUS),diagnosis_context_only,0,0,0,review_required,True,0,True
24.50831,Transkranyal/transfontanel US,diagnosis_context_only,0,0,0,review_required,True,0,True
24.51061,"Obstetrik US (12 hafta üzeri, tek gebelik)",diagnosis_context_only,0,0,0,review_required,True,0,True
24.51291,"Obstetrik US (12 hafta üzeri, çoğul gebelik, her fetus için)",proposed,2,6,1,required_any,True,3,False
24.51521,"Obstetrik US (12 hafta üzeri tek gebelik, ayrıntılı inceleme)",diagnosis_context_only,0,0,0,required_any,True,0,True
24.51751,"Obstetrik US (12 hafta üzeri çoğul gebelik, ayrıntılı inceleme, her fetus için)",diagnosis_context_only,0,0,0,required_any,True,0,True
24.51981,Boyun US,diagnosis_context_only,0,0,0,review_required,True,0,True
24.52211,"Orbita US, iki taraflı (B-MOD)",diagnosis_context_only,0,0,0,review_required,True,0,True
24.52441,Ekokardiyografi,proposed,1,4,1,review_required,True,3,False
24.52671,Endosonografi (endoskopik US),proposed,1,4,1,review_required,True,3,False
24.52901,"Yüzeyel organ ultrasonografisi, bir anatomik bölge için (kas-tendon, spinal vb)",proposed,1,4,1,review_required,True,3,False
24.53246,"İntraoperatif ultrasonografi, cerrahi işlemlerde",diagnosis_context_only,0,0,0,review_required,True,0,True
24.53361,Portabl US (zorunlu olarak yatan hastada tetkike ek olarak),proposed,1,4,1,review_required,True,3,False
24.53591,US elastografi,proposed,1,4,1,review_required,True,3,False
24.54051,"Karotis RDUS, iki taraflı",diagnosis_context_only,0,0,0,review_required,True,0,True
24.54281,"Vertebral arter RDUS, iki taraflı",diagnosis_context_only,0,0,0,review_required,True,0,True
24.54511,Transkranyal/transfontanel RDUS,diagnosis_context_only,0,0,0,review_required,True,0,True
24.54741,"Orbita RDUS, iki taraflı",diagnosis_context_only,0,0,0,review_required,True,0,True
24.54971,Skrotal RDUS,diagnosis_context_only,0,0,0,review_required,True,0,True
24.55201,Penil RDUS,diagnosis_context_only,0,0,0,review_required,True,0,True
24.55431,"Meme RDUS, iki meme",diagnosis_context_only,0,0,0,review_required,True,0,True
24.55661,"Meme RDUS, tek meme",proposed,2,6,1,review_required,True,4,False
24.55891,Abdominal aort RDUS,diagnosis_context_only,0,0,0,review_required,True,0,True
24.56121,Çölyak trunkus RDUS,proposed,2,6,1,review_required,True,4,False
24.56351,Süperior mezenter arter/ven RDUS,proposed,1,5,1,review_required,True,4,False
24.56581,Vena kava inferior RDUS,proposed,1,5,1,review_required,True,4,False
24.56811,Pelvik arterler RDUS,diagnosis_context_only,0,0,0,review_required,True,0,True
24.57041,Pelvik venler RDUS,diagnosis_context_only,0,0,0,review_required,True,0,True
24.57271,"Alt ekstremite derin venler RDUS, tek ekstremite",diagnosis_context_only,0,0,0,review_required,True,0,True
24.57386,"Alt ekstremite derin venler RDUS, iki ekstremite",proposed,1,4,1,review_required,True,3,False
24.57501,"Alt ekstremite yüzeyel+derin+perforan venler tümü RDUS, tek ekstremite",proposed,1,4,1,review_required,True,3,False
24.57616,"Alt ekstremite yüzeyel+derin+perforan venler tümü RDUS, iki ekstremite",proposed,1,4,1,review_required,True,3,False
24.57731,"Alt ekstremite arterleri RDUS, tek ekstremite",proposed,1,4,1,review_required,True,3,False
24.57846,"Alt ekstremite arterleri RDUS, iki ekstremite",proposed,1,4,1,review_required,True,3,False
24.57961,Aortoiliyak ve her iki alt ekstremite arterleri RDUS,proposed,1,4,1,required_any,True,3,False
24.58191,Aortoiliyak ve tek ekstremite arterleri RDUS,proposed,1,4,1,review_required,True,3,False
24.58421,"Üst ekstremite venleri RDUS, tek ekstremite",proposed,1,4,1,review_required,True,3,False
24.58536,"Üst ekstremite venleri RDUS, iki ekstremite",proposed,1,4,1,review_required,True,3,False
24.58651,"Üst ekstremite arterleri RDUS, tek ekstremite",proposed,1,4,1,review_required,True,3,False
24.58766,"Üst ekstremite arterleri RDUS, iki ekstremite",proposed,1,4,1,review_required,True,3,False
24.58881,Arteriyovenöz fistül RDUS,proposed,1,4,1,review_required,True,3,False
24.59111,Portal ven sistemi RDUS,diagnosis_context_only,0,0,0,review_required,True,0,True
24.59341,Hepatik ven sistemi RDUS,proposed,1,5,1,review_required,True,4,False
24.59571,"Renal arter RDUS, iki taraflı",proposed,1,4,1,review_required,True,3,False
24.59801,"Renal ven RDUS, iki taraflı",proposed,1,5,1,review_required,True,4,False
24.60031,"Renal parankim RDUS, iki taraflı",proposed,1,4,1,review_required,True,3,False
24.60261,Renal transplant RDUS,proposed,1,4,1,review_required,True,3,False
24.60491,Obstetrik RDUS (12 hafta üzeri tek gebelik),diagnosis_context_only,0,0,0,review_required,True,0,True
24.60721,Obstetrik RDUS (12 hafta üzeri çoğul gebelik her fetus için),diagnosis_context_only,0,0,0,required_any,True,0,True
24.60951,Transvajinal RDUS,proposed,1,4,1,review_required,True,3,False
24.61181,Transrektal RDUS,diagnosis_context_only,0,0,0,review_required,True,0,True
24.61411,Vezikoüreteral reflü RDUS,diagnosis_context_only,0,0,0,review_required,True,0,True
24.61641,Fetal ekokardiyografi,diagnosis_context_only,0,0,0,review_required,True,0,True
24.61871,Fetal biyometri ve biyofizik skorlama,diagnosis_context_only,0,0,0,review_required,True,0,True
24.62101,Tiroid RDUS,diagnosis_context_only,0,0,0,review_required,True,0,True
24.62331,Kitle lezyonu RDUS,diagnosis_context_only,0,0,0,required_any,True,0,True
24.62561,Total abdominal RDUS (abdominal US`ye ek olarak),diagnosis_context_only,0,0,0,review_required,True,0,True
24.62791,Ekokardiyografi (B MOD+RDUS birlikte),proposed,1,4,1,review_required,True,3,False
24.63021,Portabl RDUS (zorunlu yatan hastada tetkike ek olarak),proposed,1,5,1,review_required,True,4,False
24.63711,Bilgisayarlı alt abdomen tomografisi,proposed,1,4,1,review_required,True,3,False
24.63941,Bilgisayarlı üst abdomen tomografisi,proposed,2,6,1,review_required,True,4,False
24.64171,Bilgisayarlı beyin (aksiyal+koronal) tomografisi,proposed,1,4,1,review_required,True,3,False
24.64401,Bilgisayarlı beyin tomografisi,proposed,1,4,1,review_required,True,3,False
24.64631,"BT eşliğinde girişimsel tetkik, spiral olmayan BT cihazı ile",proposed,1,4,1,review_required,True,3,False
24.64861,"Bilgisayarlı temporal kemik tomografisi YRBT, tek kemik",proposed,1,4,1,review_required,True,3,False
24.65091,Bilgisayarlı ekstremite tomografisi (20-50 cm),proposed,1,4,1,review_required,True,3,False
24.65321,Bilgisayarlı hava veya opaklı sisternografi tomografisi,proposed,1,4,1,review_required,True,3,False
24.65551,Bilgisayarlı hipofiz tomografisi,proposed,1,4,1,review_required,True,3,False
24.65781,"Bilgisayarlı tomografi, radyoterapi planlaması için",proposed,1,4,1,review_required,True,3,False
24.66011,Bilgisayarlı nazofarinks tomografisi,proposed,1,4,1,review_required,True,3,False
24.66241,Bilgisayarlı larinks tomografisi,proposed,1,4,1,review_required,True,3,False
24.66471,Bilgisayarlı orbita tomografisi,proposed,1,4,1,review_required,True,3,False
24.66701,Bilgisayarlı tempomandibular eklem tomografisi,proposed,1,4,1,review_required,True,3,False
24.66931,Bilgisayarlı toraks tomografisi,proposed,1,4,1,review_required,True,3,False
24.67161,Bilgisayarlı vertebra (4 adet) tomografisi,proposed,1,4,1,review_required,True,3,False
24.67391,Baskılı (yüklemeli) Vertebra (4 adet) BT,proposed,1,6,1,review_required,True,5,False
24.67621,Yüksek rezolüsyonlu akciğer BT,proposed,1,4,1,review_required,True,3,False
24.67851,"Yüksek rezolüsyonlu akciğer BT, ekspiratuar",proposed,1,4,1,review_required,True,3,False
24.68081,Bilgisayarlı paranazal sinüs tomografisi,proposed,1,4,1,review_required,True,3,False
24.68311,Bilgisayarlı boyun tomografisi,proposed,1,4,1,review_required,True,3,False
24.68541,"Bilgisayarlı maksillofasiyal tomografi, aksiyal",proposed,1,4,1,review_required,True,3,False
24.68771,"Bilgisayarlı maksillofasiyal tomografi, koronal",proposed,1,4,1,review_required,True,3,False
24.69001,"Bilgisayarlı kantitatif tomografi (kalsiyum skorlama, BMD gibi)",proposed,1,4,1,review_required,True,3,False
24.69231,Bilgisayarlı dental tomografi,proposed,1,4,1,review_required,True,3,False
24.69461,"Bilgisayarlı tomografi, diğer",proposed,1,4,1,review_required,True,3,False
24.69921,"BT, 3 boyutlu görüntüleme farkı (MD/S) ile, tek anatomik bölge (kranyum, vertebra, eklem, vb)",proposed,2,5,1,review_required,True,3,False
24.70151,"BT anjiyografi, tek anatomik bölge için (MD/S)",proposed,2,5,1,review_required,True,3,False
24.70381,Bilgisayarlı beyin tomografisi (aksiyal+koronal) (MD veya S),proposed,2,5,1,review_required,True,3,False
24.70611,Bilgisayarlı beyin tomografisi (MD/S),proposed,2,5,1,review_required,True,3,False
24.70841,Bilgisayarlı hipofiz tomografisi (MD/S),proposed,2,5,1,review_required,True,3,False
24.71071,Bilgisayarlı hava veya opaklı sisternografi tomografisi (MD/S),proposed,2,5,1,review_required,True,3,False
24.71301,Bilgisayarlı orbita tomografisi (MD/S),proposed,2,5,1,review_required,True,3,False
24.71531,"Bilgisayarlı temporal kemik tomografisi YRBT, tek kemik (MD/S)",proposed,2,5,1,review_required,True,3,False
24.71761,"Bilgisayarlı temporomandibuler eklem (TME) tomografisi, tek eklem (MD/S)",proposed,2,5,1,review_required,True,3,False
24.71876,"Bilgisayarlı temporomandibuler eklem (TME) tomografisi, çift eklem (MD/S)",proposed,2,5,1,review_required,True,3,False
24.71991,"Bilgisayarlı maksillofasiyal tomografi, aksiyal (MD/S)",proposed,2,5,1,review_required,True,3,False
24.72221,"Bilgisayarlı maksillofasiyal tomografi, koronal (MD/S)",proposed,2,5,1,review_required,True,3,False
24.72451,Bilgisayarlı paranazal sinüs tomografisi (MD/S),proposed,2,5,1,review_required,True,3,False
24.72681,Bilgisayarlı dental tomografi (MD/S),proposed,2,5,1,review_required,True,3,False
24.72911,Bilgisayarlı nazofarinks tomografisi (MD/S),proposed,2,5,1,review_required,True,3,False
24.73141,Bilgisayarlı larinks tomografisi (MD/S),proposed,2,5,1,review_required,True,3,False
24.73371,Bilgisayarlı boyun tomografisi (MD/S),proposed,2,5,1,review_required,True,3,False
24.73601,Bilgisayarlı toraks tomografisi (MD/S),proposed,2,5,1,review_required,True,3,False
24.73831,Yüksek rezolüsyonlu akciğer BT (MD/S),proposed,2,5,1,review_required,True,3,False
24.74061,"Yüksek rezolüsyonlu akciğer BT, ekspiratuar (MD/S)",proposed,2,5,1,review_required,True,3,False
24.74291,Bilgisayarlı üst abdomen tomografisi (MD/S),proposed,2,5,1,review_required,True,3,False
24.74521,Bilgisayarlı alt abdomen tomografisi (MD/S),proposed,2,5,1,review_required,True,3,False
24.74751,Bilgisayarlı tüm abdomen tomografisi (MD/S),proposed,2,5,1,review_required,True,3,False
24.74981,Bilgisayarlı ekstremite tomografisi (MD/S),proposed,2,5,1,review_required,True,3,False
24.75096,"Bilgisayarlı eklem tomografisi, tek eklem (MD/S)",proposed,2,5,1,review_required,True,3,False
24.75211,Baskılı (yüklemeli) vertebra (4 adet) tomografisi (MD/S),proposed,2,5,1,review_required,True,3,False
24.75441,BT sanal endoskopi (MD/S),proposed,2,5,1,review_required,True,3,False
24.75671,BT Sanal Kolonoskopi,proposed,2,5,1,review_required,True,3,False
24.75786,BT Enterografi,proposed,2,5,1,review_required,True,3,False
24.75901,"Dinamik BT, bifazik/trifazik inceleme (MD/S)",proposed,2,5,1,review_required,True,3,False
24.76131,"Bilgisayarlı kantitatif tomografi (kalsiyum skorlama, BMD gibi) (MD/S)",proposed,2,5,1,review_required,True,3,False
24.76361,BT perfüzyon çalışmaları (MD/S),proposed,2,5,1,review_required,True,3,False
24.76591,Koroner BT anjiyografisi,proposed,2,5,1,review_required,True,3,False
24.76821,Kardiyak analizi BT (sol ventrikül için),proposed,2,5,1,review_required,True,3,False
24.76936,"Meme BT(CT), konik hüzme ışınımlı (cone beam) cihaz ile, tek meme",proposed,2,5,1,review_required,True,3,False
24.76993,"Meme BT(CT), konik hüzme ışınımlı (cone beam) cihaz ile, iki meme",proposed,2,5,1,review_required,True,3,False
24.77051,BT miyelografi (MD/S),proposed,2,5,1,review_required,True,3,False
24.77511,Radyoterapi sürecini izlem için tanısal BT (MD/S),proposed,2,5,1,review_required,True,3,False
24.77741,BT kontrastlı tetkik farkı,proposed,2,5,1,review_required,True,3,False
24.77971,Kontrastsız spiral/multidedektör BT (taş protokolü abdomen BT),proposed,2,5,1,review_required,True,3,False
24.78201,"Bilgisayarlı tomografi, diğer (MD veya S)",proposed,2,5,1,review_required,True,3,False
24.78431,"BT konsültasyonu (eski tetkikleri inceleme, karşılaştırma ve raporlama)",proposed,2,5,1,not_required,False,3,False
24.78891,Koroner arter kalsiyum tarama testi (KAKT),proposed,1,4,1,review_required,True,3,False
24.79121,Akciğer EBT,proposed,1,4,1,review_required,True,3,False
24.79351,Batın EBT,proposed,1,4,1,review_required,True,3,False
24.79581,Diğer vücut EBT,proposed,1,4,1,review_required,True,3,False
24.79811,EBT anjiyografi (bir anatomik bölge için),proposed,1,4,1,review_required,True,3,False
24.80041,Kardiyak sine EBT,proposed,1,4,1,review_required,True,3,False
24.80731,"Beyin MRG, 1 Tesla ve üzeri MR cihazları için",proposed,2,5,1,review_required,True,3,False
24.80961,"Difüzyon MR, 1 Tesla ve üzeri MR cihazları için",proposed,2,5,1,review_required,True,3,False
24.81191,"Perfüzyon MRG, 1 Tesla ve üzeri MR cihazları için",proposed,2,5,1,review_required,True,3,False
24.81421,"MR spektroskopi (tek voksel, tek eko), 1 Tesla ve üzeri MR cihazları için",proposed,2,5,1,review_required,True,3,False
24.81651,"MR spektroskopi (multivoksel, tek eko), 1 Tesla ve üzeri MR cihazları için",proposed,2,5,1,review_required,True,3,False
24.81881,"Fonksiyonel MR (tek fonksiyon), 1 Tesla ve üzeri MR cihazları için",proposed,2,5,1,review_required,True,3,False
24.81900,"MR Nörografi (3T), 3 Tesla ve üzeri MR cihazları ile",proposed,2,5,1,review_required,True,3,False
24.82111,"Hipofiz MRG, 1 Tesla ve üzeri MR cihazları için",proposed,2,5,1,review_required,True,3,False
24.82341,"Orbita MRG, 1 Tesla ve üzeri MR cihazları için",proposed,2,5,1,review_required,True,3,False
24.82571,"Temporal kemik MRG, 1 Tesla ve üzeri MR cihazları için",proposed,2,5,1,review_required,True,3,False
24.82801,"Yüz MRG, 1 Tesla ve üzeri MR cihazları için",proposed,2,5,1,review_required,True,3,False
24.83031,"Boyun MRG (larinks, farinks ve diğer boyun patolojilerinde), 1 Tesla ve üzeri MR cihazları için",proposed,2,5,1,review_required,True,3,False
24.83261,"Toraks MRG, 1 Tesla ve üzeri MR cihazları için",proposed,2,5,1,review_required,True,3,False
24.83491,"Kardiyak MRG, 1 Tesla ve üzeri MR cihazları için",proposed,2,5,1,review_required,True,3,False
24.83721,"Kardiyak fonksiyon, 1 Tesla ve üzeri MR cihazları için",proposed,2,5,1,review_required,True,3,False
24.83951,"Kardiyak perfüzyon, 1 Tesla ve üzeri MR cihazları için",proposed,2,5,1,required_any,True,3,False
24.84181,"Kardiyak canlılık (viabilite), 1 Tesla ve üzeri MR cihazları için",proposed,2,5,1,review_required,True,3,False
24.84411,"Koroner MRG, 1 Tesla ve üzeri MR cihazları için",proposed,2,5,1,review_required,True,3,False
24.84641,"Meme MRG, tek meme, 1 Tesla ve üzeri MR cihazları için",proposed,2,5,1,review_required,True,3,False
24.84871,"Meme MRG, iki meme, 1 Tesla ve üzeri MR cihazları için",proposed,2,5,1,review_required,True,3,False
24.85101,"Meme MRG (tek meme, özel meme sarmalı ile, postprocessing dahil), 1 Tesla ve üzeri MR cihazları için",proposed,2,5,1,review_required,True,3,False
24.85331,"Meme MRG (iki meme, özel meme sarmalı ile, postprocessing dahil), 1 Tesla ve üzeri MR cihazları için",proposed,2,5,1,review_required,True,3,False
24.85561,"Üst abdomen MRG, 1 Tesla ve üzeri MR cihazları için",proposed,2,5,1,review_required,True,3,False
24.85791,"Alt abdomen MRG, 1 Tesla ve üzeri MR cihazları için",proposed,2,5,1,review_required,True,3,False
24.86021,"Tüm abdomen MRG, 1 Tesla ve üzeri MR cihazları için",proposed,2,5,1,review_required,True,3,False
24.86251,"Prostat MRG (endorektal sarmal ile), 1 Tesla ve üzeri cihazla",proposed,2,5,1,review_required,True,3,False
24.86366,"Multiparametrik prostat MRG, 1.5 Tesla ve üzeri cihazla, yüzeysel sarmal ile",proposed,2,5,1,review_required,True,3,False
24.86423,"Multiparametrik prostat MRG, 1.5 Tesla ve üzeri cihazla, endorektal sarmal ile",proposed,2,5,1,review_required,True,3,False
24.86452,"Multiparametrik prostat MRG, 3.0 Tesla ve üzeri cihazla, yüzeysel sarmal ile",proposed,2,5,1,review_required,True,3,False
24.86466,"Multiparametrik prostat MRG, 3.0 Tesla ve üzeri cihazla, endorektal sarmal ile",proposed,2,5,1,review_required,True,3,False
24.86481,"Rektal MRG (transrektal sarmal ile), 1 Tesla ve üzeri MR cihazları için",proposed,2,5,1,review_required,True,3,False
24.86596,"MR Defekografi, 1 Tesla ve üzeri MR cihazları için",proposed,2,5,1,review_required,True,3,False
24.86711,"Tek eklem MRG, 1 Tesla ve üzeri MR cihazları için",proposed,2,5,1,review_required,True,3,False
24.86941,"Brakiyal pleksus MRG, tek taraf, 1 Tesla ve üzeri MR cihazları için",proposed,2,5,1,review_required,True,3,False
24.87171,"Pelvis MRG, 1 Tesla ve üzeri MR cihazları için",proposed,2,5,1,review_required,True,3,False
24.87286,"Fetal MRG, 1 Tesla ve üzeri MR cihazları için",proposed,2,5,1,review_required,True,3,False
24.87401,"Temporomandibuler eklem MRG, tek eklem, 1 Tesla ve üzeri MR cihazları için",proposed,2,5,1,review_required,True,3,False
24.87516,"Temporomandibuler eklem MRG, çift eklem, 1 Tesla ve üzeri MR cihazları için",proposed,2,5,1,review_required,True,3,False
24.87631,"Tek ekstremite MRG (kol, önkol, uyluk, bacak), 1 Tesla ve üzeri MR cihazları için",proposed,2,5,1,review_required,True,3,False
24.87861,"Vertebral kolon MRG, tek bölge, 1 Tesla ve üzeri MR cihazları için",proposed,2,5,1,review_required,True,3,False
24.88091,"Baskılı (yüklemeli) Vertebral Kolon MRG, tek bölge, 1 Tesla ve üzeri MR cihazları için",proposed,2,5,1,review_required,True,3,False
24.88321,"Kontrastsız MR anjiyografi, tek anatomik bölge, 1 Tesla ve üzeri MR cihazları için",proposed,2,5,1,review_required,True,3,False
24.88551,"Kontrastlı MR anjiyografi, tek anatomik bölge, 1 Tesla ve üzeri MR cihazları için",proposed,2,5,1,review_required,True,3,False
24.88781,"Kontrastlı aorto-popliteal MRA (hareketli masa ile), 1 Tesla ve üzeri MR cihazları için",proposed,2,5,1,review_required,True,3,False
24.88896,Radyoterapi sürecini izlem için tanısal MRG,proposed,2,5,1,review_required,True,3,False
24.89011,"MRG konsültasyonu (eski tetkikleri inceleme, karşılaştırma ve raporlama)",proposed,2,5,1,not_required,False,3,False
24.89471,"MR miyelografi, 1 Tesla ve üzeri MR cihazları için",proposed,2,5,1,review_required,True,3,False
24.89701,"BOS akım MR, 1 Tesla ve üzeri MR cihazları için",proposed,2,5,1,review_required,True,3,False
24.89931,"Kardiyak MR Akım ölçümü, 1 Tesla ve üzeri MR cihazları için",proposed,2,5,1,review_required,True,3,False
24.90161,"MR artrografi, 1 Tesla ve üzeri MR cihazları için",proposed,2,5,1,review_required,True,3,False
24.90391,"Penil MR, 1 Tesla ve üzeri MR cihazları için",proposed,2,5,1,review_required,True,3,False
24.90621,"MR ürografi, 1 Tesla ve üzeri MR cihazları için",proposed,2,5,1,review_required,True,3,False
24.90851,"Anal MRG, 1 Tesla ve üzeri MR cihazları için",proposed,2,5,1,review_required,True,3,False
24.91081,"MR kolanjiyopankreatografi, 1 Tesla ve üzeri MR cihazları için",proposed,2,5,1,review_required,True,3,False
24.91311,"MR Enterografi, 1 Tesla ve üzeri MR cihazları için",proposed,2,5,1,review_required,True,3,False
24.91426,"MR Kolonografi (MR Kolonoskopi), 1 Tesla ve üzeri MR cihazları için",proposed,2,5,1,review_required,True,3,False
24.91541,"Onkolojik MR, tüm vücut kemik metastaz tarama",proposed,2,5,1,required_any,True,3,False
24.91771,"MR kontrastlı tetkik farkı, 1 Tesla ve üzeri MR cihazları için",proposed,2,5,1,review_required,True,3,False
24.92001,"MR Dinamik kontrastlı tetkik farkı, 1 Tesla ve üzeri cihazlar için",proposed,2,5,1,review_required,True,3,False
24.92231,"Kinematik eklem tetkik farkı, 1 Tesla ve üzeri MR cihazları için",proposed,2,5,1,review_required,True,3,False
24.92691,"İntraoperatif MR Görüntülemesi, 1 Tesla ve üzeri MR cihazları için",proposed,2,5,1,review_required,True,3,False
24.92921,"MR traktografi, 1 Tesla ve üzeri MR cihazları için",proposed,2,5,1,review_required,True,3,False
24.93151,"MR lezyon işaretleme tetkik farkı, 1 Tesla ve üzeri MR cihazları için",proposed,2,5,1,review_required,True,3,False
24.93611,"Beyin MRG, 1 Tesla ve altında MR cihazları için",proposed,2,5,1,review_required,True,3,False
24.93841,"Difüzyon MR, 1 Tesla ve altında MR cihazları için",proposed,2,5,1,review_required,True,3,False
24.94071,"Hipofiz MRG, 1 Tesla ve altında MR cihazları için",proposed,2,5,1,review_required,True,3,False
24.94301,"Orbita MRG, 1 Tesla ve altında MR cihazları için",proposed,2,5,1,review_required,True,3,False
24.94531,"Temporal kemik MRG, 1 Tesla ve altında MR cihazları için",proposed,2,5,1,review_required,True,3,False
24.94761,"Yüz (maksillofasiyal) MRG, 1 Tesla ve altında MR cihazları için",proposed,2,5,1,review_required,True,3,False
24.94991,"Boyun MRG (larinks, farinks), 1 Tesla ve altında MR cihazları için",proposed,2,5,1,review_required,True,3,False
24.95221,"Toraks MRG, 1 Tesla ve altında MR cihazları için",proposed,2,5,1,review_required,True,3,False
24.95451,"Meme MRG, tek meme, 1 Tesla ve altında MR cihazları için",proposed,2,5,1,review_required,True,3,False
24.95681,"Meme MRG, iki meme, 1 Tesla ve altında MR cihazları için",proposed,2,5,1,review_required,True,3,False
24.95911,"Üst abdomen MRG, 1 Tesla ve altında MR cihazları için",proposed,2,5,1,review_required,True,3,False
24.96141,"Alt abdomen MRG, 1 Tesla ve altında MR cihazları için",proposed,2,5,1,review_required,True,3,False
24.96371,"Tüm abdomen MRG, 1 Tesla ve altında MR cihazları için",proposed,2,5,1,review_required,True,3,False
24.96601,"Tek eklem MRG, 1 Tesla ve altında MR cihazları için",proposed,2,5,1,review_required,True,3,False
24.96831,"Temporomandibuler eklem MRG, 1 Tesla ve altında MR cihazları için",proposed,2,5,1,review_required,True,3,False
24.97061,"Tek ekstremite MRG (kol, önkol, uyluk, bacak), 1 Tesla ve altında MR cihazları için",proposed,2,5,1,review_required,True,3,False
24.97291,"Vertebral kolon MRG, tek bölge, 1 Tesla ve altında MR cihazları için",proposed,2,5,1,review_required,True,3,False
24.97521,"Baskılı (yüklemeli) Vertebral Kolon MRG, tek bölge, 1 Tesla ve altında MR cihazları için",proposed,2,5,1,review_required,True,3,False
24.97751,"Kontrastsız MR anjiyografi, tek anatomik bölge, 1 Tesla ve altında MR cihazları için",proposed,2,5,1,review_required,True,3,False
24.97981,"Kontrastlı MR anjiyografi, tek anatomik bölge, 1 Tesla ve altında MR cihazları için",proposed,2,5,1,review_required,True,3,False
24.98441,"MR miyelografi, 1 Tesla ve altında MR cihazları için",proposed,2,5,1,review_required,True,3,False
24.98671,"BOS akım MR, 1 Tesla ve altında MR cihazları için",proposed,2,5,1,review_required,True,3,False
24.98901,"MR kolanjiyopankreatografi, 1 Tesla ve altında MR cihazları için",proposed,2,5,1,review_required,True,3,False
24.99131,"MR kontrastlı tetkik farkı, 1 Tesla ve altında MR cihazları için",proposed,2,5,1,review_required,True,3,False
24.99361,"MR Dinamik kontrastlı tetkik farkı, 1 Tesla ve altında MR cihazları için – 25 Birim",proposed,2,5,1,review_required,True,3,False
24.99591,"Kinematik eklem tetkik farkı, 1 Tesla ve altında MR cihazları için",proposed,2,5,1,review_required,True,3,False
26.94706,"Vaza vezikülografi, iki taraflı",diagnosis_context_only,0,0,0,review_required,True,0,True
26.95109,Kavernozografi,diagnosis_context_only,0,0,0,review_required,True,0,True
26.95512,Mesanede rezidü (artık) idrar ölçümü (bladder scan ile),diagnosis_context_only,0,0,1,review_required,True,0,True
26.96318,Ultrasonografik yöntemle mesanede kalan (rezidü) idrar ölçümü,diagnosis_context_only,0,0,1,review_required,True,0,True
26.96721,Üroflowmetri,diagnosis_context_only,0,0,0,review_required,True,0,True
26.97124,Üroflowmetri+EMG,proposed,3,3,1,review_required,True,0,True
26.97527,Sistometri,diagnosis_context_only,0,0,0,review_required,True,0,True
26.97930,Üretral basınç profili (UPP),diagnosis_context_only,0,0,1,review_required,True,0,True
26.98131,"Basınç akım çalışması, noninvaziv (üroflowmetri dahil, malzeme hariç)",proposed,1,2,1,review_required,True,1,False
26.98333,Sistometri+basınç akım çalışması+EMG,proposed,3,3,1,review_required,True,0,True
26.98736,"Nokturnal penil tümesans rijidite, seansı",signals_only,0,1,1,review_required,True,1,True
26.99139,Videoürodinami,diagnosis_context_only,0,0,0,review_required,True,0,True
26.99542,"Biofeedback eşlikli pelvik taban çalışmaları, seansı",proposed,1,1,1,required_any,True,0,False
28.05521,Apse,diagnosis_context_only,0,0,0,review_required,True,0,True
28.82341,"Tanı / ayırıcı tanı / prognoz amacı ile kullanılan İmmünfloresan ve immünhisto(sito) kimyasal incelemeler, her bir antikor için",proposed,1,1,1,review_required,True,0,False
28.82571,"İmmünfloresan ve immünhisto(sito)kimyasal incelemeler, her bir antikor için",diagnosis_context_only,0,0,1,review_required,True,0,True
28.82801,"Özel boya (histokimya) , her bir boya",diagnosis_context_only,0,0,1,review_required,True,0,True
28.89241,"Sıvı bazlı sitoloji, manuel",diagnosis_context_only,0,0,0,review_required,True,0,True
28.89701,"Servikal veya vajinal sitoloji, yayma preparatlar (PAP)",diagnosis_context_only,0,0,0,review_required,True,0,True
28.90161,"Sıvı bazlı sitoloji (Thin Prep, Surepath, vb) otomatik cihaz aracılığı ile",diagnosis_context_only,0,0,1,review_required,True,0,True
28.90261,Yüksek riskli HPV testi,diagnosis_context_only,0,0,1,review_required,True,0,True
28.90361,Thin-prep (sıvı bazlı sitoloji)+Yüksek riskli HPV testi (Cotest),diagnosis_context_only,0,0,1,review_required,True,0,True
28.90621,Vücut sıvıları ve eksfolyatif sitoloji,diagnosis_context_only,0,0,1,review_required,True,0,True
28.90721,Sitolojik Ek İnceleme,proposed,1,2,1,review_required,True,1,False
29.08334,Polisomnografik uyku tetkiki (standart montaj),proposed,1,2,1,review_required,True,1,False
29.16667,İnvaziv olmayan mekanik ventilasyon (standart montaj+invaziv olmayan mekanik ventilatörlerle titrasyon),proposed,1,2,1,review_required,True,1,False
29.25000,"Polisomnografik uyku tetkiki, aktivasyon amaçlı",signals_only,0,1,1,review_required,True,1,True
29.33333,"Polisomnografik uyku tetkiki, latans testi",proposed,1,1,1,review_required,True,0,False
29.41666,"Polisomnografik uyku tetkiki, 24 saat sürekli",proposed,1,2,1,review_required,True,1,False
29.49999,"Polisomnografik uyku tetkiki, penil sensörle",proposed,1,2,1,required_any,True,1,False
29.66665,2-4 arası poligrafik uyku tetkiki,diagnosis_context_only,0,0,0,review_required,True,0,True
29.74998,5-8 arası poligrafik uyku tetkiki,diagnosis_context_only,0,0,0,review_required,True,0,True
29.83331,8 kanaldan fazla poligrafik uyku tetkiki,diagnosis_context_only,0,0,0,review_required,True,0,True
29.91664,Auto-CPAP ile titrasyon,diagnosis_context_only,0,0,0,review_required,True,0,True
30.02469,Genetik danışma,diagnosis_context_only,0,0,1,review_required,True,0,True
30.03703,Genetik muayene,diagnosis_context_only,0,0,1,review_required,True,0,True
30.04937,Genetik konsültasyon,diagnosis_context_only,0,0,1,not_required,False,0,True
30.07405,Sendrom araştırması,diagnosis_context_only,0,0,1,review_required,True,0,True
30.08639,Dismorfik değerlendirme,diagnosis_context_only,0,0,1,review_required,True,0,True
30.09873,Punch biyopsi (alınması),diagnosis_context_only,0,0,0,review_required,True,0,True
30.12341,"Amniyon sıvısından kromozom analizi (En az iki kültür, bantlama ve en az 20 metafaz analiz dahil)",diagnosis_context_only,0,0,1,review_required,True,0,True
30.13575,Düşük materyali/Gonad biyopsisinden/diğer solid dokulardan kromozom analizi,proposed,2,3,1,review_required,True,1,True
30.14809,Fetal kandan kromozom analizi,proposed,1,3,1,review_required,True,1,False
30.16043,"Kemik iliğinden kromozom analizi (Direkt/24,48,72 ve 96 saatlik kültür çalışmalar dahil)",proposed,1,2,1,review_required,True,1,False
30.17277,"Koryon villus örneğinden kromozom analizi (Direkt/en az iki Kültür,bantlama ve en az 20 metafaz analiz dahil)",proposed,1,3,1,review_required,True,2,False
30.18511,Kromozomal kırık sendromları ve mutajenite çalışmaları için kromozom analizi,proposed,2,2,1,review_required,True,0,False
30.19745,Periferik kandan kromozom analizi,proposed,2,2,1,review_required,True,0,False
30.21596,"EML4 / ALK, (FISH) (iki bölgeye kadar, translokasyon, delesyon)",proposed,1,1,1,review_required,True,0,False
30.22213,"FISH (iki bölgeye kadar, translokasyon , delesyon)",diagnosis_context_only,0,0,1,review_required,True,0,True
30.23447,FISH (4 bölgeye kadar),proposed,1,3,1,review_required,True,2,False
30.24681,FISH (6 bölgeye kadar),diagnosis_context_only,0,0,1,review_required,True,0,True
30.25915,FISH (12 bölgeye kadar),diagnosis_context_only,0,0,1,review_required,True,0,True
30.27149,FISH (16 bölgeye kadar),diagnosis_context_only,0,0,1,review_required,True,0,True
30.28383,FISH (24 bölge ve üstü),diagnosis_context_only,0,0,1,review_required,True,0,True
30.28691,"ROS1 (6q22), (FISH), (iki bölgeye kadar, translokasyon, delesyon)",proposed,1,1,1,review_required,True,0,False
30.28845,"Hızlı anöploidi analizi (13, 18, 21, X, Y kromozomları için), (FISH)",diagnosis_context_only,0,0,1,review_required,True,0,True
30.28922,"AML / MDS Paneli, (FISH)",diagnosis_context_only,0,0,1,required_any,True,0,True
30.29000,t(9;22) (q34;q11.2) (BCR/ ABL) (Philadelphia Kromozomu) (FISH),proposed,1,1,1,review_required,True,0,False
30.29308,t(9;22) (q34;q11.2) (BCR/ ABL) (Philadelphia Kromozomu) (REAL - TIME PCR),proposed,1,1,1,review_required,True,0,False
30.30851,"Blot analiz (southern, northern, western)",proposed,2,2,1,review_required,True,0,True
30.31468,"Non İnvaziv Prenatal Test (3’lü NIPT, 13,18, 21 kromozomu için), NGS tabanlı veya hedefe yönelik yöntem ile",proposed,2,2,1,review_required,True,0,False
30.31776,"Non İnvaziv Prenatal Test (5’li NIPT / 13,18, 21, X, Y kromozomu için)",proposed,2,2,1,review_required,True,0,False
30.31930,"Non İnvaziv Prenatal Test (NIPT, 1’den 22’ye tüm kromozomlar, otozomlar ve gonozomlar)",proposed,2,2,1,review_required,True,0,False
30.32007,"Non invaziv prenatal tarama testi (NIPT, 1’den 22’ye tüm kromozomlar, otozomlar ve gonozomlar ile mikrodelesyon ve mikroduplikasyon (≥7 Mb)",proposed,2,2,1,review_required,True,0,False
30.32085,DNA dizi analizi bir çift primer ile,proposed,1,1,1,review_required,True,0,False
30.33319,DNA dizi analizi 2-5 çift primer ile,proposed,1,1,1,review_required,True,0,False
30.34553,DNA dizi analizi 6-10 çift primer ile,diagnosis_context_only,0,0,1,review_required,True,0,True
30.35787,DNA dizi analizi 11-15 çift primer ile,proposed,1,1,1,review_required,True,0,False
30.37021,DNA dizi analizi 16-20 çift primer ile,proposed,1,1,1,review_required,True,0,False
30.38255,DNA dizi analizi-21 ve üzeri çift primer ile,proposed,1,1,1,review_required,True,0,False
30.39489,DNA dizi analizi-31 ve üzeri çift primer ile,proposed,1,1,1,review_required,True,0,False
30.40723,DNA dizi analizi-51 ve üzeri çift primer ile,proposed,1,1,1,review_required,True,0,False
30.41135,Faktör V R2 Mutasyonu (4070A>G),diagnosis_context_only,0,0,1,review_required,True,0,True
30.41546,Faktör V Leiden Mutasyonu (1691G>A),diagnosis_context_only,0,0,1,review_required,True,0,True
30.41957,MLPA (Her bir reaksiyon),proposed,2,7,1,review_required,True,5,False
30.42574,MPL W515L ve MPL W515K (MPL W515L/K) (REAL - TIME PCR),proposed,1,1,1,review_required,True,0,False
30.42882,MTHFR Geni mutasyon analizi (c.677C>T ve c.1298A>C),diagnosis_context_only,0,0,1,review_required,True,0,True
30.42899,"MODY Tip 3 (HNF1A geni), (Tüm Gen-Dizi Analizi)",diagnosis_context_only,0,0,1,review_required,True,0,True
30.42959,Nörofibromatozis 1 (NF1 geni) (Tüm Gen - Dizi Analizi),signals_only,0,2,1,review_required,True,2,True
30.42997,Nörofibromatozis 2 (NF2 geni) (Tüm Gen - Dizi Analizi),diagnosis_context_only,0,0,1,review_required,True,0,True
30.43036,PAI–1 4G/ 5G Polimorfizmi,diagnosis_context_only,0,0,1,review_required,True,0,True
30.43113,Protrombin 20210 Mutasyonu (20120G>A),diagnosis_context_only,0,0,1,review_required,True,0,True
30.43191,"PCR, her bir hedef",diagnosis_context_only,0,0,1,review_required,True,0,True
30.44425,"PCR Multipleks, 3 ve daha fazla hedef",diagnosis_context_only,0,0,1,review_required,True,0,True
30.44445,"Plazmada Metillenmiş Septin 9 DNA tespiti (Metilasyon Testi/likit biyopsi testi, Real Time 1-10 çift PCR ile)",proposed,2,2,1,review_required,True,0,False
30.45042,"Preimplantasyon genetik tanı (PGT) - FISH yöntemi ile (yapısal kromozomal düzensizlikler için), embriyo başına",diagnosis_context_only,0,0,1,review_required,True,0,True
30.45350,"Preimplantasyon genetik tanı (PGT)- Moleküler yöntemler ile (Array CGH ve benzeri) - kromozomal düzensizlikler için, embriyo başına",proposed,1,4,1,review_required,True,2,False
30.45504,"Preimplantasyon genetik tanı (PGT) - Moleküler yöntemler ile (Array CGH ve benzeri 24 kromozom ve kromozomal düzensizlikler için Paket Fiyat), hazırlık ve tüm embriyolar dahil",proposed,1,4,1,review_required,True,2,False
30.45581,"Preimplantasyon genetik tanı (PGT) – (Tek Gen hastalıkları için, hazırlık işlemleri dahil), embriyo başına",proposed,1,4,1,review_required,True,2,False
30.45659,Real time PCR bir çift primer ile,proposed,2,2,1,review_required,True,0,False
30.46893,Real time PCR 2-5 çift primer ile,proposed,2,2,1,review_required,True,0,False
30.48127,Real time PCR 6-10 çift primer ile,proposed,3,3,1,required_any,True,0,False
30.49361,Real time PCR 11 ve üzeri çift primer ile,proposed,2,2,1,review_required,True,0,False
30.50595,Reverse Transcriptase PCR,proposed,2,2,1,review_required,True,0,False
30.51829,Reverse Transcriptase PCR Multipleks,proposed,2,2,1,review_required,True,0,False
30.53063,RFLP 1 enzim,diagnosis_context_only,0,0,1,review_required,True,0,True
30.54297,RFLP 2 ve üzeri,diagnosis_context_only,0,0,1,review_required,True,0,True
30.55531,Revers Dot Blot (1-5 mutasyon),diagnosis_context_only,0,0,1,review_required,True,0,True
30.56765,Revers Dot Blot (6-12 mutasyon),diagnosis_context_only,0,0,1,review_required,True,0,True
30.57999,Revers Dot Blot (13 ve üzeri mutasyon),proposed,1,3,1,review_required,True,2,False
30.59233,STR analizi (1-5 STR aralığı için),diagnosis_context_only,0,0,1,review_required,True,0,True
30.60467,STR analizi (6-8 STR),diagnosis_context_only,0,0,1,review_required,True,0,True
30.61701,STR analizi (9-16),diagnosis_context_only,0,0,1,review_required,True,0,True
30.62935,STR analizi (17 ve üstü),diagnosis_context_only,0,0,1,review_required,True,0,True
30.62965,Tüm ekzom dizileme (WES TESTİ),diagnosis_context_only,0,0,1,review_required,True,0,True
30.64169,Array CGH (postnatal) (en az 50000 prob),diagnosis_context_only,0,0,1,review_required,True,0,True
30.65403,Array CGH (prenatal) (en az 50000 prob),proposed,1,1,1,review_required,True,0,False
30.66637,Metilasyon analizi (Tüm yöntemler ile),diagnosis_context_only,0,0,1,review_required,True,0,True
30.68488,Ailesel Meme ve Over Kanseri (BRCA1 geni) (Tüm Gen Dizi Analizi),proposed,1,4,1,required_any,False,3,False
30.68796,Ailesel Meme ve Over Kanseri (BRCA2 geni) (Tüm Gen Dizi Analizi),proposed,1,4,1,review_required,True,3,False
30.69105,"Ailevi Akdeniz Ateşi (FMF) (Sık Görülen 12 mutasyon ; E148Q, P369S, F479L, M680I (G/C), M680I (G/A), I692del, M694V, M694I, K695R, V726A, A744S ve R761H ) veya sık mutasyon görülen 4 ekzon dizi analizi",diagnosis_context_only,0,0,1,review_required,True,0,True
30.69722,Ailevi Akdeniz Ateşi (FMF) (Tüm Gen Dizi Analizi),signals_only,0,2,1,review_required,True,2,True
30.69772,"Beta Talasemi (HBB geni), (Tüm Gen-Dizi Analizi)",proposed,2,4,1,review_required,True,2,True
30.70339,Beta Talasemi (majör ve minör) I.aşama,proposed,1,3,1,review_required,True,2,True
30.71573,Beta Talasemi (majör ve minör) II. aşama,diagnosis_context_only,0,0,1,review_required,True,0,True
30.72807,Duchenne tipi musküler distrofi (DMD)/Becker tipi musküler distrofi (BMD)-delesyon analizi,diagnosis_context_only,0,0,1,required_any,True,0,True
30.74041,Duchenne tipi musküler distrofi (DMD)/Becker tipi musküler distrofi (BMD)-bağlantı analizi,diagnosis_context_only,0,0,1,required_any,True,0,True
30.75275,Frajil-X I. aşama,proposed,1,2,1,review_required,True,1,True
30.76509,Frajil-X II. aşama,diagnosis_context_only,0,0,1,review_required,True,0,True
30.77743,Hemokromatozis,diagnosis_context_only,0,0,1,review_required,True,0,True
30.77777,Kistik Fibrozis (CFTR geni) (Tüm Gen-Dizi Analizi),signals_only,0,2,1,review_required,True,2,True
30.77797,İlerleyici Ailesel İntrahepatik Kolestaz Tip 1 (PFIC1) (ATP8B1 geni) (Tüm Gen-Dizi Analizi),diagnosis_context_only,0,0,1,review_required,True,0,True
30.77807,İlerleyici Ailesel İntrahepatik Kolestaz Tip 2 (PFIC2) (ABCB11 geni) (Tüm Gen-Dizi Analizi),diagnosis_context_only,0,0,1,review_required,True,0,True
30.77827,İlerleyici Ailesel İntrahepatik Kolestaz Tip 3 (PFIC3) (ABCB4 geni) (Tüm Gen-Dizi Analizi),diagnosis_context_only,0,0,1,required_any,True,0,True
30.77847,"İlerleyici Ailesel İntrahepatik Kolestaz Tip 1, Tip 2 Paneli (PFIC1, PFIC2) (ATP8B1, ABCB11 genleri) (Tüm Gen-Dizi Analizi) (PANEL)",diagnosis_context_only,0,0,1,review_required,True,0,True
30.77867,"İlerleyici Ailesel İntrahepatik Kolestaz Tip 1, Tip 2, Tip 3 Paneli (PFIC1, PFIC2, PFIC3) (ATP8B1, ABCB11, ABCB4 genleri) (Tüm Gen - Dizi Analizi) (PANEL)",diagnosis_context_only,0,0,1,review_required,True,0,True
30.78977,Kistik fibrozis I. aşama,signals_only,0,2,1,review_required,True,2,True
30.80211,Kistik fibrozis II. aşama,diagnosis_context_only,0,0,1,review_required,True,0,True
30.80311,"Konjenital Adrenal Hiperplazi (21-Hidroksilaz Eksikliği), (CYP21A2 geni) (Tüm Gen-Dizi Analizi ve MLPA), (Anne+Baba+Çocuk, üç örnek birlikte analizi)",signals_only,0,2,1,review_required,True,2,True
30.80381,"Konjenital Adrenal Hiperplazi (21-Hidroksilaz Eksikliği), (CYP21A2 geni) (Tüm Gen-Dizi Analizi) (Nokta Mutasyonu–Aile taraması için, kişi başı)",signals_only,0,2,1,review_required,True,2,True
30.80391,"Konjenital Adrenal Hiperplazi (21-Hidroksilaz Eksikliği), (CYP21A2 geni- Aile taraması için, kişi başı) (MLPA)",signals_only,0,2,1,review_required,True,2,True
30.80828,"Multiple Myeloma, tedavi takibi, MRD (Flowcytometry)",diagnosis_context_only,0,0,1,review_required,True,0,True
30.81445,Y kromozom mikrodelesyonu,signals_only,0,2,1,review_required,True,2,True
30.82679,Alfa talasemi delesyon analizi,signals_only,0,4,1,review_required,True,4,True
30.83913,Alfa-1 antitripsin eksikliği,signals_only,0,2,1,review_required,True,2,True
30.85147,Spinal musküler atrofi (SMA) I. aşama,signals_only,0,1,1,review_required,True,1,True
30.86381,Spinal musküler atrofi (SMA) II. aşama,signals_only,0,1,1,review_required,True,1,True
30.87615,Trombofili testleri 1-test,diagnosis_context_only,0,0,1,review_required,True,0,True
30.88849,Trombofili testleri 2-4,diagnosis_context_only,0,0,1,review_required,True,0,True
30.90083,Trombofili testleri 5-11 test,diagnosis_context_only,0,0,1,review_required,True,0,True
30.91317,Trombofili testleri 12 ve üstü,diagnosis_context_only,0,0,1,review_required,True,0,True
30.93785,"KRAS mutasyon analizi (kodon 12, 13, 61, 146 mutasyonları)",proposed,1,1,1,review_required,True,0,False
30.93799,"NRAS mutasyon analizi (kodon 12, 13, 61, 146 mutasyonları)",proposed,1,1,1,review_required,True,0,False
30.95019,PDGFRA (Ekzon 12 ve 18 mutasyonları),proposed,1,1,1,review_required,True,0,False
30.95059,"Prognoztik Meme Kanseri Testi (PAM 50 Testi), (50-100 gen ve total kırpılma varyantları ekspresyon analizi)",diagnosis_context_only,0,0,1,required_any,True,0,True
30.96253,EGFR (Ekzon 18-19-20 ve 21 mutasyonları),proposed,1,1,1,review_required,True,0,False
30.97487,cKIT (Ekzon 9-11-13 ve 17 mutasyonları),diagnosis_context_only,0,0,1,review_required,True,0,True
30.98721,BRAF (V600E mutasyonu),proposed,1,1,1,review_required,True,0,False
30.98741,"BRAF (tek nokta mutasyonu), RT-PCR test",proposed,1,1,1,review_required,True,0,False
32.03572,İzometrik dinamometrik ölçüm,signals_only,0,1,1,review_required,True,1,True
32.07143,İzokinetik dinamometrik ölçüm,signals_only,0,1,1,review_required,True,1,True
32.10714,Vücut yüzde yağı ölçümü (antropometrik değerlendirme),diagnosis_context_only,0,0,1,review_required,True,0,True
32.14285,Spor hekimi danışmanlık saati,signals_only,0,1,1,review_required,True,1,True
32.17856,Kişiye özel egzersiz programı düzenleme,diagnosis_context_only,0,0,1,review_required,True,0,True
32.21427,Eklem enjeksiyonu,signals_only,0,2,1,review_required,True,2,True
32.24998,Cold pack/hot pack/parafin/infraruj,diagnosis_context_only,0,0,0,review_required,True,0,True
32.28569,Kas stimülasyonu,signals_only,0,1,1,review_required,True,1,True
32.32140,Tetik nokta / tendon kılıfı / ligament enjeksiyonu,diagnosis_context_only,0,0,0,review_required,True,0,True
32.35711,İntermittan basınçlı kompresyon,diagnosis_context_only,0,0,1,review_required,True,0,True
32.39282,"Kas, tendon, bağ yaralanmaları rehabilitasyonu",signals_only,0,3,1,required_any,True,3,True
32.42853,"Kas, tendon, bağ yaralanmaları manipülatif tedaviler",signals_only,0,2,1,required_any,True,2,True
32.46424,Teypleme (taping malzeme dahil),signals_only,0,1,1,review_required,True,1,True
32.49995,Esneklik egzersizi,signals_only,0,1,1,review_required,True,1,True
32.53566,Denge ve propriosepsiyon egzersizleri,signals_only,0,1,1,review_required,True,1,True
32.57137,Pasif eklem hareketleri egzersizleri,signals_only,0,1,1,review_required,True,1,True
32.60708,Kas gücü egzersizi (izotonik),signals_only,0,1,1,review_required,True,1,True
32.64279,Kas gücü egzersizi (izokinetik),diagnosis_context_only,0,0,1,review_required,True,0,True
32.67850,Artroskopik bağ onarımı rehabilitasyonu,proposed,1,1,1,review_required,True,0,False
32.71421,Artroskopik menisektomi rehabilitasyonu,signals_only,0,3,1,review_required,True,3,True
32.74992,Artroskopik cerrahi rehabilitasyonu (diğer eklemler),signals_only,0,3,1,review_required,True,3,True
32.78563,Proloterapi,proposed,1,1,1,review_required,True,0,False
32.82134,"TZP (trombositten zengin plazma)/PRP (platelet rich plasma) enjeksiyonu, eklem/kas/tendon içine, seansı, ilaç hariç",proposed,1,3,1,required_any,True,2,False
32.85705,"ESWT (ekstrakorporeal şok dalga tedavisi), seansı",proposed,1,4,1,review_required,True,3,False
32.89276,"Tetik nokta ozon enjeksiyonu, tek nokta, ilaç dahil",signals_only,0,2,1,review_required,True,2,True
32.92847,"Eklem içi ozon enjeksiyonu, büyük/orta/küçük, tek eklem, ilaç dahil",proposed,1,2,1,review_required,True,1,False
32.96418,Monitörizasyon altında aerobik egzersiz,diagnosis_context_only,0,0,1,not_required,False,0,True
33.02858,"HLA-ABC (serolojik, 72)",diagnosis_context_only,0,0,1,review_required,True,0,True
33.04286,"HLA-ABC (serolojik, 144)",diagnosis_context_only,0,0,1,review_required,True,0,True
33.08572,HLA-A (moleküler düşük çözünürlükte),diagnosis_context_only,0,0,1,review_required,True,0,True
33.11429,HLA-B (moleküler düşük çözünürlükte),signals_only,0,5,1,review_required,True,5,True
33.14286,HLA-C (moleküler düşük çözünürlükte),diagnosis_context_only,0,0,1,review_required,True,0,True
33.17143,HLA-DR (moleküler düşük çözünürlükte),diagnosis_context_only,0,0,1,review_required,True,0,True
33.20000,HLA-DQ (moleküler düşük çözünürlükte),diagnosis_context_only,0,0,1,review_required,True,0,True
33.22857,HLA-DP (moleküler düşük çözünürlükte),signals_only,0,5,1,review_required,True,5,True
33.25714,HLA-ABC (moleküler düşük çözünürlükte),diagnosis_context_only,0,0,1,review_required,True,0,True
33.27142,HLA-ABDR (moleküler düşük çözünürlükte),diagnosis_context_only,0,0,1,review_required,True,0,True
33.29285,"HLA-DR, DQ (moleküler düşük çözünürlükte)",diagnosis_context_only,0,0,1,review_required,True,0,True
33.31428,HLA-A (moleküler yüksek çözünürlükte),diagnosis_context_only,0,0,1,review_required,True,0,True
33.34285,HLA-B (moleküler yüksek çözünürlükte),signals_only,0,5,1,review_required,True,5,True
33.37142,HLA-C (moleküler yüksek çözünürlükte),diagnosis_context_only,0,0,1,review_required,True,0,True
33.39999,HLA-DR (moleküler yüksek çözünürlükte),diagnosis_context_only,0,0,1,review_required,True,0,True
33.42856,HLA-DQ (moleküler yüksek çözünürlükte),diagnosis_context_only,0,0,1,review_required,True,0,True
33.45713,HLA-DP (moleküler yüksek çözünürlükte),signals_only,0,5,1,review_required,True,5,True
33.47141,HLA-ABC (moleküler yüksek çözünürlükte),diagnosis_context_only,0,0,1,review_required,True,0,True
33.47855,HLA-ABDR (moleküler yüksek çözünürlükte),diagnosis_context_only,0,0,1,review_required,True,0,True
33.48212,"HLA-DR,DQ (moleküler yüksek çözünürlükte)",diagnosis_context_only,0,0,1,review_required,True,0,True
33.48570,Dört basamaklı doku tiplendirmesi (A lokus),diagnosis_context_only,0,0,1,review_required,True,0,True
33.51427,Dört basamaklı doku tiplendirmesi (B lokus),diagnosis_context_only,0,0,1,review_required,True,0,True
33.54284,Dört basamaklı doku tiplendirmesi (C lokus),diagnosis_context_only,0,0,1,review_required,True,0,True
33.57141,Dört basamaklı doku tiplendirmesi (DRB1 lokus),diagnosis_context_only,0,0,1,review_required,True,0,True
33.59998,Dört basamaklı doku tiplendirmesi (DQB1 lokus),diagnosis_context_only,0,0,1,review_required,True,0,True
33.61426,Dört basamaklı doku tiplendirmesi (DPB1 lokus),signals_only,0,5,1,review_required,True,5,True
33.62855,HLA-B5 (serolojik),signals_only,0,2,1,review_required,True,2,True
33.65712,HLA-B5 (moleküler),signals_only,0,5,1,review_required,True,5,True
33.68569,HLA-B27 (Serolojik),diagnosis_context_only,0,0,1,review_required,True,0,True
33.71426,HLA-B27 (Moleküler),signals_only,0,2,1,review_required,True,2,True
33.74283,HLA-B27 (moleküler yüksek çözünürlükte),signals_only,0,5,1,review_required,True,5,True
33.75711,"Çölyak paneli (DQ2, DQ8)",signals_only,0,2,1,review_required,True,2,True
33.77140,PRA (anti HLA antikoru) sınıf-I tarama,diagnosis_context_only,0,0,1,review_required,True,0,True
33.79997,PRA (anti HLA antikoru) sınıf-II tarama,signals_only,0,4,1,review_required,True,4,True
33.82854,PRA (anti HLA antikoru) sınıf-I tanımlama,diagnosis_context_only,0,0,1,review_required,True,0,True
33.85711,PRA (anti HLA antikoru) sınıf-II tanımlama,signals_only,0,4,1,review_required,True,4,True
33.88568,"Lenfosit çapraz karşılaştırma sitotoksisite, T, B, DTT, tek donör",signals_only,0,1,1,review_required,True,1,True
33.91425,"Lenfosit çapraz karşılaştırma sitotoksisite, T, B, DTT, AHG, tek donör",signals_only,0,1,1,review_required,True,1,True
33.94282,"Lenfosit çapraz karşılaştırma DSA luminex, tek donör",signals_only,0,1,1,review_required,True,1,True
33.97139,"Lenfosit çapraz karşılaştırma (LCM) akım sitometrisi, tek donör",signals_only,0,1,1,review_required,True,1,True
33.98569,"Aile içi uygun donör tarama, tek donör",diagnosis_context_only,0,0,1,review_required,True,0,True
34.00303,ACE (Angiotensin Converting Enzyme),diagnosis_context_only,0,0,1,review_required,True,0,True
34.00454,ACTH (Adrenokortikotropik hormon),diagnosis_context_only,0,0,0,review_required,True,0,True
34.00605,Adacık antikoru (ICA),diagnosis_context_only,0,0,0,review_required,True,0,True
34.00680,Adenovirus IgA,diagnosis_context_only,0,0,1,review_required,True,0,True
34.00718,Adenovirus IgG,signals_only,0,2,1,review_required,True,2,True
34.00727,Anti hu transglutaminaz IgG (h-t TG IgG),diagnosis_context_only,0,0,1,review_required,True,0,True
34.00737,Adenovirus IgM,signals_only,0,1,1,review_required,True,1,True
34.00756,Adenozin deaminaz,proposed,1,1,1,review_required,True,0,False
34.00907,Aktif Vitamin B-12 düzey tayini (HOLO-TC),diagnosis_context_only,0,0,1,review_required,True,0,True
34.01058,Aktive parsiyel tromboplastin zamanı (aPTZ / aPTT),diagnosis_context_only,0,0,0,review_required,True,0,True
34.01209,Aktive pıhtılaşma zamanı (ACT),diagnosis_context_only,0,0,1,review_required,True,0,True
34.01360,Aktive protein C rezistansı,diagnosis_context_only,0,0,1,review_required,True,0,True
34.01511,"Alanin aminotransferaz (ALT, SGPT)",diagnosis_context_only,0,0,0,review_required,True,0,True
34.01662,Albümin,diagnosis_context_only,0,0,0,review_required,True,0,True
34.01737,"Albümin, BOS",diagnosis_context_only,0,0,0,review_required,True,0,True
34.01813,Aldolaz,diagnosis_context_only,0,0,1,review_required,True,0,True
34.01964,Aldosteron,diagnosis_context_only,0,0,0,review_required,True,0,True
34.02115,Alfa subunit PGH,diagnosis_context_only,0,0,1,review_required,True,0,True
34.02266,Alkalen fosfataz (ALP),diagnosis_context_only,0,0,0,review_required,True,0,True
34.02417,"Alkalen fosfataz, ısı rezistans testi",diagnosis_context_only,0,0,1,review_required,True,0,True
34.02568,"Alkalen fosfataz, izoenzim elektroforezi",diagnosis_context_only,0,0,0,review_required,True,0,True
34.02719,"Alkalen fosfataz, kemik spesifik (aktivite/kütle)",diagnosis_context_only,0,0,0,review_required,True,0,True
34.02870,"Alkol (etanol), serumda",diagnosis_context_only,0,0,0,review_required,True,0,True
34.03021,Alüminyum (AAS ile),diagnosis_context_only,0,0,0,review_required,True,0,True
34.03172,Amilaz,diagnosis_context_only,0,0,0,review_required,True,0,True
34.03323,"Amilaz, pankreatik",diagnosis_context_only,0,0,1,review_required,True,0,True
34.03474,"Aminoasit profili, kantitatif (HPLC)",diagnosis_context_only,0,0,1,review_required,True,0,True
34.03625,Aminolevulinik asit (ALA),diagnosis_context_only,0,0,1,review_required,True,0,True
34.03776,"Amip antikoru, IHA",diagnosis_context_only,0,0,0,review_required,True,0,True
34.03927,Amitriptilin,diagnosis_context_only,0,0,1,review_required,True,0,True
34.04078,Amobarbital,diagnosis_context_only,0,0,1,review_required,True,0,True
34.04229,Amonyak,diagnosis_context_only,0,0,0,review_required,True,0,True
34.04417,"ANA Profil (6-10 arası) (dsDNA, RNP, SM, SS-A, SS-B, Scl-70, CENP-B, Jo-1 vb)",signals_only,0,1,1,review_required,True,1,True
34.04606,"ANA Profil 11-20 arası (dsDNA, RNP(A, C, 70), SM, SS-A (60), SS-A (52), SS-B, Scl-70, CENP-B, Jo-1, Nucleosom, Histon, PO. vb)",signals_only,0,1,1,review_required,True,1,True
34.04719,"ANA Profil 20 üzeri (nucleosom, dsDNA, histon, SM, RNO 68 D/A/C, SM/RNP, SS-A, Trim21, SS-B, Scl-70, Ku, PM/Scl, Mi-2, Jo-1, PL-7, PL-12, SRP, ribosom, CENP A/B, PCNA, SP100, gb210, M2 recombinant, M2 native, F-actin, vb)",diagnosis_context_only,0,0,1,review_required,True,0,True
34.04833,Androstenedion,diagnosis_context_only,0,0,1,review_required,True,0,True
34.04908,Angitensin I (PRA),diagnosis_context_only,0,0,1,review_required,True,0,True
34.04984,Angitensin II,diagnosis_context_only,0,0,1,review_required,True,0,True
34.05135,Anti A,diagnosis_context_only,0,0,1,review_required,True,0,True
34.05437,Anti adrenal antikor,diagnosis_context_only,0,0,1,review_required,True,0,True
34.05588,Anti B,signals_only,0,1,1,review_required,True,1,True
34.05663,Anti beta-2 glikoprotein IgA,diagnosis_context_only,0,0,1,review_required,True,0,True
34.05739,Anti beta-2 glikoprotein IgG,diagnosis_context_only,0,0,1,review_required,True,0,True
34.05890,Anti beta-2 glikoprotein IgM,diagnosis_context_only,0,0,1,review_required,True,0,True
34.06041,Anti CMV IgG,diagnosis_context_only,0,0,0,review_required,True,0,True
34.06192,Anti CMV IgM,diagnosis_context_only,0,0,0,review_required,True,0,True
34.06645,Anti ds DNA,diagnosis_context_only,0,0,0,review_required,True,0,True
34.06796,Anti düz kas antikoru (ASMA),diagnosis_context_only,0,0,0,review_required,True,0,True
34.06947,Anti endomisyum IgA,diagnosis_context_only,0,0,0,review_required,True,0,True
34.07098,Anti endomisyum IgG,diagnosis_context_only,0,0,0,review_required,True,0,True
34.07173,Anti-F-Actin IgA,signals_only,0,1,1,review_required,True,1,True
34.07249,Anti fosfatidilserin IgA,diagnosis_context_only,0,0,0,review_required,True,0,True
34.07400,Anti fosfatidilserin IgG,diagnosis_context_only,0,0,0,review_required,True,0,True
34.07551,Anti fosfatidilserin IgM,diagnosis_context_only,0,0,0,review_required,True,0,True
34.07626,Anti-fosfolipid IgG,signals_only,0,1,1,review_required,True,1,True
34.07664,Anti-fosfolipid IgM,signals_only,0,1,1,review_required,True,1,True
34.07683,Anti-fosfotidilserin/protrombin kompleks IgG,diagnosis_context_only,0,0,1,review_required,True,0,True
34.07692,Anti-fosfotidilserin/protrombin kompleks IgM,diagnosis_context_only,0,0,1,review_required,True,0,True
34.07702,Anti GAD (Glutamik asit dekarboksilaz antikoru),diagnosis_context_only,0,0,0,review_required,True,0,True
34.07853,"Anti gangliozid IgG panel (en az 7 antijen) (Sulfatid, GM1, GM2, GM3, GM4, GD1a, GD1b, GD2, GD3, GT1a, GT1b, GQ1b)",diagnosis_context_only,0,0,1,review_required,True,0,True
34.08004,"Anti gangliozid IgM panel (en az 7 antijen) (Sulfatid, GM1, GM2, GM3, GM4, GD1a, GD1b, GD2, GD3, GT1a, GT1b, GQ1b)",diagnosis_context_only,0,0,1,review_required,True,0,True
34.08155,Anti gliadin IgA,diagnosis_context_only,0,0,0,review_required,True,0,True
34.08306,Anti gliadin IgG,diagnosis_context_only,0,0,0,review_required,True,0,True
34.08457,Anti glomerül bazal membran,diagnosis_context_only,0,0,1,review_required,True,0,True
34.08608,Anti HAV IgG,diagnosis_context_only,0,0,0,review_required,True,0,True
34.08759,Anti HAV IgM,diagnosis_context_only,0,0,0,review_required,True,0,True
34.08910,Anti HBc IgG,diagnosis_context_only,0,0,0,review_required,True,0,True
34.09061,Anti HBc IgM,diagnosis_context_only,0,0,0,review_required,True,0,True
34.09212,Anti HBe,diagnosis_context_only,0,0,0,review_required,True,0,True
34.09363,Anti HBs,diagnosis_context_only,0,0,0,review_required,True,0,True
34.09514,Anti HCV,diagnosis_context_only,0,0,0,review_required,True,0,True
34.09665,Anti HDV (Anti Delta),signals_only,0,1,1,review_required,True,1,True
34.09816,Anti Hepatit E (HEV),diagnosis_context_only,0,0,0,review_required,True,0,True
34.10023,Anti HIV 1+2,signals_only,0,1,1,review_required,True,1,True
34.10127,Anti HIV 1+2+p24 antijen,diagnosis_context_only,0,0,1,review_required,True,0,True
34.10231,Anti hu transglutaminaz IgG (h-t TG IgG),signals_only,0,2,1,review_required,True,2,True
34.10250,Anti hu transglutaminaz IgA (h-t TG IgA),signals_only,0,1,1,review_required,True,1,True
34.10269,Anti İntrinsik Faktör (İntrinsik Faktör Antikoru),diagnosis_context_only,0,0,1,review_required,True,0,True
34.10420,Anti kalp kası antikoru,signals_only,0,1,1,review_required,True,1,True
34.10571,Anti kardiyolipin IgG (anti fosfolipid IgG),diagnosis_context_only,0,0,0,review_required,True,0,True
34.10722,Anti kardiyolipin IgM (anti fosfolipid IgM),diagnosis_context_only,0,0,0,review_required,True,0,True
34.10873,Anti LKM 1 Antikoru (Liver - Kidney Mikrosomal 1 Antibody),diagnosis_context_only,0,0,1,review_required,True,0,True
34.11024,Anti mitokondriyal antikor,diagnosis_context_only,0,0,0,review_required,True,0,True
34.11175,"Anti mitokondriyal antikor / Anti M2-3E ELİSA / Anti-BPO ELİSA / Anti-M2 ELİSA / Anti-M2 AMA IFA) (Pyruvate Dehydrogenase Complex), her biri",diagnosis_context_only,0,0,1,review_required,True,0,True
34.11326,Anti Mullerian hormon (AMH),diagnosis_context_only,0,0,0,review_required,True,0,True
34.11401,"Anti-Musk Antikor Testi, serumda",signals_only,0,1,1,review_required,True,1,True
34.11477,"Anti nötrofil sitoplazmik, c ANCA",diagnosis_context_only,0,0,1,review_required,True,0,True
34.11628,"Anti nötrofil sitoplazmik, p ANCA",diagnosis_context_only,0,0,1,review_required,True,0,True
34.11779,Anti nükleer antikor (ANA) (IFA),diagnosis_context_only,0,0,0,review_required,True,0,True
34.11930,"Anti nükleer antikor (ANA), (IFA) titre",signals_only,0,1,1,review_required,True,1,True
34.12081,Anti paryetal hücre antikoru (APCA),diagnosis_context_only,0,0,1,review_required,True,0,True
34.12232,Anti retikülin antikor,diagnosis_context_only,0,0,1,review_required,True,0,True
34.12383,Anti Rubella IgG,diagnosis_context_only,0,0,0,review_required,True,0,True
34.12534,Anti Rubella IgM,diagnosis_context_only,0,0,0,review_required,True,0,True
34.12609,"Anti Rubella IgG, avidite",diagnosis_context_only,0,0,1,review_required,True,0,True
34.12685,Anti Saccharomyces cerevisiae IgA (ASCA IgA),signals_only,0,1,1,review_required,True,1,True
34.12836,Anti Saccharomyces cerevisiae IgG (ASCA IgM),diagnosis_context_only,0,0,1,review_required,True,0,True
34.12987,Anti skin antikor,diagnosis_context_only,0,0,1,review_required,True,0,True
34.13138,"Anti sperm antikoru (ASA) , direkt (MAR testi)",diagnosis_context_only,0,0,0,review_required,True,0,True
34.13289,"Anti sperm antikoru (ASA) , indirekt",diagnosis_context_only,0,0,0,review_required,True,0,True
34.13364,Anti testis antikoru,proposed,1,1,1,review_required,True,0,False
34.13440,Anti tiroglobulin,diagnosis_context_only,0,0,0,review_required,True,0,True
34.13723,Anti Toksoplasma IgA,diagnosis_context_only,0,0,1,review_required,True,0,True
34.13744,Anti Toksoplasma IgG,diagnosis_context_only,0,0,1,review_required,True,0,True
34.13766,Anti Toksoplasma IgM,signals_only,0,1,1,review_required,True,1,True
34.13775,"Anti Toksoplasma, IgG avidite",diagnosis_context_only,0,0,1,review_required,True,0,True
34.13785,"Antibiyotik duyarlılık, disk difüzyon",signals_only,0,2,1,review_required,True,2,True
34.13817,"Antibiyotik duyarlılık, E test (her biri)",signals_only,0,1,1,review_required,True,1,True
34.13893,"Antibiyotik duyarlılık, fungal (her biri)",signals_only,0,1,1,review_required,True,1,True
34.14044,"Antibiyotik duyarlılık, MIC (her biri)",signals_only,0,1,1,review_required,True,1,True
34.14195,"Antibiyotik duyarlılık, mycobacterium tuberculosis, major otomatize (her biri)",signals_only,0,4,1,review_required,True,4,True
34.14270,"Antibiyotik duyarlılık, mycobacterium tuberculosis, minör otomatize (her biri)",signals_only,0,4,1,review_required,True,4,True
34.14346,Antidiüretik hormon (ADH),diagnosis_context_only,0,0,0,review_required,True,0,True
34.14421,"Antijen arama, Boğaz (Strep A)",diagnosis_context_only,0,0,1,review_required,True,0,True
34.14497,"Antijen arama (neisseria gonorrhoeae, helikobakter pilori, RSV, chlamydia), her biri",signals_only,0,1,1,review_required,True,1,True
34.14648,"Antijen arama, dışkı (adenovirüs, cryptosporidium, entamobea histolytica, giardia, nörovirüs, rotavirüs), her biri",proposed,1,2,1,review_required,True,1,False
34.14799,"Antiplazmin, alfa-2",diagnosis_context_only,0,0,1,review_required,True,0,True
34.14950,Alfa-1 antitripsin,diagnosis_context_only,0,0,1,review_required,True,0,True
34.15101,Antitrombin III,diagnosis_context_only,0,0,0,review_required,True,0,True
34.15252,"Apolipoprotein (A, B) (her biri)",diagnosis_context_only,0,0,1,review_required,True,0,True
34.15403,"Apolipoprotein E, fenotip tayini",diagnosis_context_only,0,0,1,review_required,True,0,True
34.15554,Aril sülfataz,diagnosis_context_only,0,0,1,review_required,True,0,True
34.15705,Arsenik (AAS ile),diagnosis_context_only,0,0,0,review_required,True,0,True
34.15780,Asetaminofen (Parasetamol),diagnosis_context_only,0,0,1,review_required,True,0,True
34.15818,Asetil salisilik asit (Aspirin),diagnosis_context_only,0,0,1,review_required,True,0,True
34.15837,Aspirin direnç testi,diagnosis_context_only,0,0,1,review_required,True,0,True
34.15856,Asetilkolin reseptör antikoru (AChR),diagnosis_context_only,0,0,1,review_required,True,0,True
34.16007,Asit fosfataz,diagnosis_context_only,0,0,0,review_required,True,0,True
34.16158,"Asit glukoprotein, alfa-1 (orosomukoid)",diagnosis_context_only,0,0,1,review_required,True,0,True
34.16233,Askaris lumbrikodes antikoru,diagnosis_context_only,0,0,1,review_required,True,0,True
34.16309,"Antistreptolizin O (ASO), kantitatif",diagnosis_context_only,0,0,0,review_required,True,0,True
34.16384,Antistreptolizin O (ASO) (Lateks aglutinasyon),diagnosis_context_only,0,0,0,review_required,True,0,True
34.16460,"Aspartat aminotransferaz (AST, SGOT)",diagnosis_context_only,0,0,0,review_required,True,0,True
34.16611,Aspergillus (Galaktomannan) antijen,diagnosis_context_only,0,0,0,review_required,True,0,True
34.16762,Aspergillus fumigatus antikoru IgA,diagnosis_context_only,0,0,1,review_required,True,0,True
34.16799,Aspergillus fumigatus antikoru IgG,diagnosis_context_only,0,0,1,review_required,True,0,True
34.16837,Aspergillus fumigatus antikoru IgM,diagnosis_context_only,0,0,1,review_required,True,0,True
34.16875,Astrovirus antijeni (dışkıda),diagnosis_context_only,0,0,1,review_required,True,0,True
34.16913,Atriyal natriüretik faktör,diagnosis_context_only,0,0,1,review_required,True,0,True
34.17215,B-cross laps,diagnosis_context_only,0,0,1,review_required,True,0,True
34.17366,Bakır (AAS ile),diagnosis_context_only,0,0,1,review_required,True,0,True
34.17517,Bakır (kolorimetrik),diagnosis_context_only,0,0,1,review_required,True,0,True
34.17592,Bakteri tanımlaması (Otomatize sistem),proposed,1,3,1,review_required,True,2,False
34.17630,Bakteri tanımlaması (Manual sistem),proposed,1,3,1,review_required,True,2,False
34.17668,Barbitürik asit ve türevleri,proposed,1,2,1,review_required,True,0,False
34.17819,Bartonella henselae IgG,signals_only,0,1,1,review_required,True,1,True
34.17970,Bartonella henselae IgM,signals_only,0,1,1,review_required,True,1,True
34.18045,Bence Jones proteini tarama,diagnosis_context_only,0,0,1,review_required,True,0,True
34.18121,"Bence Jones proteini, elektroforetik",diagnosis_context_only,0,0,1,review_required,True,0,True
34.18158,(1-3) Beta-D-glucan Test,diagnosis_context_only,0,0,1,review_required,True,0,True
34.18172,Beta-2 Transferrin test,signals_only,0,1,1,review_required,True,1,True
34.18272,Benzol,diagnosis_context_only,0,0,1,review_required,True,0,True
34.18347,Benzodiazepinler,diagnosis_context_only,0,0,1,review_required,True,0,True
34.18423,Bikarbonat,diagnosis_context_only,0,0,1,review_required,True,0,True
34.18574,"Bilirubin, direkt",diagnosis_context_only,0,0,0,review_required,True,0,True
34.18725,"Bilirubin, total",diagnosis_context_only,0,0,0,review_required,True,0,True
34.18876,Biyotinidaz aktivitesi,diagnosis_context_only,0,0,0,review_required,True,0,True
34.19027,Bizmut (AAS ile),diagnosis_context_only,0,0,1,review_required,True,0,True
34.19178,Blastomikoz antikoru,diagnosis_context_only,0,0,1,review_required,True,0,True
34.19329,Bordetella pertussis IgA,diagnosis_context_only,0,0,1,review_required,True,0,True
34.19480,Bordetella pertussis IgG,diagnosis_context_only,0,0,1,review_required,True,0,True
34.19631,Bordetella pertussis IgM,signals_only,0,1,1,review_required,True,1,True
34.19782,Borrelia burgdorferi IgG,diagnosis_context_only,0,0,0,review_required,True,0,True
34.19933,Borrelia burgdorferi IgM,diagnosis_context_only,0,0,0,review_required,True,0,True
34.20008,Borrelia burgdorferi (Lyme) DNA (PCR),diagnosis_context_only,0,0,1,review_required,True,0,True
34.20084,BOS protein elektroforezi,diagnosis_context_only,0,0,1,review_required,True,0,True
34.20235,"Boyalı mikroskopik inceleme, Gram, metilen mavisi, ARB, indian ink vd (her biri)",diagnosis_context_only,0,0,0,review_required,True,0,True
34.20386,"Boyasız mikroskopik inceleme, basit, karanlık saha (her biri)",diagnosis_context_only,0,0,0,review_required,True,0,True
34.20537,"Brain natriüretik peptid (pro BNP, NT-pro BNP serum)",diagnosis_context_only,0,0,0,review_required,True,0,True
34.20688,"Brucella aglutinasyon, slide (Rose Bengal)",diagnosis_context_only,0,0,0,review_required,True,0,True
34.20839,"Brucella aglutinasyon, tüp (Coombs)",diagnosis_context_only,0,0,0,review_required,True,0,True
34.20990,"Brucella aglutinasyon, tüp (Wright)",diagnosis_context_only,0,0,0,review_required,True,0,True
34.21065,Brucella IgA,diagnosis_context_only,0,0,1,review_required,True,0,True
34.21141,Brucella IgG,diagnosis_context_only,0,0,0,review_required,True,0,True
34.21292,Brucella IgM,diagnosis_context_only,0,0,0,review_required,True,0,True
34.21367,Brucella Real Time PCR,proposed,2,2,1,review_required,True,0,False
34.21443,BTA-STAT Mesane tümör antijeni,diagnosis_context_only,0,0,1,required_any,True,0,True
34.21594,Büyüme hormonu (Growth Hormon / GH / Somatotropin),diagnosis_context_only,0,0,0,review_required,True,0,True
34.22047,"C reaktif protein (CRP), kantitatif",diagnosis_context_only,0,0,0,review_required,True,0,True
34.22198,C-peptit,diagnosis_context_only,0,0,0,review_required,True,0,True
34.22349,C1 inaktivatör (C1 esteraz inhibitörü),diagnosis_context_only,0,0,1,review_required,True,0,True
34.22500,C1 Esteraz Inhibitör Aktivitesi,diagnosis_context_only,0,0,1,review_required,True,0,True
34.22575,CMV İlaç Direnç Testi (Moleküler),proposed,1,4,1,review_required,True,3,False
34.22651,CA 15-3,diagnosis_context_only,0,0,0,review_required,True,0,True
34.22802,CA 19-9,diagnosis_context_only,0,0,0,review_required,True,0,True
34.22877,CA 50,diagnosis_context_only,0,0,1,review_required,True,0,True
34.22953,CA 72-4,diagnosis_context_only,0,0,0,review_required,True,0,True
34.23094,Candida albicans IgA,diagnosis_context_only,0,0,1,review_required,True,0,True
34.23099,Candida albicans IgG,diagnosis_context_only,0,0,1,review_required,True,0,True
34.23101,Candida albicans IgM,signals_only,0,1,1,review_required,True,1,True
34.23102,Candida albicans (kantitatif),diagnosis_context_only,0,0,1,review_required,True,0,True
34.23104,CD4-CD8 (panele ilave edilen her bir parametre için birimin yarısı eklenir),diagnosis_context_only,0,0,1,review_required,True,0,True
34.23179,CDT (Carbonhydrat Deficient Transferrin),diagnosis_context_only,0,0,1,review_required,True,0,True
34.23255,CH 50,diagnosis_context_only,0,0,1,review_required,True,0,True
34.23406,Chlamydia antijeni,diagnosis_context_only,0,0,0,review_required,True,0,True
34.23481,Chlamydia pneumonia IgA,diagnosis_context_only,0,0,1,review_required,True,0,True
34.23543,Coxiella burnetii (Faz 1) IgG,signals_only,0,1,1,review_required,True,1,True
34.23557,Chlamydia pneumonia IgG,diagnosis_context_only,0,0,0,review_required,True,0,True
34.23708,Chlamydia pneumonia IgM,diagnosis_context_only,0,0,0,review_required,True,0,True
34.23745,Chlamydia pneumonia DNA (PCR),diagnosis_context_only,0,0,1,review_required,True,0,True
34.23783,Chlamydia trachomatis IgA,signals_only,0,1,1,review_required,True,1,True
34.23806,Coxiella burnetii (Faz 2) IgA,signals_only,0,1,1,review_required,True,1,True
34.23811,Chlamydia trachomatis DNA (PCR),diagnosis_context_only,0,0,1,review_required,True,0,True
34.23835,Clostridium difficile DNA (Toksin A ve B) (PCR),signals_only,0,1,1,review_required,True,1,True
34.23859,Chlamydia trachomatis IgG,diagnosis_context_only,0,0,0,review_required,True,0,True
34.24010,"Chlamydia trachomatis IgG, IFA",diagnosis_context_only,0,0,0,review_required,True,0,True
34.24038,Coxiella burnetii (Faz 1) IgA,signals_only,0,1,1,review_required,True,1,True
34.24070,Coxiella burnetii (Faz 2) IgG,signals_only,0,1,1,review_required,True,1,True
34.24161,Chlamydia trachomatis IgM,diagnosis_context_only,0,0,0,review_required,True,0,True
34.24312,"Chlamydia trachomatis IgM, IFA",diagnosis_context_only,0,0,0,review_required,True,0,True
34.24463,Civa,diagnosis_context_only,0,0,0,review_required,True,0,True
34.24614,"Clostridium difficile toksin A, B",diagnosis_context_only,0,0,0,review_required,True,0,True
34.24623,"Coxsackie (koksaki) virus, A Tip/B Tip, IgG antikoru, her biri",diagnosis_context_only,0,0,1,review_required,True,0,True
34.24689,Clopidogrel Etkinliği (plavix),diagnosis_context_only,0,0,1,review_required,True,0,True
34.24765,CMV DNA (PCR),signals_only,0,1,1,review_required,True,1,True
34.24840,CMV IgG,signals_only,0,1,1,review_required,True,1,True
34.24916,CMV IgG avidite,diagnosis_context_only,0,0,0,review_required,True,0,True
34.24918,CA 125,diagnosis_context_only,0,0,0,review_required,True,0,True
34.24919,CA 242 (kanser antijeni 242),diagnosis_context_only,0,0,0,review_required,True,0,True
34.24920,"Coxsackie (koksaki) virus, A Tip/B Tip, IgA antikoru, her biri",diagnosis_context_only,0,0,1,review_required,True,0,True
34.24991,CMV IgM,signals_only,0,1,1,review_required,True,1,True
34.25029,CMV IgM avidite,diagnosis_context_only,0,0,1,review_required,True,0,True
34.25048,CMV Viral yük,signals_only,0,1,1,review_required,True,1,True
34.25067,"Coombs, direkt",proposed,1,2,1,review_required,True,1,False
34.25091,Cross match,diagnosis_context_only,0,0,0,review_required,True,0,True
34.25218,"Coombs, indirekt",diagnosis_context_only,0,0,0,review_required,True,0,True
34.25369,"Coxsackie (koksaki)virus, A Tip/B Tip, IgM antikoru, her biri",diagnosis_context_only,0,0,1,review_required,True,0,True
34.25822,Cyclic citrullinated peptit antikoru (anti-CCP),diagnosis_context_only,0,0,0,review_required,True,0,True
34.25973,Cyfra21-1,diagnosis_context_only,0,0,1,review_required,True,0,True
34.26124,"Çinko (eritrosit/serum), AAS ile",diagnosis_context_only,0,0,0,review_required,True,0,True
34.26275,Çinko (kolorimetrik),diagnosis_context_only,0,0,1,review_required,True,0,True
34.26350,Çok uzun zincirli yağ asitleri,signals_only,0,1,1,review_required,True,1,True
34.26501,D-3 hidroksibutirat (Diyabetik ketosis ölçüm testi),diagnosis_context_only,0,0,1,review_required,True,0,True
34.26577,D-dimer (kalitatif),proposed,1,2,1,review_required,True,0,False
34.26728,D-dimer (kantitatif),proposed,1,2,1,review_required,True,0,False
34.26879,Dansite (mayi),diagnosis_context_only,0,0,1,review_required,True,0,True
34.27030,Dehidroepiandrosteron-sülfat (DHEA-S),diagnosis_context_only,0,0,1,review_required,True,0,True
34.27181,Demir,diagnosis_context_only,0,0,0,review_required,True,0,True
34.27332,Demir bağlama kapasitesi,diagnosis_context_only,0,0,0,review_required,True,0,True
34.27483,Deoksikortizol-11,diagnosis_context_only,0,0,0,review_required,True,0,True
34.27634,Deoksipridinolin,diagnosis_context_only,0,0,1,review_required,True,0,True
34.27709,Desmoglein 1,diagnosis_context_only,0,0,1,review_required,True,0,True
34.27747,Desmoglein 3,diagnosis_context_only,0,0,1,review_required,True,0,True
34.27785,Deri kazıntısında mantar arama,diagnosis_context_only,0,0,0,review_required,True,0,True
34.27936,Dışkıda hazım,diagnosis_context_only,0,0,1,review_required,True,0,True
34.28087,"Dışkıda parazit, manuel (amip, giardia, parazit aranması)",signals_only,0,1,1,review_required,True,1,True
34.28238,Dışkıda yağ tayini (kalitatif),diagnosis_context_only,0,0,0,review_required,True,0,True
34.28389,Dışkıda yağ tayini (kantitatif),proposed,1,1,1,review_required,True,0,False
34.28426,Diazepam,diagnosis_context_only,0,0,1,review_required,True,0,True
34.28445,Difenilhidantoin,diagnosis_context_only,0,0,1,review_required,True,0,True
34.28454,Digitoksin,diagnosis_context_only,0,0,1,review_required,True,0,True
34.28459,Digoksin,diagnosis_context_only,0,0,1,review_required,True,0,True
34.28464,Difteri IgG,diagnosis_context_only,0,0,1,review_required,True,0,True
34.28540,Dihidrotestosteron,diagnosis_context_only,0,0,1,review_required,True,0,True
34.28691,"Doğrulama (Konfirmasyon) testleri (Borrelia, Bordetella, EBV, Helikobakter, Parvovirus, Sifiliz, Yersinia, IgA / IgG / IgM), herbiri",diagnosis_context_only,0,0,1,review_required,True,0,True
34.28842,Doku plazminojen aktivatör (TPA),diagnosis_context_only,0,0,1,review_required,True,0,True
34.28993,Doku transglutaminaz antikoru IgA,diagnosis_context_only,0,0,1,review_required,True,0,True
34.29144,Doku transglutaminaz antikoru IgG,diagnosis_context_only,0,0,1,review_required,True,0,True
34.29295,Donmuş normal plazma hazırlanması,signals_only,0,1,1,review_required,True,1,True
34.29446,Donmuş taze plazma hazırlanması,diagnosis_context_only,0,0,0,review_required,True,0,True
34.29521,Dopamin,proposed,1,2,1,review_required,True,1,False
34.29597,"Down sendromu entegre test (PAPP-A, free beta HCG, AFP, estriol, inhibin A)",proposed,1,1,1,review_required,True,0,False
34.29748,"Down sendromu ikili tarama testi (PAPP-A, free beta HCG) (1. trimester tarama testi)",proposed,1,1,1,review_required,True,0,False
34.29899,"Down sendromu üçlü tarama testi (beta HCG, alfa fetoprotein, estriol)",proposed,1,1,1,review_required,True,0,False
34.30050,Dörtlü tarama testi,diagnosis_context_only,0,0,1,review_required,True,0,True
34.30125,DR-70 Tümör Belirteci,diagnosis_context_only,0,0,1,required_any,True,0,True
34.30352,E. coli Verotoksin antijeni (dışkıda),diagnosis_context_only,0,0,1,review_required,True,0,True
34.30427,EBV- DNA Real Time PCR,signals_only,0,1,1,review_required,True,1,True
34.30503,EBV EA,diagnosis_context_only,0,0,0,review_required,True,0,True
34.30654,EBV EBNA IgG,diagnosis_context_only,0,0,0,review_required,True,0,True
34.30805,EBV EBNA IgM,diagnosis_context_only,0,0,1,review_required,True,0,True
34.30956,EBV heterofil antikor (Paul Bunnell),diagnosis_context_only,0,0,1,review_required,True,0,True
34.31031,EBV Monospot test,diagnosis_context_only,0,0,1,review_required,True,0,True
34.31107,EBV VCA IgG,diagnosis_context_only,0,0,0,review_required,True,0,True
34.31258,EBV VCA IgM,diagnosis_context_only,0,0,0,review_required,True,0,True
34.31352,ENA (Ekstrakte edilebilir nükleer antijene karşı antikor) 6`lı profil,diagnosis_context_only,0,0,1,review_required,True,0,True
34.31409,Echovirus IgA,diagnosis_context_only,0,0,1,review_required,True,0,True
34.31500,Echovirus IgG,diagnosis_context_only,0,0,1,review_required,True,0,True
34.31567,Echovirus IgM,diagnosis_context_only,0,0,1,review_required,True,0,True
34.31607,ENA (Ekstrakte edilebilir nükleer antijene karşı antikor) her biri,diagnosis_context_only,0,0,1,review_required,True,0,True
34.31635,Ekinokok IgG,diagnosis_context_only,0,0,1,review_required,True,0,True
34.31673,Ekinokok hemaglütinasyon (Kist hidatik hemaglütinasyon),signals_only,0,1,1,review_required,True,1,True
34.31711,"ENA (Ekstrakte edilebilir nükleer antijene karşı antikor), tarama",diagnosis_context_only,0,0,0,review_required,True,0,True
34.31862,Endotelin-I,diagnosis_context_only,0,0,1,review_required,True,0,True
34.31937,"Entamobea histolitika antijeni, dışkıda",diagnosis_context_only,0,0,1,review_required,True,0,True
34.31975,Enterovirus IgA,diagnosis_context_only,0,0,1,review_required,True,0,True
34.31994,Enterovirus IgG,diagnosis_context_only,0,0,1,review_required,True,0,True
34.32003,Enterovirus IgM,diagnosis_context_only,0,0,1,review_required,True,0,True
34.32013,Eozinofil katyonik protein (ECP),diagnosis_context_only,0,0,1,review_required,True,0,True
34.32315,Epinefrin,proposed,1,2,1,review_required,True,1,False
34.32466,Eritropoetin,diagnosis_context_only,0,0,1,review_required,True,0,True
34.32617,Eritrosit süspansiyon hazırlanması,diagnosis_context_only,0,0,1,review_required,True,0,True
34.32768,Eritrosit yıkama,diagnosis_context_only,0,0,0,review_required,True,0,True
34.32919,Esrar (idrarda),diagnosis_context_only,0,0,1,review_required,True,0,True
34.33070,Estradiol (E2 / Östradiol),diagnosis_context_only,0,0,0,review_required,True,0,True
34.33221,Estriol (E3 / Östriol),diagnosis_context_only,0,0,0,review_required,True,0,True
34.33372,Estrojen / Östrojen reseptör tayini,diagnosis_context_only,0,0,1,review_required,True,0,True
34.33523,Ethosüksimid,diagnosis_context_only,0,0,1,review_required,True,0,True
34.34127,Faktör IX (PTC veya Christmas),diagnosis_context_only,0,0,1,review_required,True,0,True
34.34278,"Faktör V (proakselerin, labil faktör)",diagnosis_context_only,0,0,1,review_required,True,0,True
34.34429,"Faktör VII (prokonvertin, stabil faktör)",diagnosis_context_only,0,0,1,review_required,True,0,True
34.34580,Faktör VIII,diagnosis_context_only,0,0,0,review_required,True,0,True
34.34731,Faktör VIII ile ilişkili antijen,diagnosis_context_only,0,0,1,review_required,True,0,True
34.34882,Faktör VIII inhibitörü,diagnosis_context_only,0,0,1,review_required,True,0,True
34.35033,Faktör X (Stuart Faktör),diagnosis_context_only,0,0,1,review_required,True,0,True
34.35184,Faktör XI (PTA),diagnosis_context_only,0,0,1,review_required,True,0,True
34.35221,Faktör II (protrombin),diagnosis_context_only,0,0,0,review_required,True,0,True
34.35335,Faktör XII (Hageman),diagnosis_context_only,0,0,1,review_required,True,0,True
34.35486,Faktör XIII,diagnosis_context_only,0,0,1,review_required,True,0,True
34.35561,Fenasetin,diagnosis_context_only,0,0,1,review_required,True,0,True
34.35599,Fenobarbital,diagnosis_context_only,0,0,1,review_required,True,0,True
34.35618,Fenitoin,diagnosis_context_only,0,0,1,review_required,True,0,True
34.35637,Fenol,diagnosis_context_only,0,0,1,review_required,True,0,True
34.35788,Ferritin,diagnosis_context_only,0,0,0,review_required,True,0,True
34.35939,Fetal fibronektin (fFN),diagnosis_context_only,0,0,1,review_required,True,0,True
34.36090,"Fetoprotein, alfa (AFP)",diagnosis_context_only,0,0,0,review_required,True,0,True
34.36241,Fibrin yıkım ürünleri,diagnosis_context_only,0,0,1,review_required,True,0,True
34.36316,Fibrinojen (Faktör I),diagnosis_context_only,0,0,0,review_required,True,0,True
34.36392,Fibronektin,diagnosis_context_only,0,0,1,review_required,True,0,True
34.36543,Florür,diagnosis_context_only,0,0,1,review_required,True,0,True
34.36694,Folik asit,diagnosis_context_only,0,0,1,review_required,True,0,True
34.36845,Follikül stimülan hormon (FSH),diagnosis_context_only,0,0,0,review_required,True,0,True
34.36996,Fosfoheksoz izomeraz,diagnosis_context_only,0,0,1,review_required,True,0,True
34.37147,Fosfor,diagnosis_context_only,0,0,0,review_required,True,0,True
34.37184,Fosfolipaz A2 Reseptör,diagnosis_context_only,0,0,1,review_required,True,0,True
34.37222,Fransisella tularensis IgG,diagnosis_context_only,0,0,1,review_required,True,0,True
34.37260,Fransisella tularensis IgM,diagnosis_context_only,0,0,1,review_required,True,0,True
34.37298,"Fruktoz, semen",diagnosis_context_only,0,0,1,review_required,True,0,True
34.37449,Fruktozamin,diagnosis_context_only,0,0,0,review_required,True,0,True
34.37600,FTA-ABS Floresan treponemal antikor absorbsiyon,diagnosis_context_only,0,0,0,review_required,True,0,True
34.38204,Galaktoz,diagnosis_context_only,0,0,1,review_required,True,0,True
34.38355,Galaktoz-1-fosfat üridil transferaz,diagnosis_context_only,0,0,1,review_required,True,0,True
34.38506,Gamaglutamil transferaz (GGT),diagnosis_context_only,0,0,0,review_required,True,0,True
34.38581,"Gangliozid IgG panel (en az 7 antijen) (Sulfatid, GM1, GM2, GM3, GM4, GD1a, GD1b, GD2, GD3, GT1a, GT1b, GQ1b)",diagnosis_context_only,0,0,1,review_required,True,0,True
34.38619,"Gangliozid IgM panel (en az 7 antijen) (Sulfatid, GM1, GM2, GM3, GM4, GD1a, GD1b, GD2, GD3, GT1a, GT1b, GQ1b)",diagnosis_context_only,0,0,1,review_required,True,0,True
34.38657,Gastrin,diagnosis_context_only,0,0,1,review_required,True,0,True
34.38808,"Gastropanel test (pepsinojen I, pepsinojen II, gastrin-17, helikobakter pilori antikoru çalışılması ve değerlendirme sonucu dahil)",diagnosis_context_only,0,0,1,review_required,True,0,True
34.38838,Genişletilmiş Spektrumlu Beta Laktamaz (esbl)ve enerjisi (e-testi),proposed,1,2,1,review_required,True,1,False
34.38858,"Genişletilmiş Spektrumlu Beta Laktamaz (esbl), difüzyon antibiyogram disk ile",proposed,1,2,1,review_required,True,1,False
34.38883,"Genital Panel (En az 5 test; Chlamydia trachomatis, Neisseria gonorrhoeae, Mycoplasma genitalium, Trichomonas vaginalis, Gardnerella vaginalis, Ureaplasma urealyticum/parvum, Herpes simplex virus 1/2)",proposed,1,2,1,review_required,True,1,False
34.38959,"Gizli kan, dışkı",diagnosis_context_only,0,0,0,review_required,True,0,True
34.39110,Glukagon,diagnosis_context_only,0,0,0,review_required,True,0,True
34.39261,Glukohemoglobin (HbA1c),diagnosis_context_only,0,0,0,review_required,True,0,True
34.39563,"Glukoz (kan şekeri/akş), laboratuvar/hasta başı",diagnosis_context_only,0,0,0,review_required,True,0,True
34.39638,"Glukoz tolerans testi, oral (standart OGTT), (2 kan örneği ile)",signals_only,0,1,1,review_required,True,1,True
34.39714,"Glukoz tolerans testi, oral (OGTT), standart (5 kan örneği ile)",diagnosis_context_only,0,0,1,review_required,True,0,True
34.39865,Glukoz-6 fosfat dehidrogenaz (G6PD),diagnosis_context_only,0,0,1,review_required,True,0,True
34.40016,Glukozaminoglikan,diagnosis_context_only,0,0,1,review_required,True,0,True
34.40167,"Glukozidaz, alfa-1",signals_only,0,2,1,review_required,True,2,True
34.40318,Glutamat dehidrogenaz (GLDH),diagnosis_context_only,0,0,0,review_required,True,0,True
34.40393,Gp 210 (Integral Protein of Nuclear),diagnosis_context_only,0,0,1,review_required,True,0,True
34.40469,Glutatyon peroksidaz,diagnosis_context_only,0,0,1,review_required,True,0,True
34.40481,"GnRH (LH-RH) Stimülasyon Testi, tüm işlem",diagnosis_context_only,0,0,0,review_required,True,0,True
34.40544,Gruber Widal Aglutinasyonu (8 Antijen),signals_only,0,1,1,review_required,True,1,True
34.40620,Grup A streptokok tayini (lateks veya ELISA),diagnosis_context_only,0,0,0,review_required,True,0,True
34.40846,H-FABP (Kalp tipi yağ asidi bağlayıcı protein),diagnosis_context_only,0,0,1,review_required,True,0,True
34.40922,HAM testi,signals_only,0,1,1,review_required,True,1,True
34.40997,Hantavirus Puumala IgG,diagnosis_context_only,0,0,1,review_required,True,0,True
34.41035,Hantavirus Puumala IgM,diagnosis_context_only,0,0,1,review_required,True,0,True
34.41073,Haptoglobin,diagnosis_context_only,0,0,0,review_required,True,0,True
34.41110,HDV antijen,signals_only,0,1,1,review_required,True,1,True
34.41224,HbA2 (kolon ile) (tam kan),diagnosis_context_only,0,0,1,review_required,True,0,True
34.41375,HBe Ag,signals_only,0,1,1,review_required,True,1,True
34.41526,HBs Ag,signals_only,0,1,1,review_required,True,1,True
34.41601,HBsAg kantitatif,diagnosis_context_only,0,0,1,review_required,True,0,True
34.41677,"HBV DNA, viral yük",diagnosis_context_only,0,0,0,review_required,True,0,True
34.41828,HCV DNA Genotiplendirme (25 ve daha fazla genotip için),diagnosis_context_only,0,0,0,review_required,True,0,True
34.41903,HCV DNA Genotiplendirme (24 ve daha az genotip için),signals_only,0,1,1,review_required,True,1,True
34.41979,"HCV RNA, viral yük",diagnosis_context_only,0,0,0,review_required,True,0,True
34.42054,HBV İlaç Direnc Testi,proposed,1,4,1,review_required,True,3,False
34.42130,HDL-kolesterol,diagnosis_context_only,0,0,0,review_required,True,0,True
34.42281,HDV RNA,diagnosis_context_only,0,0,0,review_required,True,0,True
34.42432,HE4 (Human epididimis protein 4) Antijeni,diagnosis_context_only,0,0,1,review_required,True,0,True
34.42583,HE4+CA125 (ROMA Değerlendirme sonucu dahil),diagnosis_context_only,0,0,1,review_required,True,0,True
34.42734,"Helikobakter antijeni (HpSA), dışkı",signals_only,0,1,1,review_required,True,1,True
34.42885,Helikobakter pilori IgA,diagnosis_context_only,0,0,1,review_required,True,0,True
34.43036,Helikobakter pilori IgG,diagnosis_context_only,0,0,1,review_required,True,0,True
34.43073,Helicobacter pylori DNA (PCR),diagnosis_context_only,0,0,1,review_required,True,0,True
34.43149,Helikobakter Üre nefes testi,signals_only,0,1,1,review_required,True,1,True
34.43187,Hemoglobin elektroforezi,signals_only,0,1,1,review_required,True,1,True
34.43338,Hemosiderin,diagnosis_context_only,0,0,1,review_required,True,0,True
34.43489,Heparin,diagnosis_context_only,0,0,1,review_required,True,0,True
34.43791,Herpes simpleks tip 1 IgG,diagnosis_context_only,0,0,0,review_required,True,0,True
34.43942,Herpes simpleks tip 1 IgM,diagnosis_context_only,0,0,0,review_required,True,0,True
34.44395,Herpes simpleks tip 2 IgG,diagnosis_context_only,0,0,0,review_required,True,0,True
34.44546,Herpes simpleks tip 2 IgM,diagnosis_context_only,0,0,0,review_required,True,0,True
34.44697,"Hidroksibütirat dehidrogenaz, alfa (HBDH)",diagnosis_context_only,0,0,1,review_required,True,0,True
34.44848,"Hidroksiindolasetik asit, 5-(HIAA)",diagnosis_context_only,0,0,1,review_required,True,0,True
34.44999,"Hidroksiprogesteron, 17-",diagnosis_context_only,0,0,1,review_required,True,0,True
34.45150,Hidroksiprolin,diagnosis_context_only,0,0,1,review_required,True,0,True
34.45225,Histamin,diagnosis_context_only,0,0,0,review_required,True,0,True
34.45263,Histoplasma antijeni,diagnosis_context_only,0,0,1,review_required,True,0,True
34.45301,Histoplasma antikoru,diagnosis_context_only,0,0,1,review_required,True,0,True
34.45376,HIV İlaç Direnç Testi,proposed,1,4,1,review_required,True,3,False
34.45395,HIV-RNA Viral yük (Kantitatif) (Real-Time PCR),signals_only,0,1,1,review_required,True,1,True
34.45414,HLA B5 (serolojik),diagnosis_context_only,0,0,1,review_required,True,0,True
34.45433,HLA B5 (moleküler),signals_only,0,5,1,review_required,True,5,True
34.45442,HLA-B27 (Serolojik / FC yöntemi),diagnosis_context_only,0,0,1,review_required,True,0,True
34.45447,HLA-B27 (Moleküler / PCR yöntemi),signals_only,0,2,1,review_required,True,2,True
34.45449,HLA B51 (serolojik),diagnosis_context_only,0,0,1,review_required,True,0,True
34.45450,HLA B51 (moleküler),signals_only,0,5,1,review_required,True,5,True
34.45452,Homogentisik asit (FeCl3 ile),diagnosis_context_only,0,0,1,review_required,True,0,True
34.45603,Homogentisik asit (İTK ile),diagnosis_context_only,0,0,1,review_required,True,0,True
34.45754,Homosistein,diagnosis_context_only,0,0,1,review_required,True,0,True
34.45905,Homosistin,diagnosis_context_only,0,0,1,review_required,True,0,True
34.46056,Homovanilik asit (HVA),diagnosis_context_only,0,0,1,review_required,True,0,True
34.46207,HPV DNA,signals_only,0,1,1,review_required,True,1,True
34.46358,HPV DNA Genotiplendirme (25 ve daha fazla genotip için),diagnosis_context_only,0,0,1,review_required,True,0,True
34.46433,HPV DNA Genotiplendirme (24 ve daha az genotip için),diagnosis_context_only,0,0,1,review_required,True,0,True
34.46509,"Hs-CRP (high sensitive), kantitatif",diagnosis_context_only,0,0,0,review_required,True,0,True
34.46584,"HSV Tip 1, Tip 2 DNA (PCR), (Her biri)",signals_only,0,1,1,review_required,True,1,True
34.46603,"Human Herpes virüs 6 (HHV 6) DNA (PCR), BOS",signals_only,0,1,1,review_required,True,1,True
34.46660,Human Plasental Laktojen (hPL),diagnosis_context_only,0,0,1,review_required,True,0,True
34.46735,Hyaluronik asit düzeyi,diagnosis_context_only,0,0,1,review_required,True,0,True
34.46962,İdrar tahlili (strip ve mikroskopi),diagnosis_context_only,0,0,0,review_required,True,0,True
34.47037,İdrar ozmolalitesi tayini,diagnosis_context_only,0,0,0,review_required,True,0,True
34.47113,İdrarda gebelik testi,diagnosis_context_only,0,0,0,required_any,True,0,True
34.47264,IgA (Immunglobulin A),diagnosis_context_only,0,0,0,review_required,True,0,True
34.47415,IgA alt grupları,diagnosis_context_only,0,0,1,review_required,True,0,True
34.47566,IgD,signals_only,0,2,1,review_required,True,2,True
34.47717,IgE (Immunglobulin E),diagnosis_context_only,0,0,1,review_required,True,0,True
34.47868,IGFBP-3,diagnosis_context_only,0,0,1,review_required,True,0,True
34.48019,IgG (Immunglobulin G),diagnosis_context_only,0,0,0,review_required,True,0,True
34.48170,"IgG (Immunglobulin G) alt grupları (IgG1 /IgG2 / IgG3 / IgG4), her biri",diagnosis_context_only,0,0,1,review_required,True,0,True
34.48321,IgG indeksi,proposed,1,2,1,review_required,True,1,True
34.48472,IgM (Immunglobulin M),diagnosis_context_only,0,0,0,review_required,True,0,True
34.48623,İdrar dansitesi (idrar),diagnosis_context_only,0,0,1,review_required,True,0,True
34.48774,İdrarda redüktan madde (idrar),proposed,1,1,1,review_required,True,0,False
34.48925,İlaç düzeyi (her bir ilaç için),signals_only,0,1,1,review_required,True,1,True
34.49076,İlaç düzeyi (HPLC),proposed,1,3,1,review_required,True,2,False
34.49151,Imatinib,diagnosis_context_only,0,0,1,review_required,True,0,True
34.49189,İmmünoreaktif Tripsin (IRT),diagnosis_context_only,0,0,1,review_required,True,0,True
34.49227,"İmmün kompleks; C1q, C1r, C1s, C4 bağlayıcı protein (her biri)",signals_only,0,1,1,review_required,True,1,True
34.49378,İmmünelektroforez,diagnosis_context_only,0,0,1,review_required,True,0,True
34.49529,İmmünfenotiplendirme,diagnosis_context_only,0,0,1,review_required,True,0,True
34.49680,İmmünfiksasyon elektroforezi,diagnosis_context_only,0,0,1,review_required,True,0,True
34.49700,"İmmün supresan düzeyi tayini (everolimus, tacrolimus, sirolimus, siklosiporin, vb), LC-MS/MS yöntemi ile, her biri",proposed,1,1,1,review_required,True,0,False
34.49755,Influenza A virus IgA,diagnosis_context_only,0,0,1,review_required,True,0,True
34.49793,Influenza A virus IgG,diagnosis_context_only,0,0,1,review_required,True,0,True
34.49812,Influenza A virus IgM,diagnosis_context_only,0,0,1,review_required,True,0,True
34.49821,Influenza (influenza) A+B antijeni,diagnosis_context_only,0,0,1,review_required,True,0,True
34.49823,Influenza A H1N1 PCR,signals_only,0,1,1,review_required,True,1,True
34.49824,"Influenza A, B, H1N1 Multiplex PCR",signals_only,0,1,1,review_required,True,1,True
34.49826,Influenza B virus IgA,diagnosis_context_only,0,0,1,review_required,True,0,True
34.49828,Influenza B virus IgG,diagnosis_context_only,0,0,1,review_required,True,0,True
34.49829,Influenza B virus IgM,diagnosis_context_only,0,0,1,review_required,True,0,True
34.49982,İnhibin A,diagnosis_context_only,0,0,1,review_required,True,0,True
34.50133,İnhibin B,diagnosis_context_only,0,0,1,review_required,True,0,True
34.50284,İnsülin,diagnosis_context_only,0,0,0,review_required,True,0,True
34.50435,İnsülin antikoru,diagnosis_context_only,0,0,1,review_required,True,0,True
34.50586,"İnterleukin (1, 2, 6, 8, 10) (her biri)",diagnosis_context_only,0,0,1,review_required,True,0,True
34.50737,İnterleukin 2 reseptör antikoru,diagnosis_context_only,0,0,1,review_required,True,0,True
34.50888,İnterleukin 28-B RT-PCR,diagnosis_context_only,0,0,1,review_required,True,0,True
34.51190,İyot (idrarda),diagnosis_context_only,0,0,1,review_required,True,0,True
34.51341,İzositrat dehidrogenaz,signals_only,0,1,1,review_required,True,1,True
34.51643,Kabakulak (Mumps) IgG,diagnosis_context_only,0,0,0,review_required,True,0,True
34.51794,Kabakulak (Mumps) IgM,diagnosis_context_only,0,0,0,review_required,True,0,True
34.51945,Kadmiyum (AAS ile),diagnosis_context_only,0,0,1,review_required,True,0,True
34.52096,Kalprotektin (dışkıda),diagnosis_context_only,0,0,1,review_required,True,0,True
34.52247,Kalsitonin,diagnosis_context_only,0,0,0,review_required,True,0,True
34.52322,Kan grubu (Jel Sentrifugasyonu-Forward-Reverse),proposed,1,2,1,review_required,True,0,False
34.52398,Kalsiyum,diagnosis_context_only,0,0,0,review_required,True,0,True
34.52549,"Kalsiyum, iyonize",diagnosis_context_only,0,0,0,review_required,True,0,True
34.52624,Kamfilobakter jejuni (Campylobacter jejuni) IgA,diagnosis_context_only,0,0,1,review_required,True,0,True
34.52662,Kamfilobakter jejuni (Campylobacter jejuni) IgG,diagnosis_context_only,0,0,1,review_required,True,0,True
34.52681,Kamfilobakter jejuni (Campylobacter jejuni) IgM,diagnosis_context_only,0,0,1,review_required,True,0,True
34.52700,"Kan gazları ve elektrolit (pH, pCO2, pO2, O2 satürasyonu, HCO3, Na, K, Cl, Laktat) ölçümü ve takibi, günlük",proposed,1,2,1,not_required,False,1,False
34.52851,Kan grubu (ABO)+Rh,diagnosis_context_only,0,0,0,review_required,True,0,True
34.53002,Kan pH,diagnosis_context_only,0,0,1,review_required,True,0,True
34.53077,Kan grubu subgrupları her biri,signals_only,0,1,1,review_required,True,1,True
34.53153,Kan sayımı (Tam kan sayımı / Hemogram / CBC),diagnosis_context_only,0,0,0,review_required,True,0,True
34.53455,Kanama zamanı,diagnosis_context_only,0,0,1,review_required,True,0,True
34.53530,Kandida albikans IgA,diagnosis_context_only,0,0,1,review_required,True,0,True
34.53568,Kandida albikans IgG,diagnosis_context_only,0,0,1,review_required,True,0,True
34.53587,Kandida albikans IgM,diagnosis_context_only,0,0,1,review_required,True,0,True
34.53596,Kandida antijen (kantitatif),diagnosis_context_only,0,0,1,review_required,True,0,True
34.53757,Kappa hafif zincir,diagnosis_context_only,0,0,1,review_required,True,0,True
34.53832,Karbamazepin,diagnosis_context_only,0,0,1,review_required,True,0,True
34.53908,"Karbonmonoksit, (karboksihemoglobin)",diagnosis_context_only,0,0,1,review_required,True,0,True
34.54059,Karoten (b-karoten),diagnosis_context_only,0,0,1,review_required,True,0,True
34.54210,Karsinoembriyojenik antijen (CEA),signals_only,0,1,1,review_required,True,1,True
34.54361,Katekolaminler (tüm parametreler),diagnosis_context_only,0,0,0,review_required,True,0,True
34.54512,"Keton cisimleri, idrar",proposed,1,2,1,review_required,True,1,False
34.54663,"Keton cisimleri, serum",proposed,1,2,1,review_required,True,0,False
34.54814,"Ketosteroidler, 17-(17-KS) , total",diagnosis_context_only,0,0,1,review_required,True,0,True
34.54965,Kızamık (Rubeola) IgG,diagnosis_context_only,0,0,0,review_required,True,0,True
34.55116,Kızamık (Rubeola) IgM,diagnosis_context_only,0,0,0,review_required,True,0,True
34.55132,"Kimerizm Testi, PCR İle (nakil öncesi)",diagnosis_context_only,0,0,1,review_required,True,0,True
34.55267,Kinidin,diagnosis_context_only,0,0,1,review_required,True,0,True
34.55418,Klor (Cl),diagnosis_context_only,0,0,1,review_required,True,0,True
34.55493,Klozapin,diagnosis_context_only,0,0,1,review_required,True,0,True
34.55569,Kobalt (AAS ile),diagnosis_context_only,0,0,1,review_required,True,0,True
34.55720,Koksidioidez antikoru,diagnosis_context_only,0,0,1,review_required,True,0,True
34.55795,Koksiella burnetii (Faz 1) IgA,signals_only,0,1,1,review_required,True,1,True
34.55833,Koksiella burnetii (Faz 1) IgG,signals_only,0,1,1,review_required,True,1,True
34.55852,Koksiella burnetii (Faz 2) IgA,signals_only,0,1,1,review_required,True,1,True
34.55861,Koksiella burnetii (Faz 2) IgG,signals_only,0,1,1,review_required,True,1,True
34.55866,Kolestanol,diagnosis_context_only,0,0,0,review_required,True,0,True
34.55871,"Kolesterol, serum total",diagnosis_context_only,0,0,0,review_required,True,0,True
34.56022,Kolinesteraz,diagnosis_context_only,0,0,0,review_required,True,0,True
34.56173,Kollajen ADP (tam otomatik cihazda trombosit agregasyonu),diagnosis_context_only,0,0,1,review_required,True,0,True
34.56324,Kollajen epinefrin (tam otomatik cihazda trombosit agregasyonu),diagnosis_context_only,0,0,1,review_required,True,0,True
34.56475,Kollajen Tip I C terminal,diagnosis_context_only,0,0,0,review_required,True,0,True
34.56626,"Kompleman C3, 4 (her biri)",diagnosis_context_only,0,0,1,review_required,True,0,True
34.56777,Koproporfirin,diagnosis_context_only,0,0,1,review_required,True,0,True
34.56928,Kortizol,diagnosis_context_only,0,0,0,review_required,True,0,True
34.57079,"Kortizol, serbest",proposed,3,3,1,review_required,True,0,True
34.57230,"Koryonik gonadotropin, beta subünitesi (b-hCG)",diagnosis_context_only,0,0,1,review_required,True,0,True
34.57381,"Koryonik gonadotropin, idrar (Beta HCG)",diagnosis_context_only,0,0,1,review_required,True,0,True
34.57532,Kreatin,diagnosis_context_only,0,0,1,review_required,True,0,True
34.57683,"Kreatin kinaz (CK) , (CPK) , total",diagnosis_context_only,0,0,0,review_required,True,0,True
34.57834,Kreatin kinaz izoenzimleri,diagnosis_context_only,0,0,0,review_required,True,0,True
34.57985,Kreatin kinaz-MB (CK-MB),diagnosis_context_only,0,0,1,review_required,True,0,True
34.58136,"Kreatin kinaz-MB izoenzimi (CK-MB, mass)",diagnosis_context_only,0,0,1,review_required,True,0,True
34.58287,Kreatinin,diagnosis_context_only,0,0,0,review_required,True,0,True
34.58438,Kreatinin klirens,diagnosis_context_only,0,0,0,review_required,True,0,True
34.58589,Kriyofibrinojen,diagnosis_context_only,0,0,1,review_required,True,0,True
34.58740,Kriyoglobulin,diagnosis_context_only,0,0,1,review_required,True,0,True
34.58891,Krom (AAS ile),diagnosis_context_only,0,0,0,review_required,True,0,True
34.59042,Kromogranin A,diagnosis_context_only,0,0,1,review_required,True,0,True
34.59193,Ksiloz emilim testi,diagnosis_context_only,0,0,1,review_required,True,0,True
34.59344,Kurşun (AAS ile),diagnosis_context_only,0,0,0,review_required,True,0,True
34.59495,"Kurşun, saç (AAS ile)",proposed,1,2,1,review_required,True,0,False
34.59646,"Kültür, aerob (boğaz, idrar, balgam, burun, dışkı, vajen, konjonktiva, kulak, kateter, vücut-eklem sıvıları, yara-pü, üretral akıntı vb), her biri",diagnosis_context_only,0,0,1,review_required,True,0,True
34.59797,"Kültür, aerob, BOS",diagnosis_context_only,0,0,1,review_required,True,0,True
34.59948,"Kültür, aerob, diğer (brucella, ureaplasma, mycoplasma, legionella, chlamydia, safra, kemik İliği, campylobacter, vibrio), her biri",diagnosis_context_only,0,0,1,review_required,True,0,True
34.60099,"Kültür, aerob, kan, manuel",proposed,1,2,1,review_required,True,1,False
34.60250,"Kültür, aerob, kan, otomatize",proposed,1,2,1,review_required,True,0,False
34.60401,"Kültür, anaerob (kateter, vücut sıvıları, yara, bronkoalveoler lavaj vb), her biri",diagnosis_context_only,0,0,1,review_required,True,0,True
34.60552,"Kültür, anaerob, kan, manuel",diagnosis_context_only,0,0,0,review_required,True,0,True
34.60703,"Kültür, anaerob, kan, otomatize",diagnosis_context_only,0,0,0,review_required,True,0,True
34.60854,"Kültür, anaerob, manuel",signals_only,0,1,1,review_required,True,1,True
34.61005,"Kültür, anaerob, otomatize",proposed,1,2,1,review_required,True,0,False
34.61156,"Kültür, fungal, manuel",diagnosis_context_only,0,0,0,review_required,True,0,True
34.61307,"Kültür, mikobakteri, manuel",diagnosis_context_only,0,0,0,review_required,True,0,True
34.61458,"Kültür, mikobakteri, otomatize",diagnosis_context_only,0,0,0,review_required,True,0,True
34.61609,"Kültür, parazit (leishmania, trichomonas, entamoeba histolytica), her biri",proposed,1,2,1,review_required,True,1,False
34.61800,Lakozamid (serum/plazma) düzeyi,diagnosis_context_only,0,0,0,review_required,True,0,True
34.61911,Laktat (Laktik asit),diagnosis_context_only,0,0,0,review_required,True,0,True
34.62062,Laktat dehidrogenaz (LD / LDH),diagnosis_context_only,0,0,0,review_required,True,0,True
34.62213,Laktat dehidrogenaz izoenzim elektroforezi,diagnosis_context_only,0,0,1,review_required,True,0,True
34.62288,Laktoz intolerans testi (biyopsiden),proposed,1,2,1,review_required,True,0,False
34.62364,Lambda hafif zincir,diagnosis_context_only,0,0,1,review_required,True,0,True
34.62439,Levetiracetam,diagnosis_context_only,0,0,1,review_required,True,0,True
34.62515,Lamotrigine,diagnosis_context_only,0,0,1,review_required,True,0,True
34.62590,LC-1 Antijeni (Cytosolic Liver Antigen Type1),diagnosis_context_only,0,0,1,review_required,True,0,True
34.62605,"L-Dopa - Growth Hormon (GH) uyarı testi, tüm işlem",diagnosis_context_only,0,0,0,review_required,True,0,True
34.62666,LDL-Kolesterol,diagnosis_context_only,0,0,0,review_required,True,0,True
34.62817,LE hücresi,proposed,1,2,1,review_required,True,0,False
34.62968,Legionella antijeni,diagnosis_context_only,0,0,0,review_required,True,0,True
34.63270,Legionella pneumophila IgG,diagnosis_context_only,0,0,0,review_required,True,0,True
34.63421,Legionella pneumophila IgM,diagnosis_context_only,0,0,0,review_required,True,0,True
34.63496,Legionella pneumophila DNA (PCR),diagnosis_context_only,0,0,1,review_required,True,0,True
34.63572,Leishmania hemaglütinasyon,signals_only,0,1,1,review_required,True,1,True
34.63647,Leishmania IgG,diagnosis_context_only,0,0,1,review_required,True,0,True
34.63723,Lenfoma Paneli (21 ve üzeri monoklonal antikor için),proposed,1,3,1,review_required,True,2,False
34.63798,Lenfoma Paneli (20 ve daha az monoklonal antikor için),proposed,1,3,1,review_required,True,2,False
34.63874,Lenfosit alt grupları (immünfenotiplendirme),proposed,1,2,1,review_required,True,1,False
34.64025,Leptin,diagnosis_context_only,0,0,1,review_required,True,0,True
34.64176,Leptospira aglutinasyonu,diagnosis_context_only,0,0,1,review_required,True,0,True
34.64327,Leptospira IgG,diagnosis_context_only,0,0,1,review_required,True,0,True
34.64402,Leptospira IgM,signals_only,0,1,1,review_required,True,1,True
34.64478,"Lesitin-sfingomiyelin oranı (L/S oranı), amniyon sıvısında",signals_only,0,1,1,review_required,True,1,True
34.64629,Lidokain,diagnosis_context_only,0,0,1,review_required,True,0,True
34.64780,Lipaz,diagnosis_context_only,0,0,0,review_required,True,0,True
34.64931,Lipoprotein (lipid) elektroforezi,diagnosis_context_only,0,0,0,review_required,True,0,True
34.65082,Listeria grup aglutinasyon,diagnosis_context_only,0,0,1,review_required,True,0,True
34.65157,Listeria monocytogenes DNA (PCR),diagnosis_context_only,0,0,1,review_required,True,0,True
34.65233,Lityum,diagnosis_context_only,0,0,0,review_required,True,0,True
34.65384,Lizozim,diagnosis_context_only,0,0,1,review_required,True,0,True
34.65459,"Lizozom Enzim Paneli testi (Aril sülfataz A, Beta Heksozaminidaz A, Beta- Heksozaminidaz A-B, Asit Beta Galaktosidaz), Pediatrik metabolizma hastalıklarında",diagnosis_context_only,0,0,1,review_required,True,0,True
34.65535,Lökosit alkalen fosfataz,diagnosis_context_only,0,0,1,review_required,True,0,True
34.65686,Lösemi paneli,signals_only,0,1,1,review_required,True,1,True
34.65837,Lösin aminopeptidaz (LAP),diagnosis_context_only,0,0,1,review_required,True,0,True
34.65988,Lp (a),diagnosis_context_only,0,0,1,review_required,True,0,True
34.66063,Lp-PLA2 (PLAC Test),diagnosis_context_only,0,0,1,review_required,True,0,True
34.66139,Lupus antikoagülanları,signals_only,0,1,1,review_required,True,1,True
34.66290,Luteinizan hormon (LH),diagnosis_context_only,0,0,0,review_required,True,0,True
34.66516,M2-3E (BPO),diagnosis_context_only,0,0,1,review_required,True,0,True
34.66592,"Magnezyum, serum/plazma",diagnosis_context_only,0,0,0,review_required,True,0,True
34.66667,"Magnezyum (eritrosit/lökosit), AAS ile",diagnosis_context_only,0,0,0,review_required,True,0,True
34.66743,Majör Anti-Tüberküloz İlaç Duyarlılık Testi (her biri),diagnosis_context_only,0,0,0,review_required,True,0,True
34.66894,"Makroglobulin, alfa-2",diagnosis_context_only,0,0,1,review_required,True,0,True
34.67045,Makroprolaktin tarama testi,diagnosis_context_only,0,0,1,review_required,True,0,True
34.67196,Mangan (AAS ile),diagnosis_context_only,0,0,1,review_required,True,0,True
34.67271,Mantar tanımlaması (Otomatize sistem),signals_only,0,1,1,review_required,True,1,True
34.67309,Mantar tanımlaması (Manuel sistem),signals_only,0,1,1,review_required,True,1,True
34.67328,Mantar Kültürü (Maya),diagnosis_context_only,0,0,1,review_required,True,0,True
34.67337,Mantar Kültürü (Maya + Küf),signals_only,0,1,1,review_required,True,1,True
34.67342,Measles (Kızamık) Virus Real Time PCR,proposed,2,2,1,review_required,True,0,False
34.67347,Melatonin,diagnosis_context_only,0,0,0,review_required,True,0,True
34.67498,"Mesane kanseri antijen testi ImmunoCyt (IFA) (idrarda m344, LDQ ve CEA antijen tespiti)",diagnosis_context_only,0,0,1,required_any,False,0,True
34.67649,Metabolik tarama genişletilmiş panel (Tandem MS yöntemiyle),diagnosis_context_only,0,0,1,review_required,True,0,True
34.67800,Metadon (idrarda),diagnosis_context_only,0,0,1,review_required,True,0,True
34.67951,Metamfetamin (İdrarda),diagnosis_context_only,0,0,1,review_required,True,0,True
34.68102,Metanefrin,diagnosis_context_only,0,0,1,review_required,True,0,True
34.68253,Methemoglobin,diagnosis_context_only,0,0,1,review_required,True,0,True
34.68404,Metilmalonik asit,diagnosis_context_only,0,0,1,review_required,True,0,True
34.68555,Metotreksat,diagnosis_context_only,0,0,1,review_required,True,0,True
34.68630,Mezotelyoma Kanser Antijeni Testi (Mezomark),diagnosis_context_only,0,0,1,required_any,True,0,True
34.68706,"Mide suyu analizi (HCL-serbest, total asidite, pH)",diagnosis_context_only,0,0,1,review_required,True,0,True
34.68857,Mikroalbumin,diagnosis_context_only,0,0,1,review_required,True,0,True
34.69008,"Mikroglobulin, beta-2",diagnosis_context_only,0,0,1,review_required,True,0,True
34.69159,Minör Anti-Tüberküloz İlaç Duyarlılık Testi (her biri),diagnosis_context_only,0,0,0,review_required,True,0,True
34.69310,"Miyelin basic protein, BOS",diagnosis_context_only,0,0,1,review_required,True,0,True
34.69385,Miyoglobin,diagnosis_context_only,0,0,0,review_required,True,0,True
34.69461,Molibden (AAS ile),diagnosis_context_only,0,0,1,review_required,True,0,True
34.69536,MTB Rifampisin İlaç Direnç Testi (Moleküler),signals_only,0,2,1,review_required,True,2,True
34.69612,Mukopolisakkaritler (her biri),diagnosis_context_only,0,0,1,review_required,True,0,True
34.69763,Multipleks PCR ile çeşitli materyalden patojen etken identifikasyonu (7-15 etken),diagnosis_context_only,0,0,1,review_required,True,0,True
34.69914,Multipleks PCR ile çeşitli materyalden patojen etken identifikasyonu (16-100 etken),diagnosis_context_only,0,0,1,review_required,True,0,True
34.70065,Multipleks PCR ile çeşitli materyalden patojen etken identifikasyonu (100 etken üzeri),diagnosis_context_only,0,0,1,review_required,True,0,True
34.70140,Mumps (Kabakulak) Virus Real Time PCR,proposed,2,2,1,review_required,True,0,False
34.70142,Mycoplazma hominis DNA (PCR),signals_only,0,1,1,review_required,True,1,True
34.70179,Mycoplazma pneumoniae DNA (PCR),signals_only,0,1,1,review_required,True,1,True
34.70216,Mycoplasma pneumoniae IgG,diagnosis_context_only,0,0,0,review_required,True,0,True
34.70367,Mycoplasma pneumoniae IgM,diagnosis_context_only,0,0,0,review_required,True,0,True
34.70442,Myeloperoksidaz (MPO),diagnosis_context_only,0,0,1,review_required,True,0,True
34.70820,N-Asetil glukozaminidaz (NAG),diagnosis_context_only,0,0,1,review_required,True,0,True
34.70971,Nazal smear,diagnosis_context_only,0,0,1,review_required,True,0,True
34.71046,NEFA (Non Esterified Fatty Acids),diagnosis_context_only,0,0,1,review_required,True,0,True
34.71122,Neonatal TSH,diagnosis_context_only,0,0,1,review_required,True,0,True
34.71197,Neuromyelitis Optica (NMO/Anti-Aquaporin 4) IgG Antikoru,diagnosis_context_only,0,0,0,review_required,True,0,True
34.71235,Neisseria gonorrhoeae (gonokok) DNA (PCR),diagnosis_context_only,0,0,1,review_required,True,0,True
34.71273,Nikel (AAS ile),diagnosis_context_only,0,0,0,review_required,True,0,True
34.71424,Nitroblue tetrazolyum boyama testi,proposed,1,1,1,review_required,True,0,False
34.71499,NMDA Reseptör Antikoru,signals_only,0,1,1,review_required,True,1,True
34.71575,Norepinefrin,proposed,1,2,1,review_required,True,1,False
34.71726,Normetanefrin,diagnosis_context_only,0,0,1,review_required,True,0,True
34.71877,Nöron Nükleus Antikoru (Anti-Hu),diagnosis_context_only,0,0,1,review_required,True,0,True
34.72028,Nöron Nükleus Antikoru (Anti-Ri),diagnosis_context_only,0,0,1,review_required,True,0,True
34.72179,Nöron Nükleus Antikoru (Anti-Yo),diagnosis_context_only,0,0,1,review_required,True,0,True
34.72330,Nöron spesifik enolaz (NSE),diagnosis_context_only,0,0,1,review_required,True,0,True
34.72405,"Nörovirüs Antijen, PCR",diagnosis_context_only,0,0,1,review_required,True,0,True
34.72481,NTx (N-Telopeptit),diagnosis_context_only,0,0,1,review_required,True,0,True
34.72632,Nükleer matriks protein NMP 22,proposed,1,1,1,review_required,True,0,False
34.72783,Nükleotidaz 5’-,diagnosis_context_only,0,0,1,review_required,True,0,True
34.73085,"Oksalat, idrar",proposed,1,2,1,review_required,True,0,False
34.73236,Oligoklonal bant,proposed,1,2,1,review_required,True,1,False
34.73387,Orak hücre testi (sickling),diagnosis_context_only,0,0,1,review_required,True,0,True
34.73538,Organik asit profili,signals_only,0,2,1,review_required,True,2,True
34.73689,Osmolalite,diagnosis_context_only,0,0,1,review_required,True,0,True
34.73840,Osmotik frajilite,diagnosis_context_only,0,0,1,review_required,True,0,True
34.73991,Osteokalsin,diagnosis_context_only,0,0,0,review_required,True,0,True
34.74028,"Otoimmün Hepatit Paneli (Karaciğer Profili), (4 Test ; M2-3E(BPO), Sp 100 (NuclearGranula Protein), Gp 210 (Integral Protein of Nuclear), PML (PromyelocyticLeukaemia Protein)",diagnosis_context_only,0,0,1,review_required,True,0,True
34.74066,Over Antikor,signals_only,0,1,1,review_required,True,1,True
34.74293,"Pankreatik elastaz 1, dışkı",diagnosis_context_only,0,0,1,review_required,True,0,True
34.74444,"Pankreatik elastaz 1, serum",diagnosis_context_only,0,0,1,review_required,True,0,True
34.74481,Pankreatik Polipeptid (PP),diagnosis_context_only,0,0,1,review_required,True,0,True
34.74519,"Parainfluenza virus 1, 2, 3 IgA",signals_only,0,1,1,review_required,True,1,True
34.74557,Parainfluenza virus 1 IgG,signals_only,0,1,1,review_required,True,1,True
34.74576,Parainfluenza virus 2 IgG,signals_only,0,1,1,review_required,True,1,True
34.74585,Parainfluenza virus 3 IgG,signals_only,0,1,1,review_required,True,1,True
34.74595,Parakoksidioidez antikoru,diagnosis_context_only,0,0,1,review_required,True,0,True
34.74746,Parathormon (PTH),diagnosis_context_only,0,0,0,review_required,True,0,True
34.74821,Parathormon Related Peptit (PTHrP) Testi,diagnosis_context_only,0,0,1,review_required,True,0,True
34.74831,"Paraneoplazik Nörolojik Panel / Otoimmün Ensefalit Paneli, İFA yöntemi ile",proposed,1,1,1,required_any,True,0,False
34.74841,"Paraneoplazik Nörolojik Panel / Otoimmün Ensefalit Paneli, İmmünoblot yöntemi ile",proposed,1,1,1,required_any,True,0,False
34.74859,"Paraneoplastik Panel testi (3 Test; Anti-Hu, Anti-Yo, Anti-Ri)",diagnosis_context_only,0,0,1,review_required,True,0,True
34.74868,"Paraneoplastik Panel testi (5 Test; Amphiphysin, CV2, PNMA2 (Ma2/Ta), Ri, Yo and Hu)",diagnosis_context_only,0,0,1,review_required,True,0,True
34.74878,"Paraneoplastik Panel testi (12 Test; CV2, Amphiphysin, PNMA2/Ta, Hu, Yo, Ri, Recoverin, SOX1, Titin, Zic4, GAD65, DNER)",diagnosis_context_only,0,0,1,review_required,True,0,True
34.74897,Parvovirüs B 19 IgG,diagnosis_context_only,0,0,0,review_required,True,0,True
34.75048,Parvovirüs B 19 IgM,diagnosis_context_only,0,0,0,review_required,True,0,True
34.75066,Parvovirus B-19 DNA (PCR),signals_only,0,1,1,review_required,True,1,True
34.75085,Plazmodyum Antijen Testi,diagnosis_context_only,0,0,1,review_required,True,0,True
34.75104,Pepsinojen 1,diagnosis_context_only,0,0,1,review_required,True,0,True
34.75113,Pepsinojen 2,diagnosis_context_only,0,0,1,review_required,True,0,True
34.75123,PCR ile SARS etkeni,signals_only,0,3,1,review_required,True,3,True
34.75199,Periferik kan yayması (formül lökosit),proposed,1,1,1,review_required,True,0,False
34.75350,pH,diagnosis_context_only,0,0,1,review_required,True,0,True
34.75501,Pıhtı lizis zamanı,diagnosis_context_only,0,0,1,review_required,True,0,True
34.75652,Pıhtı retraksiyonu,diagnosis_context_only,0,0,1,review_required,True,0,True
34.75803,Pıhtılaşma zamanı,diagnosis_context_only,0,0,1,review_required,True,0,True
34.75954,Pirüvat,diagnosis_context_only,0,0,1,review_required,True,0,True
34.76105,Pirüvat kinaz,diagnosis_context_only,0,0,1,review_required,True,0,True
34.76256,Plazmin,diagnosis_context_only,0,0,1,review_required,True,0,True
34.76407,Plazminojen,diagnosis_context_only,0,0,1,review_required,True,0,True
34.76444,PML (Promyelocytic Leukaemia Protein),proposed,1,2,1,review_required,True,0,False
34.76482,Pnömokok Antikorları IgG,diagnosis_context_only,0,0,1,review_required,True,0,True
34.76501,Pneumocystis Carinii Real Time PCR,signals_only,0,1,1,review_required,True,1,True
34.76510,Pneumocystis Jirovecii Real Time PCR,signals_only,0,1,1,review_required,True,1,True
34.76520,Polyoma JCV ve BKV PCR,signals_only,0,1,1,review_required,True,1,True
34.76558,Porfirinler,diagnosis_context_only,0,0,1,review_required,True,0,True
34.76709,Porfobilinojen,diagnosis_context_only,0,0,1,review_required,True,0,True
34.76860,Potasyum (K),diagnosis_context_only,0,0,0,review_required,True,0,True
34.76935,PR3,diagnosis_context_only,0,0,1,review_required,True,0,True
34.77011,Prealbumin,diagnosis_context_only,0,0,1,review_required,True,0,True
34.77162,Pregnancy associated plasma protein A (PAPP-A),proposed,1,1,1,review_required,True,0,False
34.77313,Pridinolin,diagnosis_context_only,0,0,1,review_required,True,0,True
34.77388,Pristanik Asit,signals_only,0,2,1,review_required,True,2,True
34.77464,Progesteron,diagnosis_context_only,0,0,0,review_required,True,0,True
34.77615,Pro-GRP (Pro Gastrin Releasing Peptid),diagnosis_context_only,0,0,1,review_required,True,0,True
34.77766,Prokalsitonin,diagnosis_context_only,0,0,0,review_required,True,0,True
34.77917,Prokollagen,diagnosis_context_only,0,0,1,review_required,True,0,True
34.78068,Prolaktin (PRL),diagnosis_context_only,0,0,0,review_required,True,0,True
34.78219,"Prostat spesifik antijen (PSA), total",diagnosis_context_only,0,0,0,review_required,True,0,True
34.78370,"Prostat spesifik antijen (PSA), serbest",diagnosis_context_only,0,0,0,review_required,True,0,True
34.78445,Protein Binding Globulin,diagnosis_context_only,0,0,1,review_required,True,0,True
34.78521,Protein C aktivitesi,diagnosis_context_only,0,0,1,review_required,True,0,True
34.78672,"Protein C, antijen",diagnosis_context_only,0,0,1,review_required,True,0,True
34.78823,Protein elektroforezi,diagnosis_context_only,0,0,1,review_required,True,0,True
34.78974,Protein S aktivitesi,diagnosis_context_only,0,0,1,review_required,True,0,True
34.79125,"Protein S, antijen",diagnosis_context_only,0,0,1,review_required,True,0,True
34.79276,"Protein, idrar",proposed,1,2,1,review_required,True,0,False
34.79427,"Protein, total",diagnosis_context_only,0,0,1,review_required,True,0,True
34.79578,"Protoporfirin, eritrosit, kantitatif",diagnosis_context_only,0,0,1,review_required,True,0,True
34.79729,Protrombin zamanı (PZ / PT),diagnosis_context_only,0,0,0,review_required,True,0,True
34.79880,Psödokolinesteraz,diagnosis_context_only,0,0,1,review_required,True,0,True
34.80182,"Redüktan madde, dışkı",signals_only,0,1,1,review_required,True,1,True
34.80333,Renin,diagnosis_context_only,0,0,1,review_required,True,0,True
34.80484,Retikülosit sayımı,proposed,1,2,1,review_required,True,1,False
34.80635,Retinol Binding Protein (RBP),diagnosis_context_only,0,0,1,review_required,True,0,True
34.80937,"Romatoid faktör (RF), kantitatif",diagnosis_context_only,0,0,0,review_required,True,0,True
34.80974,Rickettsia Real Time PCR,proposed,2,2,1,review_required,True,0,False
34.81050,Romatoid faktör IgG,signals_only,0,1,1,review_required,True,1,True
34.81069,Romatoid faktör IgM,signals_only,0,1,1,review_required,True,1,True
34.81078,Romatoid faktör IgA,signals_only,0,1,1,review_required,True,1,True
34.81088,Rh alt grupları CDE,diagnosis_context_only,0,0,1,review_required,True,0,True
34.81239,Ristosetin kofaktör (Von Willebrand faktör aktivitesi),diagnosis_context_only,0,0,1,review_required,True,0,True
34.81390,Rivalta,signals_only,0,1,1,review_required,True,1,True
34.81541,Rose Waaler testi,signals_only,0,1,1,review_required,True,1,True
34.81692,RSV DFA,diagnosis_context_only,0,0,0,review_required,True,0,True
34.81767,RSV IgA,signals_only,0,2,1,review_required,True,2,True
34.81843,RSV IgG,diagnosis_context_only,0,0,1,review_required,True,0,True
34.81994,RSV IgM,signals_only,0,2,1,review_required,True,2,True
34.82145,"Rubella IgG, avidite",diagnosis_context_only,0,0,0,review_required,True,0,True
34.82220,Rubella (Kızamıkçık) Virus RealTime PCR,diagnosis_context_only,0,0,1,review_required,True,0,True
34.82447,S-100 protein düzeyi,diagnosis_context_only,0,0,1,review_required,True,0,True
34.82598,"Safra asitleri, total",signals_only,0,1,1,review_required,True,1,True
34.82900,Salmonella grup aglutinasyon (her biri),diagnosis_context_only,0,0,1,review_required,True,0,True
34.82975,SARS CoV-2 (Covid-19) RNA Real Time PCR Testi,diagnosis_context_only,0,0,0,review_required,True,0,True
34.83013,SARS CoV-2 (Covid-19) IgG Antikoru,diagnosis_context_only,0,0,0,review_required,True,0,True
34.83032,SARS CoV-2 (Covid-19) IgM Antikoru,diagnosis_context_only,0,0,0,review_required,True,0,True
34.83041,SARS-CoV-2 (Covid-19) Total Antikor (IgM+ IgG),diagnosis_context_only,0,0,1,review_required,True,0,True
34.83046,SARS-CoV-2 (Covid-19) Anti Spike Antikor ( IgM+ IgG),signals_only,0,1,1,review_required,True,1,True
34.83048,SARS CoV-2 (Covid-19) EliSpot Hücresel Bağışıklık Testi,signals_only,0,3,1,review_required,True,3,True
34.83049,"SARS-CoV-2 (Covid-19 Antijeni), (DFA)",diagnosis_context_only,0,0,0,review_required,True,0,True
34.83051,SCC Ag,diagnosis_context_only,0,0,1,review_required,True,0,True
34.83088,Schistosoma mansoni IgG (Bilhariozis),diagnosis_context_only,0,0,1,review_required,True,0,True
34.83126,Schistosoma mansomi IgG (Bilhariozis),diagnosis_context_only,0,0,1,review_required,True,0,True
34.83202,Sedimentasyon,diagnosis_context_only,0,0,1,review_required,True,0,True
34.83353,Seks hormonu bağlayıcı globülin (SHBG),diagnosis_context_only,0,0,0,review_required,True,0,True
34.83504,Selenyum,diagnosis_context_only,0,0,0,review_required,True,0,True
34.83655,"Selenyum, eritrosit",diagnosis_context_only,0,0,1,review_required,True,0,True
34.83806,Semende vital inceleme,diagnosis_context_only,0,0,1,review_required,True,0,True
34.83957,Serbest T3 (FT3 / serbest triiyodotironin),diagnosis_context_only,0,0,0,review_required,True,0,True
34.84108,Serbest T4 (FT4 / serbest tiroksin),diagnosis_context_only,0,0,0,review_required,True,0,True
34.84183,Serbest Kappa Lambda Hafif Zincir,diagnosis_context_only,0,0,1,review_required,True,0,True
34.84259,Serotonin,diagnosis_context_only,0,0,0,review_required,True,0,True
34.84410,Seruloplazmin,diagnosis_context_only,0,0,1,review_required,True,0,True
34.84561,Serum amiloid A protein,diagnosis_context_only,0,0,1,review_required,True,0,True
34.84712,Sialik asit,diagnosis_context_only,0,0,1,review_required,True,0,True
34.84787,Siklosporin,diagnosis_context_only,0,0,1,review_required,True,0,True
34.84825,Sirolimus,diagnosis_context_only,0,0,0,review_required,True,0,True
34.84863,Sistatin C,diagnosis_context_only,0,0,1,review_required,True,0,True
34.85014,Sistin,diagnosis_context_only,0,0,1,review_required,True,0,True
34.85165,Sitoplazmik antikor (Anti Sm),diagnosis_context_only,0,0,0,review_required,True,0,True
34.85316,"Sitrat, idrar",proposed,1,2,1,review_required,True,0,False
34.85467,SkMA IFA (Skeletal Muscle Antigens),diagnosis_context_only,0,0,1,review_required,True,0,True
34.85542,sLDL kolesterol (small-dens LDL kolesterol),diagnosis_context_only,0,0,1,review_required,True,0,True
34.85580,SLA / LP (Soluble Liver Antijen / Liver Panc. Antijen),diagnosis_context_only,0,0,1,review_required,True,0,True
34.85618,Sodyum (Na),diagnosis_context_only,0,0,0,review_required,True,0,True
34.85769,Soğuk aglutinasyon,diagnosis_context_only,0,0,0,review_required,True,0,True
34.85920,Somatomedin C (IGF-1),signals_only,0,1,1,review_required,True,1,True
34.86071,Somatotropin (Büyüme Hormonu / GH),diagnosis_context_only,0,0,0,review_required,True,0,True
34.86222,Sorbitol dehidrogenaz,diagnosis_context_only,0,0,1,review_required,True,0,True
34.86373,Sp 100 (Nuclear Granula Protein),diagnosis_context_only,0,0,1,review_required,True,0,True
34.86524,Sperm HOS testi,signals_only,0,1,1,review_required,True,1,True
34.86675,Sperm mar testi (Anti sperm antikor) direkt,diagnosis_context_only,0,0,0,review_required,True,0,True
34.86826,Sperm yıkama,diagnosis_context_only,0,0,0,review_required,True,0,True
34.86977,"Sperm yıkama, hazırlama (kanül ile)",signals_only,0,1,1,review_required,True,1,True
34.87128,"Sperm yıkama, hazırlama (kanülsüz)",signals_only,0,1,1,review_required,True,1,True
34.87279,"Spermiyogram, Kruger",diagnosis_context_only,0,0,1,review_required,True,0,True
34.87430,Spermiyogram (otomatize),diagnosis_context_only,0,0,1,review_required,True,0,True
34.87581,"Spesifik IgE (her bir alerjen), immunoblot/immunocap yöntemi ile",proposed,1,1,1,review_required,True,0,False
34.87618,"Spesifik IgE Geniş Alerjen Paneli (8-18 alerjen), immunoblot/immunocap yöntemi ile",proposed,1,1,1,review_required,True,0,False
34.87637,"Spesifik IgE Geniş Alerjen Paneli (19-29 alerjen), immunoblot/immunocap yöntemi ile",proposed,1,1,1,review_required,True,0,False
34.87646,"Spesifik IgE Geniş Alerjen Paneli (30-39 alerjen), immunoblot/immunocap yöntemi ile",proposed,1,1,1,review_required,True,0,False
34.87651,"Spesifik IgE Geniş Alerjen Paneli (40-49 alerjen), immunoblot/immunocap yöntemi ile",proposed,1,1,1,review_required,True,0,False
34.87656,"Spesifik IgE Geniş Alerjen Paneli (50 ve üzeri alerjen), immunoblot/immunocap yöntemi ile",proposed,1,1,1,review_required,True,0,False
34.87732,Sporothrix antikoru,diagnosis_context_only,0,0,1,review_required,True,0,True
34.87883,"Sterkobilinojen/sterkobilin, dışkı",diagnosis_context_only,0,0,0,review_required,True,0,True
34.87958,Strep A antijen testi,diagnosis_context_only,0,0,1,review_required,True,0,True
34.87996,Strep B antijen testi,diagnosis_context_only,0,0,1,review_required,True,0,True
34.88015,Superoksit dismutaz,diagnosis_context_only,0,0,1,review_required,True,0,True
34.88034,Sükroz hemoliz testi,diagnosis_context_only,0,0,1,review_required,True,0,True
34.88185,Sülfat,diagnosis_context_only,0,0,1,review_required,True,0,True
34.88336,Swap testi,signals_only,0,1,1,review_required,True,1,True
34.88487,"Şeker, kromotografik",diagnosis_context_only,0,0,1,review_required,True,0,True
34.88789,"T3, total",diagnosis_context_only,0,0,1,review_required,True,0,True
34.88940,Tacrolimus,diagnosis_context_only,0,0,0,review_required,True,0,True
34.89091,"Taş analizi, üriner sistem",signals_only,0,1,1,review_required,True,1,True
34.89242,TCA,signals_only,0,1,1,review_required,True,1,True
34.89317,Tenia solium IgG (Sistiserkozis),diagnosis_context_only,0,0,1,review_required,True,0,True
34.89355,"T4, total",diagnosis_context_only,0,0,1,review_required,True,0,True
34.89393,Teofilin,diagnosis_context_only,0,0,1,review_required,True,0,True
34.89544,Ter testi,signals_only,0,4,1,review_required,True,4,True
34.89695,"Testosteron, serbest",diagnosis_context_only,0,0,0,review_required,True,0,True
34.89846,"Testosteron, total",diagnosis_context_only,0,0,0,review_required,True,0,True
34.89997,Tetanoz Antikoru IgG,diagnosis_context_only,0,0,1,review_required,True,0,True
34.90072,Thiopurin Methyl Transferaz (TPMT),diagnosis_context_only,0,0,1,review_required,True,0,True
34.90148,Tiroglobulin (Tg),diagnosis_context_only,0,0,0,review_required,True,0,True
34.90299,Tiroid peroksidaz antikorları (anti-TPO),diagnosis_context_only,0,0,1,review_required,True,0,True
34.90450,Tiroid stimülan hormon (TSH),diagnosis_context_only,0,0,0,review_required,True,0,True
34.90492,Tiroid stimüle edici immunglobulin (TSI),diagnosis_context_only,0,0,0,review_required,True,0,True
34.90601,Tiroksin bağlayıcı globulin (TBG),diagnosis_context_only,0,0,0,review_required,True,0,True
34.90752,Tobramisin,diagnosis_context_only,0,0,1,review_required,True,0,True
34.90903,Toksoplasma hemaglütinasyon,diagnosis_context_only,0,0,0,review_required,True,0,True
34.91054,Toksoplasma IgA,diagnosis_context_only,0,0,1,review_required,True,0,True
34.91205,Toksoplasma IgG,diagnosis_context_only,0,0,1,review_required,True,0,True
34.91356,Toksoplasma IgM,diagnosis_context_only,0,0,1,review_required,True,0,True
34.91507,"Toksoplasma, IgG avidite",diagnosis_context_only,0,0,0,review_required,True,0,True
34.91525,Toksoplazma IgM avidite,diagnosis_context_only,0,0,1,review_required,True,0,True
34.91544,Toksoplazma gondii DNA (PCR),signals_only,0,2,1,review_required,True,2,True
34.91582,Total antioksidan kapasite,diagnosis_context_only,0,0,1,review_required,True,0,True
34.91658,Toxocara canis antikoru,diagnosis_context_only,0,0,1,review_required,True,0,True
34.91809,Transferrin,diagnosis_context_only,0,0,0,review_required,True,0,True
34.91960,Transkortin (kortizol bağlayıcı globulin),diagnosis_context_only,0,0,1,review_required,True,0,True
34.92035,Treponema pallidum IgG,signals_only,0,1,1,review_required,True,1,True
34.92111,Treponema pallidum indirekt hemaglütinasyon,diagnosis_context_only,0,0,0,review_required,True,0,True
34.92186,Trichinella spiralis IgG,diagnosis_context_only,0,0,1,review_required,True,0,True
34.92262,Trigliserid,diagnosis_context_only,0,0,0,review_required,True,0,True
34.92413,"Tripsin, dışkı",diagnosis_context_only,0,0,1,review_required,True,0,True
34.92450,Triptaz,diagnosis_context_only,0,0,0,review_required,True,0,True
34.92488,Trichomonas antijeni,diagnosis_context_only,0,0,1,review_required,True,0,True
34.92526,Trichomonas Vaginalis DNA PCR,diagnosis_context_only,0,0,1,review_required,True,0,True
34.92564,Trombin zamanı (TZ / TT),diagnosis_context_only,0,0,0,review_required,True,0,True
34.92715,Trombosit antikoru,diagnosis_context_only,0,0,1,review_required,True,0,True
34.92866,"Troponin I, T (her biri)",diagnosis_context_only,0,0,1,review_required,True,0,True
34.93017,TSH reseptör antikoru,diagnosis_context_only,0,0,1,review_required,True,0,True
34.93168,Tubuler fosfor reabsorbsiyonu (TRF) serum+idrar,proposed,1,2,1,review_required,True,1,False
34.93243,Tüberküloz IGRA Test (T-SPOT.TB veya Quantiferon),diagnosis_context_only,0,0,1,review_required,True,0,True
34.93319,Tüberküloz kültürü (MGIT),diagnosis_context_only,0,0,1,required_any,False,0,True
34.93394,Tüberküloz PCR,proposed,1,3,1,review_required,True,1,False
34.93470,Tümör M2-PK,diagnosis_context_only,0,0,1,required_any,True,0,True
34.93772,Üropepsinojen,diagnosis_context_only,0,0,1,review_required,True,0,True
34.93923,Üre nefes testi,signals_only,0,1,1,review_required,True,1,True
34.94074,"Üre nitrojeni, kan (BUN)",diagnosis_context_only,0,0,0,review_required,True,0,True
34.94225,"Üre nitrojeni, klirens (maksimal veya standart)",diagnosis_context_only,0,0,1,review_required,True,0,True
34.94300,Ureoplazma urealyticum DNA (PCR),proposed,2,2,1,review_required,True,0,False
34.94376,Ürik asit,diagnosis_context_only,0,0,0,review_required,True,0,True
34.94527,Ürobilinojen,diagnosis_context_only,0,0,1,review_required,True,0,True
34.94678,Üroporfirin,diagnosis_context_only,0,0,1,review_required,True,0,True
34.94753,Uyuşturucu test paneli,diagnosis_context_only,0,0,1,review_required,True,0,True
34.94904,Valproik asit,diagnosis_context_only,0,0,1,review_required,True,0,True
34.94980,"Vanil mandelik asit (VMA), spot/24 saatlik idrarda",diagnosis_context_only,0,0,0,review_required,True,0,True
34.95131,Vankomisin,diagnosis_context_only,0,0,1,review_required,True,0,True
34.95206,Varicella zoster IgA,diagnosis_context_only,0,0,1,review_required,True,0,True
34.95282,Varicella zoster IgG,diagnosis_context_only,0,0,0,review_required,True,0,True
34.95433,Varicella zoster IgM,diagnosis_context_only,0,0,0,review_required,True,0,True
34.95508,VZV PCR,signals_only,0,1,1,review_required,True,1,True
34.95584,Vasoaktif intestinal polipeptit (VIP),diagnosis_context_only,0,0,1,review_required,True,0,True
34.95735,"VDRL, kalitatif",diagnosis_context_only,0,0,0,review_required,True,0,True
34.95886,"VDRL, kantitatif",diagnosis_context_only,0,0,0,review_required,True,0,True
34.96037,Vigabatrin,diagnosis_context_only,0,0,1,review_required,True,0,True
34.96188,Vitamin A (retinol),diagnosis_context_only,0,0,0,review_required,True,0,True
34.96339,Vitamin B1 (tiamin),diagnosis_context_only,0,0,1,review_required,True,0,True
34.96490,Vitamin B12,diagnosis_context_only,0,0,0,review_required,True,0,True
34.96641,Vitamin B2 (riboflavin),diagnosis_context_only,0,0,1,review_required,True,0,True
34.96792,Vitamin B6 (pridoksin),diagnosis_context_only,0,0,1,review_required,True,0,True
34.96943,Vitamin C,diagnosis_context_only,0,0,0,review_required,True,0,True
34.97094,Vitamin D (25-Hidroksi vitamin D),diagnosis_context_only,0,0,1,review_required,True,0,True
34.97245,Vitamin D (25-Hidroksi vitamin D) (LCMSMS),diagnosis_context_only,0,0,1,review_required,True,0,True
34.97396,"Vitamin D (1,25-Dihidroksi vitamin D)",diagnosis_context_only,0,0,1,review_required,True,0,True
34.97471,"Vitamin D (1,25-Dihidroksi vitamin D) (LCMSMS)",diagnosis_context_only,0,0,1,review_required,True,0,True
34.97509,Vitamin D2 (Ergokalsiferol),diagnosis_context_only,0,0,1,review_required,True,0,True
34.97547,Vitamin E,diagnosis_context_only,0,0,0,review_required,True,0,True
34.97698,Vitamin H (Biotin),diagnosis_context_only,0,0,1,review_required,True,0,True
34.97849,Vitamin K,diagnosis_context_only,0,0,1,review_required,True,0,True
34.97924,Vitamin K2,diagnosis_context_only,0,0,1,review_required,True,0,True
34.98000,Vitamin-PP (Nikotinamid),diagnosis_context_only,0,0,1,review_required,True,0,True
34.98151,VLDL kolesterol,diagnosis_context_only,0,0,1,review_required,True,0,True
34.98302,Von Willebrand faktör,diagnosis_context_only,0,0,0,review_required,True,0,True
34.98604,Weil Felix,diagnosis_context_only,0,0,0,review_required,True,0,True
34.98906,"Wright (Brucella aglutinasyon, tüp)",diagnosis_context_only,0,0,1,review_required,True,0,True
34.99208,Yağ absorbsiyonu,diagnosis_context_only,0,0,1,review_required,True,0,True
34.99359,Yenidoğan metabolik tarama testi,diagnosis_context_only,0,0,1,review_required,True,0,True
34.99679,Yersinia IgA,diagnosis_context_only,0,0,1,review_required,True,0,True
34.99839,Yersinia IgG,diagnosis_context_only,0,0,1,review_required,True,0,True
34.99919,Yersinia IgM,diagnosis_context_only,0,0,1,review_required,True,0,True
34.99959,Zika Virus IgG,diagnosis_context_only,0,0,1,review_required,True,0,True
34.99979,Zika Virus IgM,signals_only,0,1,1,review_required,True,1,True
34.99989,Zika Virus PCR,diagnosis_context_only,0,0,1,review_required,True,0,True
